# 1-d slice in y-direction, file: /shared/solver_ab/run_jetfix/plot/plt09935
# time =               0.0018
#                       y                  Density
   3.9062500000000001e-05       2.0339572169132039
             0.0001171875       2.0327988923458924
   0.00019531250000000001       2.0308013971252437
   0.00027343750000000003       2.0279177601469369
   0.00035156249999999999       2.0241411376999068
             0.0004296875       2.0194793725082207
   0.00050781250000000002        2.013943955624077
   0.00058593749999999998       2.0075475626033819
   0.00066406250000000005       2.0003049385129046
   0.00074218750000000001       1.9922341230713003
   0.00082031249999999997       1.9833569149025903
   0.00089843750000000004       1.9736985158149529
             0.0009765625       1.9632866872966066
    0.0010546875000000001       1.9521507799022069
    0.0011328124999999999       1.9403208674066927
             0.0012109375       1.9278270771336603
    0.0012890625000000001       1.9146991241339582
    0.0013671875000000001       1.9009660269280975
             0.0014453125       1.8866559774678888
    0.0015234375000000001       1.8717963378635762
    0.0016015625000000001        1.856413735367904
             0.0016796875       1.8405342256119337
             0.0017578125        1.824183493531516
    0.0018359375000000001       1.8073870626427637
             0.0019140625       1.7901704866221837
             0.0019921875       1.7725595023815659
    0.0020703125000000001       1.7545801304836288
    0.0021484375000000002       1.7362587160597402
    0.0022265625000000002       1.7176219105127222
    0.0023046874999999999       1.6986966004199602
    0.0023828124999999999       1.6795097945863535
             0.0024609375       1.6600884828039966
    0.0025390625000000001       1.6404594805282413
    0.0026171875000000002       1.6206492726220703
    0.0026953125000000002       1.6006838669995209
    0.0027734374999999999        1.580588665951532
    0.0028515624999999999       1.5603883596853034
             0.0029296875       1.5401068435908496
    0.0030078125000000001       1.5197671582818386
    0.0030859375000000001       1.4993914497146013
    0.0031640625000000002       1.4790009457044573
    0.0032421875000000003       1.4586159448592186
    0.0033203124999999999       1.4382558141913839
             0.0033984375       1.4179389922756882
    0.0034765625000000001       1.3976829956086307
    0.0035546875000000001       1.3775044266455312
    0.0036328125000000002       1.3574189827226459
    0.0037109375000000003       1.3374414656430826
    0.0037890624999999999       1.3175857920892955
             0.0038671875       1.2978650052286991
             0.0039453125       1.2782912879286894
    0.0040234375000000001       1.2588759779356347
    0.0041015625000000002       1.2396295852454706
    0.0041796875000000002       1.2205618117415398
    0.0042578125000000003       1.2016815730292356
    0.0043359375000000004       1.1829970222765065
    0.0044140625000000005       1.1645155757844765
    0.0044921875000000005       1.1462439399640245
    0.0045703124999999997       1.1281881393812527
    0.0046484374999999998       1.1103535455510916
    0.0047265624999999999       1.0927449061824344
    0.0048046874999999999       1.0753663746142887
             0.0048828125       1.0582215392379186
    0.0049609375000000001       1.0413134527426067
    0.0050390625000000001       1.0246446610436706
    0.0051171875000000002       1.0082172317573797
    0.0051953125000000003      0.99203278211571089
    0.0052734375000000003      0.97609250621678045
    0.0053515625000000004      0.96039720157918607
    0.0054296875000000005      0.94494729504232244
    0.0055078124999999997      0.92974286812622564
    0.0055859374999999998      0.91478368194730897
    0.0056640624999999998      0.90006920170087568
    0.0057421874999999999      0.88559862043667736
             0.0058203125      0.87137088169071375
             0.0058984375      0.85738470024311164
    0.0059765625000000001      0.84363858050868079
    0.0060546875000000002      0.83013083212736138
    0.0061328125000000002      0.81685958529500191
    0.0062109375000000003      0.80382280676715923
    0.0062890625000000004      0.79101831487173713
    0.0063671875000000005      0.77844380611390707
    0.0064453125000000005      0.76609693349651942
    0.0065234374999999997      0.75397529323572765
    0.0066015624999999998      0.74207618229656891
    0.0066796874999999999      0.73039706638319879
    0.0067578124999999999      0.71893586071469551
             0.0068359375      0.70769029784644411
    0.0069140625000000001      0.69665771776248764
    0.0069921875000000001      0.68583526361024794
    0.0070703125000000002      0.67522007894011826
    0.0071484375000000003      0.66480934280088833
    0.0072265625000000003      0.65460006538162985
    0.0073046875000000004      0.64458890676271929
    0.0073828125000000005      0.63477194994394726
    0.0074609375000000006      0.62514497064407959
    0.0075390624999999998      0.61570397876599392
    0.0076171874999999998      0.60644620222819523
    0.0076953124999999999      0.59736978556671028
             0.0077734375      0.58847450815699354
    0.0078515625000000009        0.579760246510022
     0.007929687500000001      0.57122926065273272
    0.0080078124999999993      0.56288136312021875
    0.0080859374999999994      0.55471981694512262
    0.0081640624999999994      0.54673887888733241
    0.0082421874999999995      0.53894583879376501
    0.0083203124999999996       0.5313320434470169
    0.0083984374999999997      0.52393961000532563
    0.0084765624999999997      0.51678168041641381
    0.0085546874999999998      0.51006572805281025
    0.0086328124999999999      0.50383747302639548
    0.0087109374999999999       0.4986489382746816
             0.0087890625      0.49446342165515378
    0.0088671875000000001      0.48957588110555411
    0.0089453125000000001      0.48155341421981723
    0.0090234375000000002      0.47244684949859272
    0.0091015625000000003      0.45284686524408541
    0.0091796875000000003      0.43588477243374785
    0.0092578125000000004      0.49095606941143016
    0.0093359375000000005      0.71552640948019808
    0.0094140625000000006       1.1159352517184584
    0.0094921875000000006       1.4749234155584281
    0.0095703125000000007       1.6271718178657157
    0.0096484375000000008       1.6109691385352209
    0.0097265625000000008       1.5590490186642021
    0.0098046875000000009       1.5224887112504411
     0.009882812500000001        1.500598901976324
     0.009960937500000001       1.4873360295636469
     0.010039062499999999       1.4924196527023643
     0.010117187499999999       1.5131600749361587
             0.0101953125       1.5465047764962947
             0.0102734375       1.5903991300548563
             0.0103515625       1.6423225311381808
             0.0104296875       1.6988308690821481
             0.0105078125       1.7431613542156708
             0.0105859375       1.7591643503649721
             0.0106640625       1.7534541076468313
             0.0107421875       1.7396381036643738
             0.0108203125       1.7272356786273568
             0.0108984375       1.7212473806431674
             0.0109765625       1.7196107490751698
             0.0110546875       1.7205994845602919
             0.0111328125       1.7231929702983741
             0.0112109375       1.7263454992751772
             0.0112890625       1.7299885439505174
     0.011367187500000001       1.7351849190014517
     0.011445312500000001       1.7443263206592974
     0.011523437500000001       1.7576593540108594
     0.011601562500000001       1.7691651477792649
     0.011679687500000001        1.776557144064415
     0.011757812500000001       1.7819638186236013
     0.011835937500000001       1.7917395615256178
     0.011914062500000001       1.8178744983860948
     0.011992187500000001        1.867044605196152
     0.012070312499999999       1.9310242505533441
             0.0121484375        1.997817979398276
             0.0122265625       2.0643615880108603
             0.0123046875       2.1106683042927523
             0.0123828125        2.123124028338617
             0.0124609375       2.0991934259221421
             0.0125390625       2.0495042883108758
             0.0126171875       1.9912170125795488
             0.0126953125       1.9303479613621288
             0.0127734375       1.8865007887064811
             0.0128515625       1.8662947005679553
             0.0129296875       1.8658868299388498
             0.0130078125       1.8756757067997281
             0.0130859375       1.8857155866674107
             0.0131640625       1.8875823375525131
             0.0132421875       1.8747953179058636
     0.013320312500000001       1.8506170767390175
     0.013398437500000001       1.8249944507865441
     0.013476562500000001       1.8030415067675496
     0.013554687500000001       1.7856026587430116
     0.013632812500000001       1.7731124241874447
     0.013710937500000001       1.7643983567169952
     0.013789062500000001       1.7588092443103995
     0.013867187500000001       1.7552979757250589
     0.013945312500000001       1.7526954415432394
     0.014023437499999999       1.7499389716720632
             0.0141015625       1.7462688995346374
             0.0141796875        1.741392200511537
             0.0142578125       1.7357088548702599
             0.0143359375        1.730224317818146
             0.0144140625       1.7257706677555993
             0.0144921875       1.7223766637479125
             0.0145703125       1.7172164545449644
             0.0146484375       1.7064819519141148
             0.0147265625       1.6913712386271027
             0.0148046875       1.6784029411901005
             0.0148828125       1.6968488596681728
             0.0149609375       1.7936289914528059
             0.0150390625       1.9415807863563084
             0.0151171875       2.0490155869130184
             0.0151953125       2.0451011120945979
     0.015273437500000001       1.9717653918681524
     0.015351562500000001       1.8841488120133207
     0.015429687500000001       1.8092583055216658
     0.015507812500000001       1.7470613784685087
     0.015585937500000001       1.7003658321450437
     0.015664062499999999       1.6649558622491125
     0.015742187500000001        1.632549003113509
     0.015820312499999999       1.6023001172246238
     0.015898437500000001       1.5735727156141397
     0.015976562499999999       1.5450515702095016
     0.016054687500000001       1.5168321694915363
             0.0161328125       1.4898110612831297
     0.016210937500000001       1.4646697483929416
             0.0162890625       1.4404924437798272
     0.016367187500000002       1.4175448687394976
             0.0164453125       1.3964695142022152
     0.016523437500000002       1.3772013451721075
             0.0166015625       1.3591540928419559
     0.016679687500000002       1.3420384174633522
             0.0167578125       1.3255242603656023
     0.016835937500000002       1.3093295027963328
             0.0169140625       1.2934171031217847
     0.016992187500000002       1.2780220909206792
             0.0170703125       1.2634256824266532
     0.017148437499999999       1.2498469500055687
     0.017226562500000001       1.2371717806744378
     0.017304687499999999       1.2253898793625215
     0.017382812500000001       1.2144704883172976
     0.017460937499999999       1.2042690461067871
     0.017539062500000001        1.194598827123855
     0.017617187499999999       1.1855014764158402
     0.017695312500000001        1.177068467453056
     0.017773437499999999       1.1693594530996041
     0.017851562500000001       1.1614574114008593
     0.017929687499999999       1.1527945125302723
     0.018007812500000001       1.1440875530633026
             0.0180859375       1.1360548329200144
     0.018164062500000001       1.1286295759958256
             0.0182421875       1.1214892121284128
     0.018320312500000002       1.1140646287841396
             0.0183984375       1.1045803182913465
     0.018476562500000002       1.0948241591778303
             0.0185546875        1.086705424374786
     0.018632812500000002       1.0799538639166741
             0.0187109375       1.0734993008834626
     0.018789062500000002       1.0670720652196513
             0.0188671875       1.0612498889358657
     0.018945312500000002       1.0561855706408454
             0.0190234375       1.0517772295217445
     0.019101562499999999       1.0480409160587543
     0.019179687500000001       1.0447301214106148
     0.019257812499999999       1.0414467776629386
     0.019335937500000001       1.0380210788693638
     0.019414062499999999       1.0344050361921053
     0.019492187500000001       1.0304421419371979
     0.019570312499999999       1.0263604641216719
     0.019648437500000001       1.0218635634573152
     0.019726562499999999       1.0173697952544627
     0.019804687500000001       1.0128072007739968
     0.019882812499999999       1.0085139910719185
     0.019960937500000001       1.0040278492641761
             0.0200390625      0.99978141951295008
     0.020117187500000001      0.99456373367183137
             0.0201953125       0.9885474392194189
     0.020273437500000002       0.9805509633118803
             0.0203515625        0.973831926732038
     0.020429687500000002      0.96877976077267913
             0.0205078125      0.96420649520057122
     0.020585937500000002      0.95935266872401315
             0.0206640625      0.95399718430904579
     0.020742187500000002      0.94808643751669996
             0.0208203125      0.94157956413260591
     0.020898437500000002      0.93443639758242691
             0.0209765625      0.92663350413569545
     0.021054687499999999      0.91818172079793636
     0.021132812500000001      0.90914103011094971
     0.021210937499999999      0.89962166914381447
     0.021289062500000001      0.88974631458845899
     0.021367187499999999      0.87965277107043793
     0.021445312500000001       0.8695132307543999
     0.021523437499999999      0.85947285408517993
     0.021601562500000001        0.849584775253314
     0.021679687499999999      0.83984231786675978
     0.021757812500000001      0.83025568714041942
     0.021835937499999999      0.82098955716635114
     0.021914062500000001      0.81169883374192042
             0.0219921875      0.80293743107490523
     0.022070312500000001      0.79408829786749979
             0.0221484375      0.78500859656201494
     0.022226562500000002      0.77579347541661392
             0.0223046875      0.78158560205447336
     0.022382812500000002      0.97036879012157795
             0.0224609375       1.4810571475697152
     0.022539062500000002       1.7319661259805599
             0.0226171875       1.7521933571358035
     0.022695312500000002       1.7425947992775543
             0.0227734375        1.719993404094927
     0.022851562500000002       1.6755040388301878
             0.0229296875       1.6140484108622217
     0.023007812499999999       1.5688000687480885
     0.023085937500000001       1.5655211102146636
     0.023164062499999999       1.5909048081581028
     0.023242187500000001       1.6232926281372062
     0.023320312499999999       1.6520419834252484
     0.023398437500000001       1.6772617981453792
     0.023476562499999999       1.7021594451436401
     0.023554687500000001        1.728221040986992
     0.023632812499999999       1.7537584408797442
     0.023710937500000001       1.7780066621437629
     0.023789062499999999       1.7998284056389069
     0.023867187500000001       1.8199037831133418
             0.0239453125       1.8381925317872381
     0.024023437500000001       1.8554350976441025
             0.0241015625       1.8742356042873218
     0.024179687500000002       1.8904731167777116
             0.0242578125       1.9048835009259699
     0.024335937500000002       1.9153386081964661
             0.0244140625       1.9220942427701888
     0.024492187500000002       1.9287850438032184
             0.0245703125       1.9348839485181846
     0.024648437500000002       1.9379171891444498
             0.0247265625       1.9393004202803443
     0.024804687500000002       1.9384936647778608
             0.0248828125       1.9371332917516744
     0.024960937500000002       1.9363391129102143
     0.025039062500000001       1.9358530629196453
     0.025117187499999999       1.9340905935286794
     0.025195312500000001       1.9296022142116303
     0.025273437499999999        1.921991387230759
     0.025351562500000001       1.9111346039444197
     0.025429687499999999       1.8996756268827881
     0.025507812500000001       1.8891499859693575
     0.025585937499999999       1.8796860184361448
     0.025664062500000001       1.8707773632869207
     0.025742187499999999       1.8615202296938433
     0.025820312500000001       1.8510443061875661
             0.0258984375       1.8390555445751451
     0.025976562500000001       1.8255769683225427
             0.0260546875       1.8108403827845629
     0.026132812500000002       1.7952970934889652
             0.0262109375       1.7788877987361555
     0.026289062500000002       1.7623147720270602
             0.0263671875       1.7456977423478193
     0.026445312500000002       1.7289485481542961
             0.0265234375       1.7122939179487706
     0.026601562500000002        1.696036142105531
             0.0266796875       1.6803223706696395
     0.026757812500000002        1.665644281131154
             0.0268359375       1.6511954031613629
     0.026914062500000002        1.637263427571279
     0.026992187500000001       1.6226473494982869
     0.027070312499999999       1.6072236802348845
     0.027148437500000001       1.5920852525635625
     0.027226562499999999        1.579599753506107
     0.027304687500000001       1.5722478365918997
     0.027382812499999999       1.5698925489949698
     0.027460937500000001        1.568962986668899
     0.027539062499999999       1.5647519067384255
     0.027617187500000001       1.5549450062012622
     0.027695312499999999       1.5422539591977906
     0.027773437500000001       1.5314803604431348
             0.0278515625       1.5234678756753852
     0.027929687500000001       1.5132298654391891
             0.0280078125       1.4992113912559792
     0.028085937500000002       1.4982244466097592
             0.0281640625       1.5695499126370023
     0.028242187500000002       1.7345213634320125
             0.0283203125       1.8328262953900212
     0.028398437500000002       1.8181118943451235
             0.0284765625       1.7590807690470918
     0.028554687500000002       1.6959193018009064
             0.0286328125       1.6467339219130985
     0.028710937500000002       1.6101231948820445
             0.0287890625       1.5732433159299968
     0.028867187500000002       1.5318173215188806
     0.028945312500000001       1.4885092970201899
     0.029023437499999999       1.4475578285584758
     0.029101562500000001       1.4118876999969872
     0.029179687499999999       1.3832698918192108
     0.029257812500000001       1.3595880115945036
     0.029335937499999999       1.3393013304930854
     0.029414062500000001       1.3203322753581295
     0.029492187499999999        1.301410368594583
     0.029570312500000001       1.2830689892145142
     0.029648437499999999       1.2664038448944961
     0.029726562500000001       1.2523538518364561
             0.0298046875       1.2412513398781748
     0.029882812500000001        1.234677961320207
             0.0299609375       1.2359571772841291
     0.030039062500000002       1.2473922588005653
             0.0301171875       1.2662302213896213
     0.030195312500000002        1.284568591761587
             0.0302734375       1.2946172319667291
     0.030351562500000002       1.2940795643467327
             0.0304296875         1.28588990856807
     0.030507812500000002       1.2743068727364133
             0.0305859375       1.2629135279786197
     0.030664062500000002       1.2542143239253369
             0.0307421875       1.2505452886784043
     0.030820312500000002       1.2538909213680236
     0.030898437500000001       1.2633950993302043
     0.030976562500000002       1.2766562770735437
     0.031054687500000001       1.2885465832239189
     0.031132812499999999       1.2943654399397613
     0.031210937500000001       1.2926825268675981
     0.031289062499999999       1.2881452159699123
     0.031367187499999998       1.2855458967174493
     0.031445312500000003       1.2871649746983944
     0.031523437500000001       1.2935665033919568
     0.031601562499999999       1.3020717454084116
     0.031679687499999998       1.3100548867473634
     0.031757812500000003       1.3167582948307612
     0.031835937500000001       1.3240862271805021
             0.0319140625       1.3345932354317482
     0.031992187499999998       1.3485912914435858
     0.032070312500000003       1.3618335629132587
     0.032148437500000002       1.3681434918233193
             0.0322265625       1.3607600997411584
     0.032304687499999998       1.3372742272728217
     0.032382812500000004       1.3005860749638189
     0.032460937500000002       1.2638076818499009
             0.0325390625       1.2385020594294667
     0.032617187499999999       1.2292512167435143
     0.032695312500000004       1.2329746079968986
     0.032773437500000002        1.242088908980312
     0.032851562500000001       1.2489537035197069
     0.032929687499999999       1.2504725404303032
     0.033007812499999997       1.2468432887684027
     0.033085937500000002       1.2384381250330632
     0.033164062500000001       1.2257967245668233
     0.033242187499999999       1.2114706533101198
     0.033320312499999998       1.2001931038105711
     0.033398437500000003       1.1960389024418441
     0.033476562500000001       1.1992983963726587
     0.033554687499999999       1.2067666859587849
     0.033632812499999998       1.2157364714498136
     0.033710937500000003       1.2244614675015981
     0.033789062500000001       1.2321578625221503
             0.0338671875       1.2386489824453195
     0.033945312499999998       1.2439443356844908
     0.034023437500000003       1.2482365165469043
     0.034101562500000002       1.2520983236419745
             0.0341796875       1.2558717319442538
     0.034257812499999998       1.2598385579101261
     0.034335937500000004       1.2642169783448685
     0.034414062500000002       1.2687917694660757
             0.0344921875       1.2737058364656357
     0.034570312499999999       1.2789428286270002
     0.034648437500000004       1.2840802719450299
     0.034726562500000002       1.2887546786483703
     0.034804687500000001       1.2926911448464837
     0.034882812499999999        1.295685568026842
     0.034960937500000004       1.2976240190707489
     0.035039062500000002       1.2984684517974081
     0.035117187500000001       1.2981919210799824
     0.035195312499999999       1.2967204003643538
     0.035273437499999998       1.2939348165952538
     0.035351562500000003        1.289746717967613
     0.035429687500000001       1.2841788669748671
     0.035507812499999999       1.2774229911644264
     0.035585937499999998       1.2696968798235497
     0.035664062500000003       1.2617128245878804
     0.035742187500000001       1.2540707769052495
             0.0358203125        1.246687527722407
     0.035898437499999998       1.2395125821832029
     0.035976562500000003        1.233479941356711
     0.036054687500000002        1.228694799775689
             0.0361328125       1.2239932160444538
     0.036210937499999998       1.2184052686159064
     0.036289062500000004       1.2100994734802781
     0.036367187500000002       1.1984911667934972
             0.0364453125       1.1822822045318608
     0.036523437499999999       1.1624909738909228
     0.036601562500000004       1.1418936873367862
     0.036679687500000002       1.1230687305289939
     0.036757812500000001       1.1087080033835797
     0.036835937499999999       1.1002973140445991
     0.036914062500000004       1.0978192445718855
     0.036992187500000002       1.0995910304407019
     0.037070312500000001       1.1038694369019315
     0.037148437499999999       1.1088409296762705
     0.037226562499999998         1.11374080009248
     0.037304687500000003       1.1180968046704096
     0.037382812500000001       1.1194517963729089
     0.037460937499999999       1.1178882562661483
     0.037578125000000004       1.1449105780760538
     0.037734375000000001       1.1544216830819689
     0.037890625000000004       1.1531783579758974
     0.038046875000000001       1.1463324601220957
     0.038203124999999998       1.1360978016448453
     0.038359375000000001       1.1224602737368454
     0.038515624999999998       1.1055628337757533
     0.038671875000000001       1.0867995932596644
     0.038828124999999998       1.0676302226501109
     0.038984375000000002       1.0484774971339077
     0.039140624999999998       1.0289344142604691
     0.039296875000000002       1.0087501324756454
     0.039453124999999999        0.988067814661855
     0.039609375000000002      0.96628094796647446
     0.039765624999999999      0.94257635981684684
     0.039921875000000002      0.92004780830084831
             0.0400390625      0.91054933125807025
     0.040117187499999998      0.90072011699068366
     0.040195312500000004      0.88788462281979508
     0.040273437500000002      0.87369294961521493
             0.0403515625      0.86083102362622865
     0.040429687499999999      0.85046574614816983
     0.040507812500000004      0.84101808713592807
     0.040585937500000002      0.83097175413809354
     0.040664062500000001      0.81993818080411851
     0.040742187499999999      0.80816088000835073
     0.040820312500000004      0.79623714649138677
     0.040898437500000002      0.78498684021549381
     0.040976562500000001      0.77519504798097683
     0.041054687499999999      0.76704630539393237
     0.041132812499999998      0.75941169999677893
     0.041210937500000003      0.75177585954280557
     0.041289062500000001      0.74537029393471943
     0.041367187499999999      0.75123952546109585
     0.041445312499999998      0.82879888980114547
     0.041523437500000003       1.0182586159162268
     0.041601562500000001       1.1537655879024928
             0.0416796875       1.1966689208634307
     0.041757812499999998       1.2148984247474459
     0.041835937500000003       1.2323532572116473
     0.041914062500000002        1.250061150199715
             0.0419921875       1.2682459263240775
     0.042070312499999998       1.2874696391073566
     0.042148437500000004       1.3053425705287676
     0.042226562500000002       1.3171081017080069
             0.0423046875       1.3186832035922218
     0.042382812499999999       1.3111945040491397
     0.042460937500000004       1.2991785929672832
     0.042539062500000002       1.2882118887758716
     0.042617187500000001       1.2827316171554948
     0.042695312499999999       1.2835186927368836
     0.042773437500000004       1.2893386380260359
     0.042851562500000002       1.2999779292464424
     0.042929687500000001       1.3152561578212534
     0.043007812499999999       1.3323973661815098
     0.043085937499999998       1.3469917076347258
     0.043164062500000003       1.3556446364435542
     0.043242187500000001       1.3584437193419547
     0.043320312499999999       1.3586507208431526
     0.043398437499999998        1.360597011855049
     0.043476562500000003       1.3680664979692925
     0.043554687500000001       1.3832060801332016
             0.0436328125       1.4034247745548782
     0.043710937499999998       1.4220987253730386
     0.043789062500000003       1.4355196666834269
     0.043867187500000002       1.4463863207918342
             0.0439453125       1.4588992013783586
     0.044023437499999998       1.4797946624444442
     0.044101562500000004       1.5102474406524691
     0.044179687500000002       1.5427891935226496
             0.0442578125       1.5708269174744416
     0.044335937499999999       1.5937091539194321
     0.044414062500000004       1.6126688035751313
     0.044492187500000002        1.627555564676358
     0.044570312500000001       1.6382049327785617
     0.044648437499999999        1.646097927576645
     0.044726562500000004       1.6537293975452301
     0.044804687500000002       1.6625545463556881
     0.044882812500000001       1.6729386140475084
     0.044960937499999999       1.6827808244044671
     0.045078125000000004       1.6943327170321805
              0.045234375        1.708511541950448
     0.045390625000000004       1.7229573799622988
     0.045546875000000001       1.7384433686978247
     0.045703125000000004       1.7514643630496785
     0.045859375000000001       1.7594815849388539
     0.046015624999999998       1.7660966057538325
     0.046171875000000001        1.775609164947566
     0.046328124999999998       1.7940389779988879
     0.046484375000000001       1.8219149315044056
     0.046640624999999998       1.8507113918161393
     0.046796875000000002        1.864578534255255
     0.046953124999999998       1.8530271831413019
     0.047109375000000002       1.8272932056145113
     0.047265624999999999       1.8048720049034876
     0.047421875000000002         1.79700198952529
     0.047578124999999999        1.810609355804313
     0.047734375000000002       1.8370710747603678
     0.047890624999999999       1.8597811558141923
     0.048046875000000003       1.8620995803261522
     0.048203124999999999       1.8372527113175992
     0.048359375000000003       1.7984975546821194
              0.048515625       1.7638604202862962
     0.048671875000000003       1.7396870177758825
              0.048828125       1.7209981010967974
     0.048984375000000004       1.7036401300127244
              0.049140625       1.6883978440971221
     0.049296875000000004       1.6799071857802022
     0.049453125000000001       1.6802428548473052
     0.049609375000000004       1.6893191020503076
     0.049765625000000001       1.7035283371852445
     0.049921875000000004       1.7192173689880337
     0.050078125000000001       1.7312463601989978
     0.050234374999999998       1.7379850813126423
     0.050390625000000001        1.739086448178127
     0.050546874999999998       1.7358102946524834
     0.050703125000000002       1.7308701190493794
     0.050859374999999998       1.7268687767610649
     0.051015625000000002       1.7248743094067751
     0.051171874999999999       1.7246705929272943
     0.051328125000000002        1.725567373055555
     0.051484374999999999       1.7271469562054083
     0.051640625000000002       1.7296089889427086
     0.051796874999999999       1.7336531112387887
     0.051953125000000003       1.7397103695278833
     0.052109374999999999       1.7484806531800232
     0.052265625000000003       1.7577076188622973
              0.052421875       1.7719697744790583
     0.052539062500000004       1.7859042426031571
     0.052617187500000002       1.7889237200180157
     0.052695312500000001       1.7890526428529367
     0.052773437499999999       1.7912141691892969
     0.052851562500000004       1.7941302968257362
     0.052929687500000003       1.7959025688134449
     0.053007812500000001       1.7955510270328545
     0.053085937499999999       1.7935262238462713
     0.053164062499999998        1.791202113006007
     0.053242187500000003       1.7891837778793021
     0.053320312500000001        1.786725221602302
             0.0533984375       1.7826974847773132
     0.053476562499999998       1.7770529023365615
     0.053554687500000003       1.7710188904562847
     0.053632812500000002       1.7657224293191642
             0.0537109375       1.7609457741929295
     0.053789062499999998       1.7554777121731449
     0.053867187500000004        1.748658887735935
     0.053945312500000002        1.741351973899891
             0.0540234375       1.7343638350989576
     0.054101562499999999       1.7277364121414052
     0.054179687500000004       1.7209065203171858
     0.054257812500000002       1.7137690399726908
     0.054335937500000001       1.7070857978019938
     0.054414062499999999       1.7005601895689197
     0.054492187500000004       1.6932028865337732
     0.054570312500000002       1.6859201503208163
     0.054648437500000001       1.6796977447118726
     0.054726562499999999       1.6734821842782508
     0.054804687500000004       1.6666929602123137
     0.054882812500000003         1.66078854285893
     0.054960937500000001       1.6570806505213891
     0.055039062499999999       1.6539647187754474
     0.055117187499999998       1.6483500231991692
     0.055195312500000003        1.639781677904441
     0.055273437500000001       1.6300482877714702
             0.0553515625       1.6220522192679534
     0.055429687499999998       1.6154801880408549
     0.055507812500000003       1.6080909097769431
     0.055585937500000002         1.59942940626254
             0.0556640625       1.5909966328493643
     0.055742187499999998       1.5840720095118743
     0.055820312500000004       1.5784607706845699
     0.055898437500000002       1.5732013149824833
             0.0559765625       1.5674471295492429
     0.056054687499999999       1.5606341682491653
     0.056132812500000004       1.5524913334533348
     0.056210937500000002       1.5430848482421942
     0.056289062500000001       1.5327114689183914
     0.056367187499999999       1.5216395766657727
     0.056445312500000004       1.5098136198029559
     0.056523437500000002       1.4969673294455579
     0.056601562500000001       1.4834465083500774
     0.056679687499999999       1.4705537443691263
     0.056757812500000004       1.4595782463558182
     0.056835937500000003       1.4504423428972655
     0.056914062500000001       1.4416277155077521
     0.056992187499999999       1.4315353979671837
     0.057070312499999998        1.419825806028312
     0.057148437500000003       1.4072771726535032
     0.057226562500000001       1.3944909292979575
             0.0573046875       1.3817178012419156
     0.057382812499999998       1.3687570245397587
     0.057460937500000003       1.3552314646383143
     0.057539062500000002       1.3411027708929302
             0.0576171875       1.3266705624579456
     0.057695312499999998       1.3122618475645036
     0.057773437500000004       1.2979327050560039
     0.057851562500000002       1.2834426694650185
             0.0579296875       1.2685261711041345
     0.058007812499999999       1.2532093829309308
     0.058085937500000004       1.2377882952629253
     0.058164062500000002       1.2224981266951627
     0.058242187500000001       1.2072801498724097
     0.058320312499999999       1.1918834923781991
     0.058398437500000004       1.1761556364834123
     0.058476562500000002        1.160231420859404
     0.058554687500000001       1.1444164231655991
     0.058632812499999999       1.1289934206576113
     0.058710937500000004       1.1140568540563187
     0.058789062500000003       1.0995223665532434
     0.058867187500000001       1.0853844112009061
     0.058945312499999999       1.0720282759227271
     0.059023437499999998        1.059850495235293
     0.059101562500000003       1.0481280408421934
     0.059179687500000001       1.0353188219943608
             0.0592578125       1.0211133328386499
     0.059335937499999998       1.0107180047104287
     0.059414062500000003       1.0220028375809775
     0.059492187500000002       1.1091400714993576
             0.0595703125       1.2283668201675306
     0.059648437499999998       1.2871138845177053
     0.059726562500000004       1.2916753481452421
     0.059804687500000002       1.2825018451941668
             0.0598828125        1.266712834380026
     0.059960937499999999       1.2456613080321768
     0.060039062500000004       1.2204486841765809
     0.060117187500000002       1.1928097773885911
     0.060195312500000001       1.1648184123563061
     0.060273437499999999       1.1380977184664955
     0.060351562500000004        1.113495280089829
     0.060429687500000002       1.0913087039210136
     0.060507812500000001       1.0718695803304075
     0.060585937499999999       1.0558213080954617
     0.060664062500000004       1.0428506887736662
     0.060742187500000003       1.0310030230152754
     0.060820312500000001       1.0196728969392597
     0.060898437499999999       1.0098519243471396
     0.060976562500000005       1.0018994163900072
     0.061054687500000003      0.99547260103251023
     0.061132812500000001      0.99203554968574315
             0.0612109375      0.99325125541033177
     0.061289062499999998      0.99784285439556841
     0.061367187500000003       1.0074293112411437
     0.061445312500000002       1.0593073443957421
             0.0615234375       1.1948280388568759
     0.061601562499999998       1.3337072023527068
     0.061679687500000004       1.3786232208669429
     0.061757812500000002        1.350012900159008
             0.0618359375       1.3041220889806588
     0.061914062499999999       1.2598310797960315
     0.061992187500000004       1.2285929962525592
     0.062070312500000002       1.2074050857049827
     0.062148437500000001       1.1916861164857384
     0.062226562499999999       1.1758670748237396
     0.062304687500000004        1.158464358333501
     0.062382812500000002       1.1401501515753827
     0.062460937500000001       1.1218892270588672
     0.062539062500000006       1.1038345545104109
     0.062617187500000004        1.086915176711224
     0.062695312500000003       1.0728892577801548
     0.062773437500000001        1.063261724976444
     0.062851562499999999       1.0581713920469926
     0.062929687499999998       1.0537137401308472
     0.063007812499999996       1.0413551625843056
     0.063085937499999994       1.0133569628430565
     0.063164062500000007      0.97890217496440768
     0.063242187500000005      0.95719216769763338
     0.063320312500000003       0.9582061791908596
     0.063398437500000002       0.9755242220030792
             0.0634765625      0.99594831029895825
     0.063554687499999998       1.0122988009401979
     0.063632812499999997       1.0239121259186679
     0.063710937499999995       1.0337237524027274
     0.063789062500000007       1.0448287960575946
     0.063867187500000006       1.0588413913710057
     0.063945312500000004       1.0764253574919374
     0.064023437500000002       1.0972965876524454
     0.064101562500000001       1.1205517056468008
     0.064179687499999999       1.1466033627893284
     0.064257812499999997       1.1767683485885132
     0.064335937499999996       1.2142143555465912
     0.064414062500000008       1.2606164266504092
     0.064492187500000006       1.3159487091033328
     0.064570312500000004       1.3719614546104273
     0.064648437500000003        1.422245433593792
     0.064726562500000001       1.4551138933637107
     0.064804687499999999       1.4717385442779245
     0.064882812499999998       1.4740299164021973
     0.064960937499999996       1.4649350025844774
     0.065039062499999994       1.4503043386773977
     0.065117187500000007       1.4340235087992705
     0.065195312500000005       1.4172803263562566
     0.065273437500000003       1.3984356827550468
     0.065351562500000002       1.3732289718999355
             0.0654296875       1.3452218129126259
     0.065507812499999998       1.3232047119649513
     0.065585937499999997        1.312846947977125
     0.065664062499999995       1.3136899049635371
     0.065742187500000007       1.3216003193779111
     0.065820312500000006        1.332244679533068
     0.065898437500000004       1.3416883516949889
     0.065976562500000002       1.3474368553449272
     0.066054687500000001       1.3480692210342198
     0.066132812499999999       1.3432100358274031
     0.066210937499999997       1.3349582890940819
     0.066289062499999996       1.3253746811229201
     0.066367187500000008       1.3154954391174676
     0.066445312500000006       1.3064088719358535
     0.066523437500000004       1.2992330669656211
     0.066601562500000003        1.293767057424235
     0.066679687500000001       1.2882440320847435
     0.066757812499999999       1.2816984460725496
     0.066835937499999998       1.2752259818344978
     0.066914062499999996       1.2696984459564935
     0.066992187500000008       1.2642973237950585
     0.067070312500000007       1.2585830382981902
     0.067148437500000005       1.2527853697950109
     0.067226562500000003       1.2455571541254691
     0.067304687500000002       1.2350068543311403
             0.0673828125       1.2232806570441628
     0.067460937499999998       1.2134396425180136
     0.067539062499999997       1.2059217084132356
     0.067617187499999995       1.1991815005393163
     0.067695312500000007       1.1924196632791524
     0.067773437500000006       1.1861528115126023
     0.067851562500000004       1.1805387033280337
     0.067929687500000002       1.1745535763078436
     0.068007812500000001       1.1676958928264523
     0.068085937499999999       1.1617668544242417
     0.068164062499999997       1.1582124300128125
     0.068242187499999996       1.1557025857666452
     0.068320312500000008       1.1524746693269767
     0.068398437500000006        1.148566143093019
     0.068476562500000004       1.1440556723286495
     0.068554687500000003       1.1389923095869288
     0.068632812500000001       1.1345012685132203
     0.068710937499999999       1.1317778201523303
     0.068789062499999998        1.130697840273877
     0.068867187499999996       1.1300922561795728
     0.068945312500000008       1.1290484443253737
     0.069023437500000007       1.1272367540616024
     0.069101562500000005       1.1246451985514401
     0.069179687500000003        1.121051517701845
     0.069257812500000002       1.1154433655173603
             0.0693359375       1.1076512967124912
     0.069414062499999998        1.098756711446363
     0.069492187499999997       1.0907196819203844
     0.069570312499999995       1.0848160630730184
     0.069648437500000007       1.0807594714443038
     0.069726562500000006        1.077414909729524
     0.069804687500000004       1.0739086794038133
     0.069882812500000002       1.0697983849991946
     0.069960937500000001       1.0650246482641292
     0.070039062499999999       1.0595932957083622
     0.070117187499999997       1.0533511791462138
     0.070195312499999996       1.0464871658948205
     0.070273437500000008       1.0407136833005504
     0.070351562500000006       1.0472366883919848
     0.070429687500000004       1.1010535310040306
     0.070507812500000003       1.1798555779458901
     0.070585937500000001       1.2108882788546553
     0.070664062499999999       1.2053735937126508
     0.070742187499999998       1.2041085944794836
     0.070820312499999996        1.244246960368631
     0.070898437500000008       1.3399454934811981
     0.070976562500000007         1.39967411731811
     0.071054687500000005       1.3977444016232292
     0.071132812500000003       1.3761158782517684
     0.071210937500000002       1.3550726703138189
             0.0712890625       1.3442050364413534
     0.071367187499999998       1.3417262080918764
     0.071445312499999997       1.3398119210721402
     0.071523437499999995       1.3318960265635909
     0.071601562500000007       1.3168757419942319
     0.071679687500000006       1.2978473408494025
     0.071757812500000004       1.2786165532566571
     0.071835937500000002       1.2617827058043924
     0.071914062500000001       1.2483822768387725
     0.071992187499999999       1.2385239699724899
     0.072070312499999997        1.232176594736859
     0.072148437499999996       1.2292335890697208
     0.072226562500000008       1.2294213243764485
     0.072304687500000006       1.2334321816489862
     0.072382812500000004       1.2402169221338188
     0.072460937500000003       1.2480938402165591
     0.072578125000000007        1.265935892635254
     0.072734375000000004       1.2946293508598981
     0.072890625000000001       1.3341251018789309
     0.073046874999999997       1.3749754865667316
     0.073203125000000008        1.396035959925118
     0.073359375000000004       1.3892313317409979
     0.073515625000000001       1.3738446109972651
     0.073671874999999998       1.3696133688224239
     0.073828125000000008       1.3789266908169495
     0.073984375000000005       1.3902764954561115
     0.074140625000000002       1.3938876059009575
     0.074296874999999998       1.3889643470833992
     0.074453124999999995       1.3812355312411224
     0.074609375000000006       1.3765810328975412
     0.074765625000000002       1.3798908172615545
     0.074921874999999999       1.3931971715603866
     0.075078124999999996       1.4126029357984162
     0.075234375000000006       1.4307255231070957
     0.075390625000000003       1.4426786379725367
     0.075546874999999999       1.4500950929690686
     0.075703124999999996       1.4567632118480964
     0.075859375000000007       1.4640875547921757
     0.076015625000000003       1.4748859341588298
              0.076171875        1.488680541877085
     0.076328124999999997       1.5032651657756406
     0.076484375000000007       1.5120549432556019
     0.076640625000000004       1.5137910285664802
     0.076796875000000001       1.5133614505894661
     0.076953124999999997        1.517227380783176
     0.077109375000000008       1.5240171982129751
     0.077265625000000004       1.5277722942268439
     0.077421875000000001       1.5227364692897902
     0.077539062500000006       1.5140905714419031
     0.077617187500000004       1.5059444463297436
     0.077695312500000002       1.4995558120053367
     0.077773437500000001       1.4970444303867221
     0.077851562499999999       1.4967161400258413
     0.077929687499999997       1.4963274518144762
     0.078007812499999996       1.4950157542265039
     0.078085937500000008       1.4917632786359214
     0.078164062500000006       1.4853108481967079
     0.078242187500000004       1.4760276736776552
     0.078320312500000003       1.4665832409226462
     0.078398437500000001       1.4603488539661822
     0.078476562499999999       1.4592112777255599
     0.078554687499999998       1.4614931194456664
     0.078632812499999996       1.4642133211031243
     0.078710937500000008       1.4662805547768691
     0.078789062500000007       1.4663335345598054
     0.078867187500000005        1.462571886007358
     0.078945312500000003       1.4555299607531378
     0.079023437500000002       1.4480523609584857
             0.0791015625       1.4427191667583621
     0.079179687499999998       1.4400594975271777
     0.079257812499999997       1.4388308231279185
     0.079335937499999995       1.4370857918439635
     0.079414062500000007       1.4337506283286536
     0.079492187500000006       1.4287679162750966
     0.079570312500000004       1.4230860831915217
     0.079648437500000002       1.4168954266485616
     0.079726562500000001        1.410364065228493
     0.079804687499999999       1.4013817330062646
     0.079882812499999997       1.3923913859872807
     0.079960937499999996       1.3834617505317686
              0.080078125        1.381188912457189
     0.080234374999999997       1.3770068048338107
     0.080390625000000007       1.3712108282884992
     0.080546875000000004       1.3615234012684763
     0.080703125000000001       1.3494188484340344
     0.080859374999999997       1.3370077069131925
     0.081015625000000008       1.3258981978257038
     0.081171875000000004       1.3161767747441511
     0.081328125000000001       1.3053409077720717
     0.081484374999999998       1.2896240730423676
     0.081640625000000008       1.2672873146067067
     0.081796875000000005       1.2440547519100322
     0.081953125000000002       1.2343349065948208
     0.082109374999999998       1.2448815102231179
     0.082265624999999995       1.2617739411413682
     0.082421875000000006       1.2735890276601305
     0.082539062499999996       1.2814946197270813
     0.082617187500000008       1.2804412779446177
     0.082695312500000007       1.2739251338703015
     0.082773437500000005       1.2707453208036716
     0.082851562500000003       1.2782684557389956
     0.082929687500000002       1.2980694335062297
             0.0830078125       1.3195735721192525
     0.083085937499999998       1.3325190254815615
     0.083164062499999997       1.3382581038452186
     0.083242187499999995       1.3440051383894094
     0.083320312500000007       1.3526162304631151
     0.083398437500000006       1.3630906769769238
     0.083476562500000004       1.3720009813915965
     0.083554687500000002       1.3766577187477229
     0.083632812500000001       1.3760280621842309
     0.083710937499999999       1.3703585074398643
     0.083789062499999997       1.3606586837955847
     0.083867187499999996       1.3483856580396916
     0.083945312500000008       1.3349223950056903
     0.084023437500000006       1.3213083688809422
     0.084101562500000004       1.3081560506381462
     0.084179687500000003       1.2958758944412583
     0.084257812500000001       1.2848560594626128
     0.084335937499999999       1.2754593636125093
     0.084414062499999998       1.2679285486552294
     0.084492187499999996       1.2623966466358454
     0.084570312500000008       1.2588167000681163
     0.084648437500000007       1.2574835953026038
     0.084726562500000005       1.2590277835753869
     0.084804687500000003       1.2650675681327745
     0.084882812500000002       1.2767339259719568
             0.0849609375       1.2929122695845308
     0.085078125000000004       1.3013927822684006
     0.085234375000000001        1.303707109751421
     0.085390624999999998       1.2974284114913253
     0.085546875000000008       1.2947183617365905
     0.085703125000000005       1.3016812988374586
     0.085859375000000002       1.3148830907147209
     0.086015624999999998        1.323629517897549
     0.086171874999999995        1.322692529269839
     0.086328125000000006       1.3155919460089667
     0.086484375000000002       1.3090439156783495
     0.086640624999999999       1.3117449197206257
     0.086796874999999996       1.3337451222719432
     0.086953125000000006       1.3677314178450184
     0.087109375000000003       1.3975790881216317
     0.087265624999999999       1.4154103179182904
     0.087421874999999996       1.4272205562442049
     0.087578125000000007       1.4434525996502787
     0.087734375000000003       1.4646786111098273
              0.087890625       1.4823934468293574
     0.088046874999999997       1.4909734223965341
     0.088203125000000007       1.4941168164951479
     0.088359375000000004       1.4997171302265675
     0.088515625000000001       1.5096049289518902
     0.088671874999999997       1.5190844127402516
     0.088828125000000008       1.5259429712054147
     0.088984375000000004       1.5342165799557208
     0.089140625000000001       1.5477090589285327
     0.089296874999999998       1.5635178746977774
     0.089453125000000008       1.5750801931996845
     0.089609375000000005       1.5776416577622638
     0.089765625000000002        1.566004559625638
     0.089921874999999998       1.5211913922180686
     0.090078124999999995       1.4587616733240638
     0.090234375000000006        1.420547992712851
     0.090390625000000002       1.4296245807844663
     0.090546874999999999       1.4642435080676477
     0.090703124999999996       1.5009359701144065
     0.090859375000000006       1.5257543904892814
     0.091015625000000003       1.5401086164331339
     0.091171874999999999       1.5534866501591791
     0.091328124999999996       1.5691903737686963
     0.091484375000000007       1.5843800967627417
     0.091640625000000003        1.596648502257779
              0.091796875       1.6062483225658502
     0.091953124999999997       1.6091572961626632
     0.092109375000000007        1.601192085760867
     0.092265625000000004       1.5864542306597147
     0.092421875000000001          1.5737857092245
     0.092578124999999997       1.5692538414831243
     0.092734375000000008       1.5715207680303949
     0.092890625000000004       1.5783978284975375
     0.093046875000000001         1.58918356614967
     0.093203124999999998       1.6033021294906622
     0.093359375000000008       1.6201069900870795
     0.093515625000000005        1.638016784108316
     0.093671875000000002        1.653676838958964
     0.093828124999999998        1.662767541266468
     0.093984375000000009       1.6620403278130262
     0.094140625000000006       1.6520854724368348
     0.094296875000000002       1.6377441727131914
     0.094453124999999999       1.6249883590508609
     0.094609374999999996       1.6183944769055034
     0.094765625000000006       1.6190519594845099
     0.094921875000000003       1.6230615934173684
     0.095078124999999999       1.6266147938330797
     0.095234374999999996       1.6271335471363095
     0.095390625000000007       1.6246358838944199
     0.095546875000000003       1.6216955344879507
              0.095703125       1.6207743518395026
     0.095859374999999997       1.6260067211407894
     0.096015625000000007        1.640725614493316
     0.096171875000000004       1.6643665657729487
     0.096328125000000001       1.6926924751955723
     0.096484374999999997       1.7190282158915635
     0.096640625000000008       1.7368991995539329
     0.096796875000000004       1.7428724164966796
     0.096953125000000001       1.7393652302692708
     0.097109374999999998        1.730918620968841
     0.097265625000000008       1.7222051155509284
     0.097421875000000005       1.7156158019652454
     0.097578125000000002       1.7102232156719446
     0.097734374999999998       1.7053164259130418
     0.097890625000000009        1.700167369347177
     0.098046875000000006       1.6945980433632688
     0.098203125000000002       1.6890885729441014
     0.098359374999999999       1.6840855849691501
     0.098515624999999996       1.6805990363455872
     0.098671875000000006       1.6789968319136572
     0.098828125000000003       1.6792420861070598
     0.098984374999999999       1.6822610794416204
     0.099140624999999996       1.6892911094977299
     0.099296875000000007       1.7002203933928952
     0.099453125000000003       1.7129053222172972
              0.099609375       1.7234052052303759
     0.099765624999999997       1.7289550062929429
     0.099921875000000007       1.7295456791902519
              0.100078125       1.7268554129274665
              0.100234375       1.7236808340471499
              0.100390625       1.7231881525483235
      0.10054687500000001       1.7274572873996183
              0.100703125       1.7362725460205752
              0.100859375       1.7479780053251732
              0.101015625       1.7608133634452636
      0.10117187500000001       1.7740097369715289
              0.101328125       1.7879927961705468
              0.101484375       1.8047036917921955
              0.101640625       1.8234732839672299
      0.10179687500000001       1.8353232499335705
      0.10195312500000001       1.8409767174427816
              0.102109375       1.8405045281162167
              0.102265625       1.8335388040255349
              0.102421875       1.8231602861668605
      0.10257812500000001       1.8127431939791148
              0.102734375       1.8060045287037487
              0.102890625       1.8058961202631219
              0.103046875       1.8123331212522387
      0.10320312500000001       1.8211503866852998
              0.103359375       1.8264832765321388
              0.103515625       1.8299580564569105
              0.103671875       1.8322121282277197
      0.10382812500000001       1.8346068879016146
              0.103984375       1.8386967119441904
              0.104140625       1.8435863779575892
              0.104296875       1.8467815398153518
      0.10445312500000001       1.8504753288698965
              0.104609375       1.8570206386861889
              0.104765625       1.8633828799276131
              0.104921875        1.869379256110179
      0.10507812500000001       1.8768329671705315
              0.105234375       1.8850261760114806
              0.105390625       1.8918968463487214
              0.105546875       1.8961089068777626
      0.10570312500000001       1.8973830191881988
      0.10585937500000001       1.8960845096796819
              0.106015625       1.8923719635708158
              0.106171875       1.8862994454086666
              0.106328125       1.8779690176794142
      0.10648437500000001       1.8678888741417006
              0.106640625       1.8565068059009067
              0.106796875       1.8443867850504154
              0.106953125       1.8336563339014003
      0.10710937500000001       1.8302023011539543
              0.107265625       1.8313252493181127
              0.107421875       1.8418598556188359
             0.1075390625        1.852698450386032
             0.1076171875       1.8597241973385295
             0.1076953125       1.8609619650636107
             0.1077734375       1.8601226816647132
             0.1078515625       1.8600398724546128
             0.1079296875       1.8573355335667616
      0.10800781250000001       1.8472923696300343
      0.10808593750000001       1.8318806179701363
             0.1081640625       1.8163003095734938
             0.1082421875       1.8032123081148104
             0.1083203125       1.7922302368382788
             0.1083984375       1.7818090592426428
             0.1084765625       1.7705033089484088
             0.1085546875       1.7576199100866086
      0.10863281250000001       1.7430866134369116
      0.10871093750000001       1.7273825470592439
      0.10878906250000001       1.7117857818264433
             0.1088671875       1.6972941428440484
             0.1089453125       1.6832816208156509
             0.1090234375       1.6692065797662428
             0.1091015625       1.6554239906867698
             0.1091796875        1.641015277964444
             0.1092578125       1.6252983699900421
      0.10933593750000001       1.6085216130400688
      0.10941406250000001       1.5915922651992418
             0.1094921875       1.5747702413954594
             0.1095703125       1.5567442726288965
             0.1096484375       1.5369524926602363
             0.1097265625       1.5161091553410526
             0.1098046875       1.4950591120775363
             0.1098828125       1.4739680185829376
      0.10996093750000001       1.4529350760241986
      0.11003906250000001        1.431985974677308
             0.1101171875        1.410228088160387
             0.1101953125       1.3864428265747828
             0.1102734375       1.3606205308864014
             0.1103515625       1.3347876207492257
             0.1104296875       1.3117698694489548
             0.1105078125       1.2937360847814994
      0.11058593750000001       1.2798408393164755
      0.11066406250000001       1.2671365107697996
      0.11074218750000001        1.253204339511939
             0.1108203125       1.2393364442156884
             0.1108984375       1.2321101440165876
             0.1109765625       1.2409360101301672
             0.1110546875       1.2648183311043246
             0.1111328125       1.2859232191947141
             0.1112109375       1.2863578938917346
      0.11128906250000001       1.2624069567509917
      0.11136718750000001       1.2245569989043092
             0.1114453125       1.1871575074895537
             0.1115234375       1.1587542379404734
             0.1116015625       1.1412154045035312
             0.1116796875        1.130011115966939
             0.1117578125        1.118859925345804
             0.1118359375       1.1050598620042091
      0.11191406250000001       1.0879118180235607
      0.11199218750000001       1.0693917235947801
             0.1120703125       1.0530873547163142
             0.1121484375       1.0453119985738371
             0.1122265625       1.0523353787925962
             0.1123046875        1.073987872509262
             0.1123828125       1.0986769506164378
             0.1124609375       1.1161912023983112
      0.11253906250000001       1.1253794244422859
      0.11261718750000001       1.1328261983744299
      0.11269531250000001       1.1465361676572139
             0.1127734375       1.1665111068603815
             0.1128515625        1.183996186752841
             0.1129296875       1.1905768131094465
             0.1130078125       1.1823907388307973
             0.1130859375       1.1626845721736074
             0.1131640625       1.1362698322417688
      0.11324218750000001       1.1077264867203738
      0.11332031250000001       1.0813545825339044
             0.1133984375       1.0599015666712066
             0.1134765625       1.0442581490204605
             0.1135546875       1.0338260982656899
             0.1136328125        1.027974055286788
             0.1137109375       1.0274009891269058
             0.1137890625       1.0297033266858477
      0.11386718750000001       1.0330412605748784
      0.11394531250000001       1.0376389425875814
             0.1140234375       1.0435523738804233
             0.1141015625       1.0508194375752147
             0.1141796875       1.0584488242069039
             0.1142578125       1.0639185702471046
             0.1143359375        1.065174055500149
             0.1144140625       1.0634434520720009
      0.11449218750000001       1.0597793763024306
      0.11457031250000001       1.0545664858905279
      0.11464843750000001       1.0487665349215234
             0.1147265625       1.0426078461991861
             0.1148046875       1.0364897690754744
             0.1148828125       1.0307948878680502
             0.1149609375       1.0259339433368504
             0.1150390625       1.0218650544216408
             0.1151171875       1.0178963420581928
      0.11519531250000001       1.0133521381974995
      0.11527343750000001       1.0083769105081586
             0.1153515625       1.0038991701605966
             0.1154296875       1.0050676583866935
             0.1155078125       1.0365279321904683
             0.1155859375       1.1262824319993598
             0.1156640625       1.2167735685580039
             0.1157421875       1.2605548919646037
      0.11582031250000001       1.2690975988423039
      0.11589843750000001       1.2659900131608415
             0.1159765625       1.2579099863664887
             0.1160546875       1.2470307467764812
             0.1161328125       1.2344373911385174
             0.1162109375       1.2205611288453009
             0.1162890625       1.2057741149177319
             0.1163671875       1.1909769207889811
      0.11644531250000001       1.1772899120207423
      0.11652343750000001       1.1639173811914485
      0.11660156250000001       1.1501545777147519
             0.1166796875       1.1355206739248578
             0.1167578125       1.1205642355451813
             0.1168359375       1.1060150470106875
             0.1169140625       1.0923675315197459
             0.1169921875       1.0797846170713163
             0.1170703125       1.0677066059388813
      0.11714843750000001       1.0557467312685926
      0.11722656250000001       1.0447135369025291
             0.1173046875       1.0359771933993278
             0.1173828125        1.031063445531168
             0.1174609375       1.0318864471404074
             0.1175390625       1.0407631022645352
             0.1176171875       1.0576780488383497
             0.1176953125       1.0786053499731987
      0.11777343750000001       1.0981735709953924
      0.11785156250000001       1.1132125919775877
             0.1179296875       1.1229131378226476
             0.1180078125       1.1286867245097274
             0.1180859375       1.1362034713222191
             0.1181640625       1.1593924836929441
             0.1182421875       1.2087291849390089
             0.1183203125       1.2689290762693106
      0.11839843750000001       1.3129503447048168
      0.11847656250000001       1.3265863163611546
      0.11855468750000001       1.3207655957294269
             0.1186328125        1.308083864471197
             0.1187109375       1.2930379828408194
             0.1187890625       1.2796549174173886
             0.1188671875       1.2719855876307369
             0.1189453125       1.2791845212152824
             0.1190234375       1.3154498968892689
      0.11910156250000001       1.3836417365808342
      0.11917968750000001       1.4661569323479884
             0.1192578125       1.5361266978150609
             0.1193359375       1.5800446279239699
             0.1194140625       1.5961418105406771
             0.1194921875       1.5935095483767141
             0.1195703125       1.5843316796749281
             0.1196484375       1.5761333212437612
      0.11972656250000001       1.5727761053037326
      0.11980468750000001       1.5746652314566985
             0.1198828125       1.5741304486838918
             0.1199609375       1.5663202054965906
      0.12007812500000001        1.545136788330123
              0.120234375       1.5306423311327355
              0.120390625       1.5251448946222719
              0.120546875       1.5280243986335713
      0.12070312500000001       1.5315105214909273
              0.120859375       1.5277821514547303
              0.121015625       1.5148952255329038
              0.121171875       1.4970331560583843
      0.12132812500000001       1.4792826598830064
      0.12148437500000001       1.4731889110918497
              0.121640625       1.4853307532069187
              0.121796875       1.5059130797274245
      0.12195312500000001       1.5216813641702609
      0.12210937500000001       1.5213095319152694
              0.122265625       1.5031083636829974
              0.122421875       1.4767115395015749
              0.122578125       1.4529300337005979
      0.12273437500000001        1.437231057340371
              0.122890625       1.4283561839467178
              0.123046875       1.4231192830408752
              0.123203125       1.4205899408582083
      0.12335937500000001       1.4198725417511711
              0.123515625       1.4211064847134911
              0.123671875       1.4240994686968986
              0.123828125        1.426539076010277
      0.12398437500000001       1.4254062070117286
              0.124140625       1.4197826645473519
              0.124296875       1.4112325152238117
              0.124453125       1.4018939464201159
      0.12460937500000001       1.3950097942574711
              0.124765625        1.391941386261069
              0.124921875       1.3933846196662703
      0.12507812500000001       1.3996677585688504
      0.12523437500000001       1.4113191164054679
      0.12539062500000001       1.4271785111330291
              0.125546875       1.4469798092670256
              0.125703125       1.4635066791883742
              0.125859375       1.4729872429606667
      0.12601562499999999       1.4732150287346661
      0.12617187499999999        1.466513761754932
      0.12632812500000001       1.4567343832247932
      0.12648437500000001       1.4468106134881107
      0.12664062500000001       1.4383599560833606
              0.126796875       1.4319906917648093
              0.126953125        1.427526471283155
              0.127109375       1.4243124671568663
      0.12726562499999999       1.4209860590838046
      0.12742187499999999       1.4167851562778382
      0.12757812500000001       1.4110730804627476
      0.12773437500000001       1.4025078466499969
      0.12789062500000001       1.3914177306998887
              0.128046875          1.3782399166085
              0.128203125       1.3632825454450408
              0.128359375       1.3472885587080832
      0.12851562499999999       1.3317107224773637
      0.12867187499999999       1.3182990861496209
      0.12882812500000002       1.3083174518117957
      0.12898437500000001        1.301933858763376
      0.12914062500000001       1.2979515838551956
      0.12929687500000001       1.2936716945507354
              0.129453125       1.2866104613437312
              0.129609375       1.2744387395716787
              0.129765625       1.2579056700083473
      0.12992187499999999       1.2367171616013137
      0.13007812499999999       1.2127702129502473
      0.13023437500000001       1.1880448424781183
      0.13039062500000001       1.1646696889317842
      0.13054687500000001       1.1453996520485938
              0.130703125       1.1328877985980872
              0.130859375       1.1271867264617901
              0.131015625       1.1251445967783804
      0.13117187499999999       1.1245034300482686
      0.13132812499999999        1.124621501112014
      0.13148437500000001       1.1265610277549649
      0.13164062500000001       1.1317643854829156
      0.13179687500000001       1.1395565956646825
              0.131953125       1.1469156243050931
              0.132109375       1.1512878252710563
              0.132265625       1.1529138817548825
      0.13242187499999999       1.1546132575072485
      0.13257812499999999       1.1599376944886135
      0.13273437500000002       1.1707709573895215
      0.13289062500000001       1.1854969067286221
      0.13304687500000001       1.1989214133323207
      0.13320312500000001       1.2077425951412426
              0.133359375       1.2092666294073247
              0.133515625        1.206092164393993
              0.133671875       1.2041165750207738
      0.13382812499999999       1.2060558184307169
      0.13398437500000002         1.21249555385779
      0.13414062500000001       1.2216488612239529
      0.13429687500000001       1.2304150947191255
      0.13445312500000001       1.2366267335320875
              0.134609375       1.2395054798240692
              0.134765625       1.2405327964173478
              0.134921875       1.2406629696743035
      0.13507812499999999       1.2412726787757404
      0.13523437499999999       1.2441178712087964
      0.13539062500000001       1.2508252276229566
      0.13554687500000001       1.2624840396448751
      0.13570312500000001        1.278541445488472
              0.135859375        1.297328705043592
              0.136015625       1.3096614257446051
              0.136171875       1.3101476456427759
      0.13632812499999999       1.2974939246691302
      0.13648437499999999       1.2769168866225646
      0.13664062500000002       1.2568114808152231
      0.13679687500000001       1.2432846893241871
      0.13695312500000001       1.2366686596584804
      0.13710937500000001       1.2324907105503096
              0.137265625       1.2292345822731594
              0.137421875       1.2269886636869853
              0.137578125       1.2256546111217963
      0.13773437499999999        1.225674527313521
      0.13789062500000002          1.2282346056992
      0.13804687500000001       1.2322360846384837
      0.13820312500000001       1.2373234874369057
      0.13835937500000001       1.2428685455998407
              0.138515625        1.248613809183813
              0.138671875       1.2537660834897424
              0.138828125       1.2570838627949754
      0.13898437499999999        1.257505864192535
      0.13914062499999999        1.254574616200667
      0.13929687500000001       1.2488691348684804
      0.13945312500000001        1.241624320890464
      0.13960937500000001       1.2341607053250365
              0.139765625       1.2273559495092747
              0.139921875       1.2213836324757639
              0.140078125       1.2160052641029993
      0.14023437499999999       1.2108898456550274
      0.14039062499999999        1.205491782884875
      0.14054687500000002       1.1987159284964226
      0.14070312500000001       1.1894096553959803
      0.14085937500000001       1.1772313478223535
      0.14101562500000001       1.1629983570868736
              0.141171875       1.1478722747894166
              0.141328125         1.13236615221541
              0.141484375       1.1161151635338808
      0.14164062499999999       1.0993214896803361
      0.14179687500000002       1.0850117194731452
      0.14195312500000001       1.0782795879709359
      0.14210937500000001       1.0777689518244395
      0.14226562500000001       1.0767620751872007
              0.142421875       1.0733218698072129
      0.14253906250000001       1.0714415293636448
      0.14261718749999999       1.0663509201526913
             0.1426953125       1.0559340422658399
      0.14277343750000002       1.0439703882033562
             0.1428515625        1.033586194885749
      0.14292968750000001       1.0256406759742815
             0.1430078125       1.0204620802467717
      0.14308593750000001        1.023714566178652
      0.14316406249999999       1.0532252107045295
      0.14324218750000001       1.1048061767345603
      0.14332031249999999       1.1408667370784866
             0.1433984375       1.1458853637193345
      0.14347656250000002       1.1350229161503269
             0.1435546875         1.11969145477819
      0.14363281250000001       1.1038847349586509
             0.1437109375       1.0890932690727761
      0.14378906250000001       1.0757315676205754
      0.14386718749999999       1.0642256087898374
      0.14394531250000001       1.0552084741139609
      0.14402343749999999        1.049153953647316
             0.1441015625       1.0463835659367065
      0.14417968750000001       1.0476239861016514
             0.1442578125       1.0542997774787481
      0.14433593750000001       1.0672723031387634
             0.1444140625       1.0846249798674192
      0.14449218750000001       1.1018085127507082
      0.14457031249999999       1.1141953155605262
             0.1446484375       1.1197412504090618
      0.14472656250000002       1.1198819524548711
             0.1448046875       1.1176457552605734
      0.14488281250000001        1.114816227299934
             0.1449609375       1.1153323684634575
              0.145078125       1.1206786480477815
              0.145234375       1.1525872555369849
              0.145390625       1.1950990799323653
      0.14554687499999999       1.2203497750961763
      0.14570312500000002       1.2287009939271554
      0.14585937500000001       1.2344124335469717
      0.14601562500000001       1.2446107169503533
      0.14617187500000001       1.2602512919165134
              0.146328125       1.2780196630476612
              0.146484375       1.2936357590324448
              0.146640625        1.304894772859438
      0.14679687499999999       1.3121249359473299
      0.14695312499999999       1.3179488596513536
      0.14710937500000001       1.3250776824303794
      0.14726562500000001       1.3338437252272357
      0.14742187500000001       1.3444245670970152
              0.147578125       1.3556824934145291
              0.147734375       1.3659409801379518
              0.147890625       1.3739171926564058
      0.14804687499999999       1.3797037179587546
      0.14820312499999999       1.3855845746440885
      0.14835937500000002       1.3946112141117561
      0.14851562500000001       1.4087118908343865
      0.14867187500000001       1.4271128933169546
      0.14882812500000001       1.4460882961669446
              0.148984375       1.4619363972900494
              0.149140625       1.4727928944873834
              0.149296875       1.4787647830265231
      0.14945312499999999       1.4806337168584121
      0.14960937500000002       1.4795389842880557
      0.14976562500000001       1.4776116341651495
      0.14992187500000001       1.4781119716701672
      0.15007812500000001       1.4837686911177592
              0.150234375       1.4950536502296963
              0.150390625       1.5099102976797123
              0.150546875       1.5249086328846722
      0.15070312499999999       1.5366277041653154
      0.15085937499999999       1.5425594228869626
      0.15101562500000001       1.5414430945779027
      0.15117187500000001       1.5353338066799731
      0.15132812500000001       1.5284907983812399
              0.151484375       1.5247046354825036
              0.151640625       1.5255271204819107
              0.151796875       1.5303949720018846
      0.15195312499999999         1.53787759181198
      0.15210937499999999       1.5466338749963218
      0.15226562500000002       1.5554455197859087
      0.15242187500000001       1.5630515035952721
      0.15257812500000001       1.5683490989726923
      0.15273437500000001       1.5711366744953044
              0.152890625       1.5720821877704081
              0.153046875       1.5717644634152448
              0.153203125       1.5699720964080666
      0.15335937499999999       1.5656391640134968
      0.15351562500000002       1.5590122472343995
      0.15367187500000001       1.5522232113118677
      0.15382812500000001       1.5475316797337699
      0.15398437500000001       1.5457725175718924
              0.154140625       1.5462595095596263
              0.154296875       1.5472799587596053
              0.154453125        1.547788286084355
      0.15460937499999999       1.5462309235944711
      0.15476562499999999       1.5433848734267042
      0.15492187500000001       1.5378927395104585
      0.15503906249999999       1.5356488989494408
             0.1551171875       1.5356430397098422
      0.15519531250000002        1.535018956863649
             0.1552734375        1.534699107036321
      0.15535156250000001       1.5354114788909086
             0.1554296875       1.5367408028827445
      0.15550781250000001       1.5380469845171141
      0.15558593749999999       1.5389217735003151
      0.15566406250000001        1.539228192177188
      0.15574218749999999       1.5387860600789054
             0.1558203125       1.5366813349645683
      0.15589843750000001        1.531206996380249
             0.1559765625       1.5216413381102627
      0.15605468750000001       1.5090422528378689
             0.1561328125       1.4951320181094483
      0.15621093750000001       1.4796059219970688
      0.15628906249999999       1.4577596549303611
             0.1563671875       1.4223685719488293
      0.15644531250000002       1.3708384646515972
             0.1565234375       1.3009535120770417
      0.15660156250000001       1.2150363611114177
             0.1566796875       1.1181070255463497
      0.15675781250000001       1.0127209326757551
      0.15683593749999999      0.90011320087332047
      0.15691406250000001      0.78256483774811081
      0.15699218749999999      0.66548117673356266
             0.1570703125      0.55772119532538478
      0.15714843750000002      0.46947725841086557
             0.1572265625      0.40878418219861012
      0.15730468750000001      0.37848219012945128
             0.1573828125      0.37471335458435062
      0.15746093750000001       0.3894069296345482
      0.15753906249999999       0.4152156921012673
      0.15761718750000001      0.44594301863340585
      0.15769531249999999      0.47617173060900464
             0.1577734375      0.50169232886111248
      0.15785156250000001      0.51989248045659431
             0.1579296875       0.5298707162968167
      0.15800781250000001       0.5323516531713024
             0.1580859375      0.52917638642430087
      0.15816406250000001      0.52226386698353888
      0.15824218749999999      0.51319570418131333
             0.1583203125      0.50335637109831566
      0.15839843750000002      0.49386643537358793
             0.1584765625      0.48549782645825901
      0.15855468750000001      0.47863589349584712
             0.1586328125       0.4733014072616728
      0.15871093750000001      0.46921745721863162
      0.15878906249999999      0.46590816367477828
      0.15886718750000001      0.46282681900333905
      0.15894531249999999      0.45949930335631778
             0.1590234375      0.45565454718719556
      0.15910156250000002      0.45130299461155549
             0.1591796875      0.44671956396534013
      0.15925781250000001      0.44233944183592433
             0.1593359375      0.43861916609532625
      0.15941406250000001       0.4359289738497365
      0.15949218749999999      0.43452714990583874
      0.15957031250000001      0.43461280320140955
      0.15964843749999999      0.43640302482613352
             0.1597265625      0.44014001285744697
      0.15980468750000001      0.44600537912901916
             0.1598828125      0.45400077500093988
      0.15996093750000001      0.46388511241493524
             0.1600390625      0.47525903443526341
      0.16011718750000001      0.48774585190740394
      0.16019531249999999      0.50113907917885692
             0.1602734375       0.5153958715910758
      0.16035156250000002      0.53046877828280581
             0.1604296875      0.54611149225428257
      0.16050781250000001       0.5618443943488064
             0.1605859375      0.57712538129598945
      0.16066406250000001      0.59157105453168868
      0.16074218749999999      0.60505536443384689
      0.16082031250000001      0.61766317862641429
      0.16089843749999999      0.62957048766464463
             0.1609765625      0.64094880743040061
      0.16105468750000002      0.65189966398991928
             0.1611328125      0.66245490809833218
      0.16121093750000001      0.67261805792917784
             0.1612890625      0.68236564806704636
      0.16136718750000001      0.69164085792698904
      0.16144531249999999      0.70034802825612485
      0.16152343750000001      0.70836921361881644
      0.16160156249999999      0.71560618725516834
             0.1616796875      0.72202021777990388
      0.16175781250000001      0.72764251533633073
             0.1618359375      0.73255631593828474
      0.16191406250000001      0.73686992704665233
             0.1619921875       0.7406959682613562
      0.16207031250000001      0.74414025428658948
      0.16214843749999999      0.74729758296335336
             0.1622265625      0.75025090101892355
      0.16230468750000002      0.75307034412755991
             0.1623828125      0.75580967448582881
      0.16246093750000001      0.75850108480207834
             0.1625390625      0.76115349215437667
      0.16261718750000001      0.76376005381138234
      0.16269531249999999      0.76631457581533391
      0.16277343750000001      0.76882854162634295
      0.16285156249999999      0.77133959781303585
             0.1629296875      0.77390686625096305
      0.16300781250000002      0.77659531094631862
             0.1630859375       0.7794562641736853
      0.16316406250000001      0.78251812374092333
             0.1632421875      0.78579174791665507
      0.16332031250000001      0.78928128268835251
      0.16339843749999999      0.79298859049421644
      0.16347656250000001      0.79690704204018603
      0.16355468749999999        0.801009373245818
             0.1636328125       0.8052398192373138
      0.16371093750000001       0.8095199565633211
             0.1637890625      0.81376855360045375
      0.16386718750000001      0.81792464438034818
             0.1639453125      0.82195956975569517
      0.16402343750000001      0.82587213762416356
      0.16410156249999999      0.82967293707986489
             0.1641796875      0.83336760328240356
      0.16425781250000002      0.83694593902087955
             0.1643359375      0.84038113422533411
      0.16441406250000001      0.84363785598204499
             0.1644921875      0.84668697071345944
      0.16457031250000001      0.84951856185346586
      0.16464843749999999      0.85214441938357166
      0.16472656250000001      0.85459919753098523
      0.16480468749999999      0.85693359164832761
             0.1648828125      0.85920398418449229
      0.16496093750000002      0.86146487702231855
             0.1650390625      0.86376424896280191
      0.16511718750000001      0.86613929154544622
             0.1651953125      0.86861202103321022
      0.16527343750000001      0.87118694899556104
      0.16535156249999999      0.87385292008674942
      0.16542968750000001      0.87658838487760193
      0.16550781249999999      0.87936589914108965
             0.1655859375      0.88215147188785104
      0.16566406250000001      0.88490030245357909
             0.1657421875      0.88755484063029366
      0.16582031250000001      0.89005199283470871
             0.1658984375      0.89233632104797156
      0.16597656250000001      0.89436953709193645
      0.16605468749999999      0.89613112640823034
             0.1661328125       0.8976182627542314
      0.16621093750000002      0.89884520116758559
             0.1662890625      0.89984223597054025
      0.16636718750000001      0.90065146543023722
             0.1664453125      0.90131650790696327
      0.16652343750000001      0.90186794178519958
      0.16660156249999999      0.90231212920560466
      0.16667968750000001      0.90263255464167458
      0.16675781249999999      0.90280619235209758
             0.1668359375      0.90282518531675093
      0.16691406250000002      0.90271033758706365
             0.1669921875       0.9025081043335289
      0.16707031250000001      0.90227223177864257
             0.1671484375      0.90204170579011866
      0.16722656250000001       0.9018314996371718
      0.16730468749999999      0.90164100477144793
      0.16738281250000001      0.90147228667331336
      0.16746093749999999      0.90134242690482969
             0.1675390625      0.90127701990690179
      0.16761718750000001      0.90128463256236724
             0.1676953125      0.90132759893043923
      0.16777343750000001      0.90131128092145962
             0.1678515625      0.90108925545962126
      0.16792968750000001      0.90050414031856296
      0.16800781249999999      0.89943008276605563
             0.1680859375      0.89780145579924298
      0.16816406250000002      0.89561964958603957
             0.1682421875      0.89294154549287152
      0.16832031250000001      0.88985924446666265
             0.1683984375      0.88647954773894355
      0.16847656250000001      0.88290748404097918
      0.16855468749999999      0.87923418551237487
      0.16863281250000001      0.87552864503917638
      0.16871093749999999      0.87183544838325477
             0.1687890625      0.86818111611463322
      0.16886718750000002      0.86458732064316901
             0.1689453125      0.86108340071723755
      0.16902343750000001      0.85770917900360055
             0.1691015625      0.85450559153849903
      0.16917968750000001      0.85149869282744806
      0.16925781249999999      0.84868676249412778
      0.16933593750000001       0.8460381749673147
      0.16941406249999999      0.84350209747573968
             0.1694921875       0.8410279002585227
      0.16957031250000001       0.8385850006464558
             0.1696484375        0.836174783825676
      0.16972656250000001      0.83382890565517864
             0.1698046875         0.83159256308467
      0.16988281250000001      0.82949832643144861
      0.16996093749999999      0.82754347241323623
             0.1700390625      0.82568418129129528
      0.17011718750000002      0.82385015426504515
             0.1701953125      0.82196970754782184
      0.17027343750000001      0.81999105735890121
             0.1703515625      0.81789323888640875
      0.17042968750000001      0.81568373458807242
      0.17050781249999999      0.81339572768242419
      0.17058593750000001      0.81108135976152163
      0.17066406249999999      0.80879898623681068
             0.1707421875      0.80659326824254163
      0.17082031250000002      0.80447392187091293
             0.1708984375      0.80240142730988773
      0.17097656250000001      0.80028576263540219
             0.1710546875      0.79800345841013864
      0.17113281250000001      0.79543280440921371
      0.17121093749999999      0.79249638279220391
      0.17128906250000001       0.7891876430151914
      0.17136718749999999      0.78557075217634009
             0.1714453125       0.7817603444414235
      0.17152343750000001      0.77788645696580239
             0.1716015625      0.77404823101987863
      0.17167968750000001      0.77028819472933707
             0.1717578125      0.76659330715669816
      0.17183593750000001      0.76291056914369859
      0.17191406249999999      0.75916962799288479
             0.1719921875      0.75530673475957621
      0.17207031250000002        0.751291700833287
             0.1721484375      0.74715909024338223
      0.17222656250000001      0.74303624720481565
             0.1723046875       0.7391469878686947
      0.17238281250000001      0.73576699889130481
      0.17246093749999999      0.73312041880672041
      0.17253906250000001      0.73124360265585309
      0.17261718749999999      0.72988729407986352
             0.1726953125      0.72856248235522647
      0.17277343750000002      0.72672293304221691
             0.1728515625      0.72397921135698395
      0.17292968750000001      0.72025968891838243
             0.1730078125      0.71577058880393363
      0.17308593750000001      0.71087847782362124
      0.17316406249999999      0.70597405667870416
      0.17324218750000001      0.70134106154905562
      0.17332031249999999      0.69708894718529724
             0.1733984375      0.69318048464465154
      0.17347656250000001      0.68952061440981183
             0.1735546875        0.686014578058874
      0.17363281250000001      0.68262590301091952
             0.1737109375      0.67944844649598168
      0.17378906250000001      0.67686451653785962
      0.17386718749999999      0.67592634367277304
             0.1739453125      0.67869350555752983
      0.17402343750000002      0.68645621250552702
             0.1741015625      0.69688039632405552
      0.17417968750000001      0.70591267147975345
             0.1742578125      0.71087951334468102
      0.17433593750000001      0.71288968683178944
      0.17441406249999999      0.71548857536465182
      0.17449218750000001       0.7221001423970832
      0.17457031249999999      0.73401597137548624
             0.1746484375      0.74786216055605204
      0.17472656250000002      0.75861491654614632
             0.1748046875      0.76374192901924154
      0.17488281250000001      0.76490608408179073
             0.1749609375      0.76542565722936262
      0.17503906250000001      0.76714137312645347
      0.17511718749999999      0.77035637354334285
      0.17519531250000001      0.77453165763196474
      0.17527343749999999      0.77907205377448685
             0.1753515625      0.78367287650433581
      0.17542968750000001      0.78818978602277501
             0.1755078125      0.79239826929428958
      0.17558593750000001      0.79608033382936905
             0.1756640625      0.79932752901617354
      0.17574218750000001      0.80252789738599473
      0.17582031249999999      0.80591547189338519
             0.1758984375      0.80925876223327931
      0.17597656250000002      0.81207073922562212
             0.1760546875      0.81401861310370538
      0.17613281250000001      0.81505871036378319
             0.1762109375      0.81525610677184557
      0.17628906250000001      0.81455767874391038
      0.17636718749999999      0.81272812612853274
      0.17644531250000001      0.80945629511610184
      0.17652343749999999      0.80446389024483855
             0.1766015625      0.79751442450789922
      0.17667968750000002      0.78848092203117381
             0.1767578125      0.77755418741948845
      0.17683593750000001       0.7650925625911843
             0.1769140625      0.75110802383615882
      0.17699218750000001      0.73562498404550714
      0.17707031249999999      0.72003647822285977
      0.17714843750000001      0.70705261655170559
      0.17722656249999999      0.69874753345607954
             0.1773046875      0.69493682969182846
      0.17738281250000001      0.69435991628963423
             0.1774609375      0.70013168173228435
      0.17753906250000001      0.72769092909730249
             0.1776171875      0.81619426051280897
      0.17769531250000001      0.97430296205138722
      0.17777343749999999       1.1597356671215575
             0.1778515625       1.3141204239807001
      0.17792968750000002       1.4013140144155933
             0.1780078125       1.4343475154818279
      0.17808593750000001       1.4465671332096088
             0.1781640625        1.452738366053149
      0.17824218750000001       1.4565023482867625
      0.17832031249999999       1.4595282952024224
      0.17839843750000001       1.4624375827292131
      0.17847656249999999       1.4651947869630602
             0.1785546875       1.4675549127504073
      0.17863281250000002       1.4692408672185118
             0.1787109375       1.4700653712776142
      0.17878906250000001       1.4699744093962808
             0.1788671875       1.4687865246311178
      0.17894531250000001       1.4661824343746264
      0.17902343749999999       1.4619138800325215
      0.17910156250000001       1.4560075709041371
      0.17917968749999999       1.4487139891416723
             0.1792578125       1.4403516217910517
      0.17933593750000001       1.4313286845173514
             0.1794140625       1.4221315692503183
      0.17949218750000001         1.41364472007362
             0.1795703125       1.4066314846926768
      0.17964843750000001        1.401336743752017
      0.17972656249999999       1.3971324864928787
             0.1798046875       1.3935952285812099
      0.17988281250000002       1.3905354916012018
             0.1799609375       1.3897641637112865
      0.18007812500000001       1.3907837928915787
              0.180234375       1.3938545134350127
              0.180390625       1.3924765891508994
              0.180546875       1.3894400949712074
      0.18070312499999999       1.3912835295676325
      0.18085937500000002       1.3981870710474367
      0.18101562500000001       1.4061213633221132
      0.18117187500000001       1.4113328752131336
      0.18132812500000001       1.4113767878491779
              0.181484375       1.4066164990097116
              0.181640625       1.4005951361974327
              0.181796875       1.3968134815939661
      0.18195312499999999       1.3975999929695853
      0.18210937499999999       1.4021168882903063
      0.18226562500000001        1.407065510986522
      0.18242187500000001       1.4078669491430942
      0.18257812500000001       1.4023844759032396
              0.182734375       1.3948747133996284
              0.182890625       1.3862334422860403
              0.183046875        1.376939242312113
      0.18320312499999999       1.3685725724611646
      0.18335937499999999       1.3619043585049788
      0.18351562500000002       1.3573958626799105
      0.18367187500000001       1.3553557322112673
      0.18382812500000001       1.3555884758687937
      0.18398437500000001       1.3573328854309428
              0.184140625       1.3596726375235411
              0.184296875       1.3621457526942309
              0.184453125       1.3654166576477198
      0.18460937499999999       1.3699920868987061
      0.18476562500000002       1.3768548267444343
      0.18492187500000001       1.3853794578194407
      0.18507812500000001       1.3952397944340882
      0.18523437500000001       1.4054645880138255
              0.185390625       1.4168254235681528
              0.185546875       1.4256070902264584
              0.185703125       1.4311223598093572
      0.18585937499999999       1.4349136468842918
      0.18601562499999999       1.4349907420985197
      0.18617187500000001       1.4325167696384959
      0.18632812500000001       1.4274518635079803
      0.18648437500000001       1.4202745737695575
              0.186640625       1.4115869830911443
              0.186796875       1.4042585801490133
              0.186953125       1.4012852049554734
      0.18710937499999999       1.4020827293953486
      0.18726562499999999       1.4083478117182469
      0.18742187500000002       1.4194816608559351
      0.18757812500000001       1.4383941904556163
      0.18773437500000001       1.4605862150012201
      0.18789062500000001       1.4885333293419452
              0.188046875        1.511662446736028
              0.188203125       1.5320658821159345
              0.188359375       1.5562597133925919
      0.18851562499999999       1.5803964948668721
      0.18867187500000002       1.5937378753669871
      0.18882812500000001       1.5987084383789705
      0.18898437500000001       1.6012955811673903
      0.18914062500000001       1.6017464353675597
              0.189296875       1.5994447567259977
              0.189453125       1.5950765599780812
              0.189609375       1.5897013964376299
      0.18976562499999999        1.584002579782865
      0.18992187500000002        1.577840060027748
               0.19015625       1.5701076108107841
      0.19046874999999999       1.5595470807144436
      0.19078125000000001       1.5520578643590144
      0.19109375000000001       1.5501487415627322
               0.19140625         1.55321975702271
      0.19171874999999999       1.5573086011433721
      0.19203125000000001       1.5601453021394602
      0.19234375000000001       1.5605504152435907
               0.19265625       1.5591477187647358
      0.19296874999999999        1.556926158927856
      0.19328125000000002       1.5551659901849857
      0.19359375000000001       1.5539997816931215
               0.19390625       1.5530132190021939
               0.19421875       1.5513565291816438
      0.19453125000000002       1.5480970772880802
      0.19484375000000001        1.543090417435103
               0.19515625       1.5375037735152928
               0.19546875       1.5330149892514437
      0.19578125000000002       1.5310049739256253
      0.19609375000000001        1.531516115895597
               0.19640625       1.5329145659732359
               0.19671875        1.532814309605002
      0.19703124999999999         1.52906770946526
      0.19734375000000001       1.5212364284747892
      0.19765625000000001       1.5113056496076918
               0.19796875       1.5025358062451812
      0.19828124999999999       1.4972762511447841
      0.19859375000000001       1.4958798114997356
      0.19890625000000001        1.496742774819759
               0.19921875       1.4980474919353846
      0.19953124999999999       1.4981949651836362
      0.19984375000000001       1.4969019795328848
      0.20015625000000001       1.4949576903536212
               0.20046875       1.4934916770989306
      0.20078124999999999       1.4932628500450196
      0.20109375000000002       1.4942890953966681
      0.20140625000000001       1.4958195257029785
               0.20171875       1.4965653254680336
               0.20203125       1.4953346929793065
      0.20234375000000002       1.4915768865748045
      0.20265625000000001       1.4854659075555952
               0.20296875       1.4777669175419201
               0.20328125        1.469836684075333
      0.20359375000000002       1.4638387181256074
      0.20390625000000001       1.4621172275256822
               0.20421875       1.4648249427541749
               0.20453125       1.4681336451282578
      0.20484374999999999       1.4658785663138596
      0.20515625000000001       1.4561094694550056
      0.20546875000000001       1.4438952565989456
               0.20578125       1.4356964541140922
      0.20609374999999999       1.4329661282139654
      0.20640625000000001       1.4323749189365655
      0.20671875000000001       1.4304664528199038
               0.20703125       1.4256678394904569
      0.20734374999999999       1.4175115284655202
      0.20765625000000001       1.4061517455432906
      0.20796875000000001       1.3931704458392473
               0.20828125       1.3804971022000716
      0.20859374999999999       1.3698067627700048
      0.20890625000000002       1.3607343054571166
      0.20921875000000001        1.352481389652602
               0.20953125       1.3434429749695533
               0.20984375       1.3399677173302618
              0.210078125       1.3423311361137498
              0.210234375         1.33795022225912
              0.210390625       1.3335859905297747
      0.21054687499999999       1.3307212572089038
      0.21070312499999999       1.3280610006002871
      0.21085937500000002       1.3254202472092071
      0.21101562500000001       1.3226192614196026
      0.21117187500000001       1.3189076418331485
      0.21132812500000001       1.3150516244286914
              0.211484375       1.3121763899603534
              0.211640625       1.3098928357742161
              0.211796875       1.3072387020229428
      0.21195312499999999       1.3031672754555659
      0.21210937500000002       1.2971467351614883
      0.21226562500000001       1.2898736222120393
      0.21242187500000001       1.2823056597386981
      0.21257812500000001       1.2745757118534704
              0.212734375       1.2663813203756871
              0.212890625       1.2579879121220539
              0.213046875       1.2495546589104072
      0.21320312499999999       1.2416319233022062
      0.21335937500000002        1.234596232699031
      0.21351562500000001       1.2281409377057917
      0.21367187500000001       1.2218714433107285
      0.21382812500000001       1.2154077871325482
              0.213984375       1.2086660321254779
              0.214140625       1.2014997676571886
              0.214296875       1.1938079303548654
      0.21445312499999999       1.1859983557906997
      0.21460937499999999       1.1784963583572337
      0.21476562500000002       1.1685749133352556
      0.21492187500000001       1.1601833153670347
      0.21503906250000002       1.1595616404164923
             0.2151171875       1.1560249227121708
      0.21519531250000001       1.1501335143756855
             0.2152734375       1.1443334444114603
      0.21535156250000001       1.1403301509014583
      0.21542968749999999        1.136961441072323
      0.21550781250000001       1.1320558901098903
      0.21558593749999999       1.1252448157753445
             0.2156640625       1.1177783144520961
      0.21574218750000002       1.1109016934207612
             0.2158203125       1.1050987310330236
      0.21589843750000001       1.1002524906696696
             0.2159765625       1.0959436826307829
      0.21605468750000001       1.0916271266407567
      0.21613281249999999       1.0869738160871294
      0.21621093750000001       1.0821194470005406
      0.21628906250000002       1.0774192841458539
             0.2163671875       1.0728372676223803
      0.21644531250000001       1.0674114316904966
             0.2165234375       1.0600162770138721
      0.21660156250000001       1.0515344169769278
             0.2166796875       1.0462876323293735
      0.21675781250000001       1.0582081119780498
      0.21683593749999999       1.1208962174193833
             0.2169140625       1.2001388974400813
      0.21699218750000002       1.2359097217548021
             0.2170703125       1.2366783909448869
      0.21714843750000001       1.2291988289339224
             0.2172265625       1.2197655077209648
      0.21730468750000001       1.2111116849281578
      0.21738281249999999       1.2040132111279722
      0.21746093750000001       1.1976304887502836
      0.21757812500000001       1.1916372483025051
      0.21773437500000001       1.1904297205150207
              0.217890625        1.191123234927824
              0.218046875       1.1896900110871627
              0.218203125       1.1825294432897384
      0.21835937499999999        1.170820446148169
      0.21851562499999999       1.1604299551454991
      0.21867187500000002       1.1568653792337047
      0.21882812500000001       1.1596457407444356
      0.21898437500000001       1.1628652157674946
      0.21914062500000001       1.1619866808179891
              0.219296875       1.1590808905288046
              0.219453125       1.1579463675285782
              0.219609375       1.1635695132252271
      0.21976562499999999       1.1756547581079899
      0.21992187500000002       1.1929924993133774
      0.22007812500000001       1.2173129585000777
      0.22023437500000001       1.2480479455985871
      0.22039062500000001       1.2748360052175787
              0.220546875       1.2821324620080827
              0.220703125       1.2751212390774269
              0.220859375       1.2664317496691406
      0.22101562499999999       1.2610791960961329
      0.22117187500000002       1.2683679155641296
      0.22132812500000001       1.2836658528590319
      0.22148437500000001        1.298275641292143
      0.22164062500000001       1.3080755819128871
              0.221796875       1.3165993068523831
              0.221953125       1.3259026594878938
              0.222109375       1.3350646023764015
      0.22226562499999999       1.3424932958336269
      0.22242187499999999       1.3479201566046128
      0.22257812500000002       1.3544451108633091
      0.22273437500000001       1.3613409439193371
      0.22289062500000001       1.3656933011633519
      0.22304687500000001       1.3651541057248766
              0.223203125       1.3611656019108338
              0.223359375        1.358398172598988
              0.223515625       1.3595774167757346
      0.22367187499999999       1.3649203350608026
      0.22382812500000002       1.3737733514125456
      0.22398437500000001       1.3839175030415929
      0.22414062500000001       1.3927726743791626
      0.22429687500000001       1.3977807710886896
              0.224453125       1.3993342913417519
              0.224609375       1.3987433488305261
              0.224765625       1.3991488387787121
      0.22492187499999999       1.3990479891318315
             0.2250390625       1.4016165576170221
      0.22511718750000001       1.4033890441350478
      0.22519531249999999       1.4029800834330781
      0.22527343750000001       1.4001243850792866
      0.22535156249999999       1.3959139740440971
             0.2254296875       1.3920836232174187
      0.22550781250000002       1.3891394155921095
             0.2255859375       1.3864975394080188
      0.22566406250000001       1.3840311083880126
             0.2257421875       1.3825804520587035
      0.22582031250000001       1.3830171032437124
      0.22589843749999999       1.3853205951518284
      0.22597656250000001       1.3889075382097764
      0.22605468750000002       1.3936991486824837
             0.2261328125       1.4004848224509823
      0.22621093750000001       1.4099541130892588
             0.2262890625        1.421395387994119
      0.22636718750000001       1.4329419986040814
             0.2264453125       1.4422572776627753
      0.22652343750000001       1.4478598284051152
      0.22660156249999999       1.4517374040387168
             0.2266796875        1.457152902160979
      0.22675781250000002       1.4696347872114435
             0.2268359375       1.5277214751044352
      0.22691406250000001       1.7887790450461587
             0.2269921875       2.2763816455451193
      0.22707031250000001       2.7178713891339603
      0.22714843749999999       2.8759927945880421
      0.22722656250000001        2.817057240749167
      0.22730468749999999       2.7013645846396077
             0.2273828125        2.595008928824003
      0.22746093750000002       2.5329235379890327
             0.2275390625        2.507417843146281
      0.22761718750000001       2.4944343217410934
             0.2276953125       2.4842371544041391
      0.22777343750000001       2.4766332179710746
      0.22785156249999999       2.4744359184332527
      0.22792968750000001       2.4794822727131485
      0.22800781250000002       2.4907642077925787
             0.2280859375       2.5060908019899095
      0.22816406250000001       2.5224427433418728
             0.2282421875       2.5368620612608423
      0.22832031250000001       2.5474238739566144
             0.2283984375       2.5536772408066954
      0.22847656250000001       2.5565907014743008
      0.22855468749999999       2.5580609566007992
             0.2286328125       2.5596177402719844
      0.22871093750000002       2.5625192841543942
             0.2287890625       2.5676546128513245
      0.22886718750000001        2.575473348323158
             0.2289453125       2.5861064371413085
      0.22902343750000001       2.5993967971237626
      0.22910156249999999       2.6148122674738499
      0.22917968750000001       2.6315517268777113
      0.22925781249999999       2.6491312011578354
             0.2293359375       2.6678327434668607
      0.22941406250000002       2.6886236471696825
             0.2294921875        2.712638873381906
      0.22957031250000001       2.7407027852137453
             0.2296484375       2.7730872623341045
      0.22972656250000001       2.8095482634922666
      0.22980468749999999       2.8501051746810919
      0.22988281250000001        2.896118226246847
      0.22996093750000002       2.9505557199959309
             0.2300390625        3.017122809362125
      0.23011718750000001       3.0988470719504373
             0.2301953125       3.1967007390394211
      0.23027343750000001       3.3105582106044413
             0.2303515625       3.4426153933238353
      0.23042968750000001       3.5999035925649583
      0.23050781249999999       3.7937865268623705
             0.2305859375       4.0306802734725782
      0.23066406250000002       4.2967770553949567
             0.2307421875       4.5522894481565537
      0.23082031250000001       4.7462129273487212
             0.2308984375        4.843527401092576
      0.23097656250000001       4.8469101185137511
      0.23105468749999999         4.79455022336243
      0.23113281250000001       4.7173294218936377
      0.23121093749999999       4.6319107500952494
             0.2312890625       4.5343304913981317
      0.23136718750000002       4.4156610666579059
             0.2314453125       4.2854590704063407
      0.23152343750000001       4.1631951395056568
             0.2316015625       4.0594729639211531
      0.23167968750000001       3.9713887022977206
      0.23175781249999999       3.8906895083470854
      0.23183593750000001       3.8125121858959319
      0.23191406250000002       3.7373898901023237
             0.2319921875       3.6686799165927799
      0.23207031250000001       3.6094125430431809
             0.2321484375       3.5607768187620614
      0.23222656250000001       3.5222131343365644
             0.2323046875       3.4923425247092315
      0.23238281250000001       3.4695636357180435
      0.23246093749999999       3.4523128778353098
             0.2325390625       3.4391346506034766
      0.23261718750000002       3.4286334848693683
             0.2326953125       3.4194189902073213
      0.23277343750000001       3.4101256794574466
             0.2328515625       3.3995534891152985
      0.23292968750000001       3.3869036815815856
      0.23300781249999999       3.3719761456321171
      0.23308593750000001       3.3551506662632131
      0.23316406249999999       3.3371007320766011
             0.2332421875       3.3184077273894164
      0.23332031250000002       3.2993616723667301
             0.2333984375       3.2800444892872136
      0.23347656250000001         3.26054434791974
             0.2335546875       3.2410602547145215
      0.23363281250000001       3.2218122239692275
      0.23371093749999999        3.202839593675451
      0.23378906250000001       3.1838636573626951
      0.23386718750000002       3.1643817256559279
             0.2339453125       3.1439741206251983
      0.23402343750000001       3.1225995901070531
             0.2341015625       3.1007051851256469
      0.23417968750000001       3.0791679475235521
             0.2342578125       3.0587810315385346
      0.23433593750000001       3.0398605297314947
      0.23441406249999999       3.0222092938531389
             0.2344921875       3.0053011273390613
      0.23457031250000002       2.9886019428546771
             0.2346484375       2.9718889429199673
      0.23472656250000001        2.955404747797032
             0.2348046875       2.9397828410267062
      0.23488281250000001       2.9257423948987968
      0.23496093749999999       2.9138117174276199
      0.23503906250000001        2.904232770301248
      0.23511718749999999       2.8970883298029757
             0.2351953125       2.8924316989649288
      0.23527343750000002       2.8902873890114686
             0.2353515625       2.8904891641955257
      0.23542968750000001       2.8925039233258674
             0.2355078125       2.8953955999442171
      0.23558593750000001       2.8979632421268051
      0.23566406249999999       2.8990183654206536
      0.23574218750000001       2.8977459451170362
      0.23582031250000002       2.8940271613435176
             0.2358984375       2.8885583090775224
      0.23597656250000001       2.8826510687481721
             0.2360546875       2.8777248684764167
      0.23613281250000001       2.8746168604769347
             0.2362109375       2.8731222377692309
      0.23628906250000001        2.871951100343467
      0.23636718749999999       2.8691991031996253
             0.2364453125       2.8630597701614873
      0.23652343750000002       2.8524808059425526
             0.2366015625       2.8376749774997645
      0.23667968750000001       2.8199982602341729
             0.2367578125       2.8011321263374986
      0.23683593750000001       2.7826743816957293
      0.23691406249999999       2.7656715692685339
      0.23699218750000001       2.7504612823009151
      0.23707031249999999       2.7368353495930489
             0.2371484375       2.7243146262219216
      0.23722656250000002       2.7123753999559623
             0.2373046875       2.7006689170121705
      0.23738281250000001       2.6891587955539134
             0.2374609375        2.678107159510823
      0.23753906250000001       2.6679019226941323
      0.23761718749999999        2.658895505076543
      0.23769531250000001       2.6512933197911877
      0.23777343750000002       2.6451031992439775
             0.2378515625       2.6401496059203047
      0.23792968750000001       2.6361612450684149
             0.2380078125       2.6328735954468492
      0.23808593750000001       2.6300981783662793
             0.2381640625       2.6277349101154854
      0.23824218750000001       2.6257238776153029
      0.23832031249999999       2.6239582239812695
             0.2383984375       2.6221801753663194
      0.23847656250000002       2.6199390536339195
             0.2385546875       2.6166780870083697
      0.23863281250000001       2.6119255023633778
             0.2387109375       2.6055953874820474
      0.23878906250000001       2.5984016589061838
      0.23886718749999999         2.59212187137067
      0.23894531250000001       2.5894137097251657
      0.23902343749999999        2.593496723843324
             0.2391015625       2.6064519881487289
      0.23917968750000002       2.6274893635311556
             0.2392578125       2.6527942751718716
      0.23933593750000001       2.6770954902302369
             0.2394140625       2.6953598239408008
      0.23949218750000001       2.7041783184386019
      0.23957031249999999       2.7022707227737435
      0.23964843750000001        2.692564177116707
      0.23972656250000002       2.6795154466393316
             0.2398046875       2.6703292918765116
      0.23988281250000001        2.665346032046759
             0.2399609375       2.6642092604372949
