3.906250000000000081e-05 2.033957215839250932e+00
1.171874999999999957e-04 2.032798878491421490e+00
1.953125000000000108e-04 2.030801348203301604e+00
2.734375000000000260e-04 2.027917649224131758e+00
3.515624999999999870e-04 2.024140937710355637e+00
4.296875000000000022e-04 2.019479054841704091e+00
5.078125000000000173e-04 2.013943482736883173e+00
5.859374999999999783e-04 2.007546877242918359e+00
6.640625000000000477e-04 2.000303952098754667e+00
7.421875000000000087e-04 1.992232704634107288e+00
8.203124999999999696e-04 1.983354881603556219e+00
8.984375000000000390e-04 1.973695626911530887e+00
9.765625000000000000e-04 1.963282644535473187e+00
1.054687500000000069e-03 1.952145237382351572e+00
1.132812499999999922e-03 1.940313452323382704e+00
1.210937499999999991e-03 1.927817419948802735e+00
1.289062500000000061e-03 1.914686893826906156e+00
1.367187500000000130e-03 1.900950965268527026e+00
1.445312499999999983e-03 1.886637926309285618e+00
1.523437500000000052e-03 1.871775255091346457e+00
1.601562500000000121e-03 1.856389697627589097e+00
1.679687499999999974e-03 1.840507418451524657e+00
1.757812500000000043e-03 1.824154191496057731e+00
1.835937500000000113e-03 1.807355602890584612e+00
1.914062499999999965e-03 1.790137239831784965e+00
1.992187500000000035e-03 1.772524844306555991e+00
2.070312500000000104e-03 1.754544416756023795e+00
2.148437500000000173e-03 1.736222261964791125e+00
2.226562500000000243e-03 1.717584976614225933e+00
2.304687499999999879e-03 1.698659384189121324e+00
2.382812499999999948e-03 1.679472427617967778e+00
2.460937500000000017e-03 1.660051032801478588e+00
2.539062500000000087e-03 1.640421956998633357e+00
2.617187500000000156e-03 1.620611635128525130e+00
2.695312500000000226e-03 1.600646034848584698e+00
2.773437499999999861e-03 1.580550528316709835e+00
2.851562499999999931e-03 1.560349785354441909e+00
2.929687500000000000e-03 1.540067689740560519e+00
3.007812500000000069e-03 1.519727277899195261e+00
3.085937500000000139e-03 1.499350697482867867e+00
3.164062500000000208e-03 1.478959182331490263e+00
3.242187500000000278e-03 1.458573039948006356e+00
3.320312499999999913e-03 1.438211647831642237e+00
3.398437499999999983e-03 1.417893455577845963e+00
3.476562500000000052e-03 1.397635990413799156e+00
3.554687500000000121e-03 1.377455864635150240e+00
3.632812500000000191e-03 1.357368784127139794e+00
3.710937500000000260e-03 1.337389557716881283e+00
3.789062499999999896e-03 1.317532107485022141e+00
3.867187499999999965e-03 1.297809480370290647e+00
3.945312500000000035e-03 1.278233861454034059e+00
4.023437500000000104e-03 1.258816589255185470e+00
4.101562500000000173e-03 1.239568173244544935e+00
4.179687500000000243e-03 1.220498313640272503e+00
4.257812500000000312e-03 1.201615923404614428e+00
4.335937500000000382e-03 1.182929152244621029e+00
4.414062500000000451e-03 1.164445412336955421e+00
4.492187500000000520e-03 1.146171405449716518e+00
4.570312499999999722e-03 1.128113151121926450e+00
4.648437499999999792e-03 1.110276015578313569e+00
4.726562499999999861e-03 1.092664741080754398e+00
4.804687499999999931e-03 1.075283475452686099e+00
4.882812500000000000e-03 1.058135801567280820e+00
4.960937500000000069e-03 1.041224766635717947e+00
5.039062500000000139e-03 1.024552911156533463e+00
5.117187500000000208e-03 1.008122297404761003e+00
5.195312500000000278e-03 9.919345373643506658e-01
5.273437500000000347e-03 9.759908200091167441e-01
5.351562500000000416e-03 9.602919378721790356e-01
5.429687500000000486e-03 9.448383129065275332e-01
5.507812499999999688e-03 9.296300216640760450e-01
5.585937499999999757e-03 9.146668199020502321e-01
5.664062499999999827e-03 8.999481666094235610e-01
5.742187499999999896e-03 8.854732474852112789e-01
5.820312499999999965e-03 8.712409974121000378e-01
5.898437500000000035e-03 8.572501218530540479e-01
5.976562500000000104e-03 8.434991159433737895e-01
6.054687500000000173e-03 8.299862820861374502e-01
6.132812500000000243e-03 8.167097445829738511e-01
6.210937500000000312e-03 8.036674670901294837e-01
6.289062500000000382e-03 7.908572629025104606e-01
6.367187500000000451e-03 7.782768201355320103e-01
6.445312500000000520e-03 7.659237432727119543e-01
6.523437499999999722e-03 7.537955973365322304e-01
6.601562499999999792e-03 7.418896761547734142e-01
6.679687499999999861e-03 7.302032644640659154e-01
6.757812499999999931e-03 7.187340655679097523e-01
6.835937500000000000e-03 7.074797752685655361e-01
6.914062500000000069e-03 6.964377512697469408e-01
6.992187500000000139e-03 6.856051392013046142e-01
7.070312500000000208e-03 6.749791073013969855e-01
7.148437500000000278e-03 6.645569541673758129e-01
7.226562500000000347e-03 6.543359583482565300e-01
7.304687500000000416e-03 6.443130867073845192e-01
7.382812500000000486e-03 6.344848129622795430e-01
7.460937500000000555e-03 6.248471683776011254e-01
7.539062499999999757e-03 6.153961009618433842e-01
7.617187499999999827e-03 6.061280812895111225e-01
7.695312499999999896e-03 5.970404977104238897e-01
7.773437499999999965e-03 5.881316684216817414e-01
7.851562500000000902e-03 5.794006075689023261e-01
7.929687500000000971e-03 5.708470187019416553e-01
8.007812499999999306e-03 5.624709837284438407e-01
8.085937499999999375e-03 5.542728938328357335e-01
8.164062499999999445e-03 5.462522590284071278e-01
8.242187499999999514e-03 5.384087151287616502e-01
8.320312499999999584e-03 5.307411549731899658e-01
8.398437499999999653e-03 5.232568195176220405e-01
8.476562499999999722e-03 5.159743594434194058e-01
8.554687499999999792e-03 5.089527459412145349e-01
8.632812499999999861e-03 5.022868909462772091e-01
8.710937499999999931e-03 4.961741675790960482e-01
8.789062500000000000e-03 4.906149844992215847e-01
8.867187500000000069e-03 4.856648424185216473e-01
8.945312500000000139e-03 4.803326653579301220e-01
9.023437500000000208e-03 4.730026518722644235e-01
9.101562500000000278e-03 4.629559126972175864e-01
9.179687500000000347e-03 4.526716811273162611e-01
9.257812500000000416e-03 4.665854235452063237e-01
9.335937500000000486e-03 5.589551055195849383e-01
9.414062500000000555e-03 7.965187875419222907e-01
9.492187500000000625e-03 1.156415389875101507e+00
9.570312500000000694e-03 1.504219855874051603e+00
9.648437500000000763e-03 1.707495637526169840e+00
9.726562500000000833e-03 1.755328778000817325e+00
9.804687500000000902e-03 1.725674403198842688e+00
9.882812500000000971e-03 1.686081238631675472e+00
9.960937500000001041e-03 1.656401465419501839e+00
1.003906249999999938e-02 1.635904153357425894e+00
1.011718749999999944e-02 1.624451969610519075e+00
1.019531249999999951e-02 1.623441845910251535e+00
1.027343749999999958e-02 1.629108571409150663e+00
1.035156249999999965e-02 1.638828528730531309e+00
1.042968749999999972e-02 1.651973952752985086e+00
1.050781249999999979e-02 1.668283817291705162e+00
1.058593749999999986e-02 1.686193286665590430e+00
1.066406249999999993e-02 1.701911978631366784e+00
1.074218750000000000e-02 1.715127760084661057e+00
1.082031250000000007e-02 1.726514511558125076e+00
1.089843750000000014e-02 1.737562154020753313e+00
1.097656250000000021e-02 1.747052263680471951e+00
1.105468750000000028e-02 1.756679783321569488e+00
1.113281250000000035e-02 1.769747800599564824e+00
1.121093750000000042e-02 1.787404936820113699e+00
1.128906250000000049e-02 1.806539066966017737e+00
1.136718750000000056e-02 1.828390435753986409e+00
1.144531250000000062e-02 1.855200965574741234e+00
1.152343750000000069e-02 1.883246647311807465e+00
1.160156250000000076e-02 1.909306485953099042e+00
1.167968750000000083e-02 1.931054176064315619e+00
1.175781250000000090e-02 1.951120338984199565e+00
1.183593750000000097e-02 1.975915270431353843e+00
1.191406250000000104e-02 2.001512147249507212e+00
1.199218750000000111e-02 2.019363734924697784e+00
1.207031249999999944e-02 2.025478624924669013e+00
1.214843749999999951e-02 2.021592170700402757e+00
1.222656249999999958e-02 2.011363902231980028e+00
1.230468749999999965e-02 1.998516641563064411e+00
1.238281249999999972e-02 1.986734520575819118e+00
1.246093749999999979e-02 1.975402210601421293e+00
1.253906249999999986e-02 1.965329792579466384e+00
1.261718749999999993e-02 1.956254051486685963e+00
1.269531250000000000e-02 1.948339741219960120e+00
1.277343750000000007e-02 1.940995770119815944e+00
1.285156250000000014e-02 1.933617447779144793e+00
1.292968750000000021e-02 1.925299325429318253e+00
1.300781250000000028e-02 1.915836113264084206e+00
1.308593750000000035e-02 1.904832301034184550e+00
1.316406250000000042e-02 1.892434808420824233e+00
1.324218750000000049e-02 1.880496241483139652e+00
1.332031250000000056e-02 1.869311320954533118e+00
1.339843750000000062e-02 1.858647417561992699e+00
1.347656250000000069e-02 1.847927540865424101e+00
1.355468750000000076e-02 1.836405338928150499e+00
1.363281250000000083e-02 1.824154328176279094e+00
1.371093750000000090e-02 1.811731705600249986e+00
1.378906250000000097e-02 1.799291604405140133e+00
1.386718750000000104e-02 1.787343442738291266e+00
1.394531250000000111e-02 1.775773474321095557e+00
1.402343749999999944e-02 1.764896598243143711e+00
1.410156249999999951e-02 1.754318132244863770e+00
1.417968749999999958e-02 1.743749374604638414e+00
1.425781249999999965e-02 1.733121437599827175e+00
1.433593749999999972e-02 1.722891916263526113e+00
1.441406249999999979e-02 1.713159290022343129e+00
1.449218749999999986e-02 1.703937056776856585e+00
1.457031249999999993e-02 1.695649128487496382e+00
1.464843750000000000e-02 1.689644960238027682e+00
1.472656250000000007e-02 1.686529057522351938e+00
1.480468750000000014e-02 1.686264392684925228e+00
1.488281250000000021e-02 1.688393551132594705e+00
1.496093750000000028e-02 1.691918290115937085e+00
1.503906250000000035e-02 1.696800368027878037e+00
1.511718750000000042e-02 1.702980114293037195e+00
1.519531250000000049e-02 1.709596921915329748e+00
1.527343750000000056e-02 1.711651319657524928e+00
1.535156250000000062e-02 1.706068121807678084e+00
1.542968750000000069e-02 1.693643946220152685e+00
1.550781250000000076e-02 1.677287720450463038e+00
1.558593750000000083e-02 1.658058150048439039e+00
1.566406249999999917e-02 1.637243100129054163e+00
1.574218750000000097e-02 1.616470922373447250e+00
1.582031249999999931e-02 1.596905235568212955e+00
1.589843750000000111e-02 1.579064353685510236e+00
1.597656249999999944e-02 1.562704796418592279e+00
1.605468750000000125e-02 1.547833836149897335e+00
1.613281249999999958e-02 1.534736327991682137e+00
1.621093750000000139e-02 1.523887329273314606e+00
1.628906249999999972e-02 1.515893848253616616e+00
1.636718750000000153e-02 1.510329522178297967e+00
1.644531249999999986e-02 1.506550759796905004e+00
1.652343750000000167e-02 1.504176104005938708e+00
1.660156250000000000e-02 1.501770210192631350e+00
1.667968750000000180e-02 1.498485130120084108e+00
1.675781250000000014e-02 1.494455057656892238e+00
1.683593750000000194e-02 1.488842971956486183e+00
1.691406250000000028e-02 1.481056026189786934e+00
1.699218750000000208e-02 1.470804539683505219e+00
1.707031250000000042e-02 1.457745648544351624e+00
1.714843749999999875e-02 1.442349713869190087e+00
1.722656250000000056e-02 1.425494305621945124e+00
1.730468749999999889e-02 1.407741506692463673e+00
1.738281250000000069e-02 1.389071742170820745e+00
1.746093749999999903e-02 1.369479671139164134e+00
1.753906250000000083e-02 1.349135733965244777e+00
1.761718749999999917e-02 1.328544669125650612e+00
1.769531250000000097e-02 1.308380097075427129e+00
1.777343749999999931e-02 1.288780226361840864e+00
1.785156250000000111e-02 1.269746095859376256e+00
1.792968749999999944e-02 1.251159608142411006e+00
1.800781250000000125e-02 1.233109996480166393e+00
1.808593749999999958e-02 1.215765309786716042e+00
1.816406250000000139e-02 1.198804832733674219e+00
1.824218749999999972e-02 1.182018115008565573e+00
1.832031250000000153e-02 1.165754250084670263e+00
1.839843749999999986e-02 1.150072986483771098e+00
1.847656250000000167e-02 1.134627636235078674e+00
1.855468750000000000e-02 1.119348201856940506e+00
1.863281250000000180e-02 1.104425828808300203e+00
1.871093750000000014e-02 1.089803454167302288e+00
1.878906250000000194e-02 1.075403268341828200e+00
1.886718750000000028e-02 1.061240201700089480e+00
1.894531250000000208e-02 1.047363011031980484e+00
1.902343750000000042e-02 1.033706235101384596e+00
1.910156249999999875e-02 1.020460896452988875e+00
1.917968750000000056e-02 1.007361375224428146e+00
1.925781249999999889e-02 9.945822401941858404e-01
1.933593750000000069e-02 9.822642847621803064e-01
1.941406249999999903e-02 9.702630482472697215e-01
1.949218750000000083e-02 9.585273806430872900e-01
1.957031249999999917e-02 9.470981436012245736e-01
1.964843750000000097e-02 9.358145263906414435e-01
1.972656249999999931e-02 9.246873928099663686e-01
1.980468750000000111e-02 9.137139573877137710e-01
1.988281249999999944e-02 9.030336559942739871e-01
1.996093750000000125e-02 8.925745995163999469e-01
2.003906249999999958e-02 8.823003525688692950e-01
2.011718750000000139e-02 8.722388691884073175e-01
2.019531249999999972e-02 8.623952743242839780e-01
2.027343750000000153e-02 8.528345895243407693e-01
2.035156249999999986e-02 8.437429747429734395e-01
2.042968750000000167e-02 8.351103391664463915e-01
2.050781250000000000e-02 8.270865413417296530e-01
2.058593750000000180e-02 8.198690439369805683e-01
2.066406250000000014e-02 8.132736712286994241e-01
2.074218750000000194e-02 8.064132873106027999e-01
2.082031250000000028e-02 8.003785455385787895e-01
2.089843750000000208e-02 8.005140305812284973e-01
2.097656250000000042e-02 8.120566006103858703e-01
2.105468749999999875e-02 8.253195006775739806e-01
2.113281250000000056e-02 8.276305655221432023e-01
2.121093749999999889e-02 8.308257861671293210e-01
2.128906250000000069e-02 8.618439104014290475e-01
2.136718749999999903e-02 9.011256516318151277e-01
2.144531250000000083e-02 9.124653166568966745e-01
2.152343749999999917e-02 9.190438630250336027e-01
2.160156250000000097e-02 9.400323386547242421e-01
2.167968749999999931e-02 9.652359002016366318e-01
2.175781250000000111e-02 9.860134323921138089e-01
2.183593749999999944e-02 9.967572470209233870e-01
2.191406250000000125e-02 1.010212689403596098e+00
2.199218749999999958e-02 1.059770273284056818e+00
2.207031250000000139e-02 1.110037535352191851e+00
2.214843749999999972e-02 1.138462162152200197e+00
2.222656250000000153e-02 1.173666343382081312e+00
2.230468749999999986e-02 1.206847157026653017e+00
2.238281250000000167e-02 1.236628351504076129e+00
2.246093750000000000e-02 1.267018633345968537e+00
2.253906250000000180e-02 1.313725408527510519e+00
2.261718750000000014e-02 1.357191228362784940e+00
2.269531250000000194e-02 1.370240511041161513e+00
2.277343750000000028e-02 1.385589879099491606e+00
2.285156250000000208e-02 1.421801137086490918e+00
2.292968750000000042e-02 1.448862411819844986e+00
2.300781249999999875e-02 1.461695865730717303e+00
2.308593750000000056e-02 1.472097251225804815e+00
2.316406249999999889e-02 1.486539177346977381e+00
2.324218750000000069e-02 1.518286203512961841e+00
2.332031249999999903e-02 1.540254358835700499e+00
2.339843750000000083e-02 1.540884120288730008e+00
2.347656249999999917e-02 1.536453144852955699e+00
2.355468750000000097e-02 1.541668772551408662e+00
2.363281249999999931e-02 1.546362772642821959e+00
2.371093750000000111e-02 1.548470033394341749e+00
2.378906249999999944e-02 1.551988435212643624e+00
2.386718750000000125e-02 1.560620790764081667e+00
2.394531249999999958e-02 1.568636485465634500e+00
2.402343750000000139e-02 1.572864588247935735e+00
2.410156249999999972e-02 1.571997369493585595e+00
2.417968750000000153e-02 1.565873142795262130e+00
2.425781249999999986e-02 1.559712616382411765e+00
2.433593750000000167e-02 1.556196084072226649e+00
2.441406250000000000e-02 1.553223154117302940e+00
2.449218750000000180e-02 1.549329180968565867e+00
2.457031250000000014e-02 1.544010628156583964e+00
2.464843750000000194e-02 1.536421952559821946e+00
2.472656250000000028e-02 1.529293691527733312e+00
2.480468750000000208e-02 1.527699797337034759e+00
2.488281250000000042e-02 1.530526886749328908e+00
2.496093750000000222e-02 1.531587259323934136e+00
2.503906250000000056e-02 1.530808910015800883e+00
2.511718749999999889e-02 1.528757054006616656e+00
2.519531250000000069e-02 1.525531008458706150e+00
2.527343749999999903e-02 1.522211783978657529e+00
2.535156250000000083e-02 1.520615406568136541e+00
2.542968749999999917e-02 1.521917600076408972e+00
2.550781250000000097e-02 1.528379861990404320e+00
2.558593749999999931e-02 1.540524607246686495e+00
2.566406250000000111e-02 1.552164351493763750e+00
2.574218749999999944e-02 1.555143831560341416e+00
2.582031250000000125e-02 1.549191319177295911e+00
2.589843749999999958e-02 1.539397813848353946e+00
2.597656250000000139e-02 1.529621080476671002e+00
2.605468749999999972e-02 1.522093837442885400e+00
2.613281250000000153e-02 1.518981392229288740e+00
2.621093749999999986e-02 1.523845173654071017e+00
2.628906250000000167e-02 1.535789145832723745e+00
2.636718750000000000e-02 1.545887347686348168e+00
2.644531250000000180e-02 1.551335642686404448e+00
2.652343750000000014e-02 1.553813622731516686e+00
2.660156250000000194e-02 1.554291715516090910e+00
2.667968750000000028e-02 1.553465377332577502e+00
2.675781250000000208e-02 1.553993383128633221e+00
2.683593750000000042e-02 1.558958657424892591e+00
2.691406250000000222e-02 1.563998388183505561e+00
2.699218750000000056e-02 1.563867986024223278e+00
2.707031249999999889e-02 1.561131544824065687e+00
2.714843750000000069e-02 1.560512320984468237e+00
2.722656249999999903e-02 1.565700053919817591e+00
2.730468750000000083e-02 1.576585527205089932e+00
2.738281249999999917e-02 1.590007472371003150e+00
2.746093750000000097e-02 1.593096086711810244e+00
2.753906249999999931e-02 1.584703777195758390e+00
2.761718750000000111e-02 1.572340017113559307e+00
2.769531249999999944e-02 1.560873560199177668e+00
2.777343750000000125e-02 1.552703992297283175e+00
2.785156249999999958e-02 1.546940124349412082e+00
2.792968750000000139e-02 1.541223427145549829e+00
2.800781249999999972e-02 1.536439731398424824e+00
2.808593750000000153e-02 1.534021382748434581e+00
2.816406249999999986e-02 1.533846456366087407e+00
2.824218750000000167e-02 1.534962023801973885e+00
2.832031250000000000e-02 1.534777171328703727e+00
2.839843750000000180e-02 1.531251999211441950e+00
2.847656250000000014e-02 1.526979708614608189e+00
2.855468750000000194e-02 1.525783775380433527e+00
2.863281250000000028e-02 1.529646464211795953e+00
2.871093750000000208e-02 1.534579286906934792e+00
2.878906250000000042e-02 1.536465641402463778e+00
2.886718750000000222e-02 1.533176209794075540e+00
2.894531250000000056e-02 1.525997427690912067e+00
2.902343749999999889e-02 1.518591266345990842e+00
2.910156250000000069e-02 1.512790293468775804e+00
2.917968749999999903e-02 1.506391628825795026e+00
2.925781250000000083e-02 1.496335572975622252e+00
2.933593749999999917e-02 1.481881425631546456e+00
2.941406250000000097e-02 1.463930613293642491e+00
2.949218749999999931e-02 1.444451746528318647e+00
2.957031250000000111e-02 1.426699400040121857e+00
2.964843749999999944e-02 1.412349556323747146e+00
2.972656250000000125e-02 1.400619632184788355e+00
2.980468749999999958e-02 1.390655386032857876e+00
2.988281250000000139e-02 1.381558640176120401e+00
2.996093749999999972e-02 1.373017515723232274e+00
3.003906250000000153e-02 1.365424115257171334e+00
3.011718749999999986e-02 1.360231017301710699e+00
3.019531250000000167e-02 1.357013259758578672e+00
3.027343750000000000e-02 1.351965163515558732e+00
3.035156250000000180e-02 1.342960067578252925e+00
3.042968750000000014e-02 1.332971241607253887e+00
3.050781250000000194e-02 1.323883694094634356e+00
3.058593750000000028e-02 1.315490806678636826e+00
3.066406250000000208e-02 1.307301843551181175e+00
3.074218750000000042e-02 1.299829414517220449e+00
3.082031250000000222e-02 1.294163924159899226e+00
3.089843750000000056e-02 1.289907222402259190e+00
3.097656250000000236e-02 1.285215005544387834e+00
3.105468750000000069e-02 1.278347149783129355e+00
3.113281249999999903e-02 1.269675995464786045e+00
3.121093750000000083e-02 1.260252177445230881e+00
3.128906249999999917e-02 1.251268819465512605e+00
3.136718749999999750e-02 1.243477424064035830e+00
3.144531250000000278e-02 1.237105254839491630e+00
3.152343750000000111e-02 1.232723129868867451e+00
3.160156249999999944e-02 1.230350476189166375e+00
3.167968749999999778e-02 1.228752163115227836e+00
3.175781250000000305e-02 1.227123715379621949e+00
3.183593750000000139e-02 1.224293395056700096e+00
3.191406249999999972e-02 1.220361914303503381e+00
3.199218749999999806e-02 1.216446207191697715e+00
3.207031250000000333e-02 1.212711803669216604e+00
3.214843750000000167e-02 1.209098163666191272e+00
3.222656250000000000e-02 1.205002248693326505e+00
3.230468749999999833e-02 1.199671668644761269e+00
3.238281250000000361e-02 1.192704737992195785e+00
3.246093750000000194e-02 1.184450800209994936e+00
3.253906250000000028e-02 1.176098225112558904e+00
3.261718749999999861e-02 1.168480846856999378e+00
3.269531250000000389e-02 1.161795502118411205e+00
3.277343750000000222e-02 1.156028129312604014e+00
3.285156250000000056e-02 1.151945188565007161e+00
3.292968749999999889e-02 1.149625741928036460e+00
3.300781249999999722e-02 1.147927222985042572e+00
3.308593750000000250e-02 1.146284586421348006e+00
3.316406250000000083e-02 1.144494328995464327e+00
3.324218749999999917e-02 1.141608267334270455e+00
3.332031249999999750e-02 1.137691613986824279e+00
3.339843750000000278e-02 1.134726883481127491e+00
3.347656250000000111e-02 1.135145328410404719e+00
3.355468749999999944e-02 1.137476835082407156e+00
3.363281249999999778e-02 1.138866757577038591e+00
3.371093750000000305e-02 1.139538464054553613e+00
3.378906250000000139e-02 1.140740797109425664e+00
3.386718749999999972e-02 1.140361515872973852e+00
3.394531249999999806e-02 1.137948556034785286e+00
3.402343750000000333e-02 1.135041874879961332e+00
3.410156250000000167e-02 1.132548190282962830e+00
3.417968750000000000e-02 1.130091164122851488e+00
3.425781249999999833e-02 1.129656908983826868e+00
3.433593750000000361e-02 1.133294610402918456e+00
3.441406250000000194e-02 1.137115757741784972e+00
3.449218750000000028e-02 1.140313290380815747e+00
3.457031249999999861e-02 1.143367907207942347e+00
3.464843750000000389e-02 1.146163397254529759e+00
3.472656250000000222e-02 1.147769738569337061e+00
3.480468750000000056e-02 1.147417709699738886e+00
3.488281249999999889e-02 1.146748797510525941e+00
3.496093750000000416e-02 1.152107349763436428e+00
3.503906250000000250e-02 1.172624377176290533e+00
3.511718750000000083e-02 1.190123522701621805e+00
3.519531249999999917e-02 1.196057954936777579e+00
3.527343749999999750e-02 1.194088351380400814e+00
3.535156250000000278e-02 1.187724672806548032e+00
3.542968750000000111e-02 1.181489168610125873e+00
3.550781249999999944e-02 1.180825873679519411e+00
3.558593749999999778e-02 1.187478317081157142e+00
3.566406250000000305e-02 1.192542900947202389e+00
3.574218750000000139e-02 1.189992253431915614e+00
3.582031249999999972e-02 1.182519932751341374e+00
3.589843749999999806e-02 1.176449289404047915e+00
3.597656250000000333e-02 1.179818287112639696e+00
3.605468750000000167e-02 1.189745311293391339e+00
3.613281250000000000e-02 1.210381074167232507e+00
3.621093749999999833e-02 1.240007850246956034e+00
3.628906250000000361e-02 1.259631387126473490e+00
3.636718750000000194e-02 1.275820263176882685e+00
3.644531250000000028e-02 1.285045428169631077e+00
3.652343749999999861e-02 1.289361094417421860e+00
3.660156250000000389e-02 1.293346778203688263e+00
3.667968750000000222e-02 1.298741227422251177e+00
3.675781250000000056e-02 1.304642280970861101e+00
3.683593749999999889e-02 1.306696042417510473e+00
3.691406250000000416e-02 1.304174504610612795e+00
3.699218750000000250e-02 1.299792455642510003e+00
3.707031250000000083e-02 1.296528560679326869e+00
3.714843749999999917e-02 1.294718961252960820e+00
3.722656249999999750e-02 1.294100708052625892e+00
3.730468750000000278e-02 1.296145779822568400e+00
3.738281250000000111e-02 1.298007096232586255e+00
3.746093749999999944e-02 1.293292018158532564e+00
3.753906249999999778e-02 1.289888754507725555e+00
3.761718750000000305e-02 1.292793413892284971e+00
3.769531250000000139e-02 1.298354623753912307e+00
3.777343749999999972e-02 1.302943879224316426e+00
3.785156249999999806e-02 1.304228320534055685e+00
3.792968750000000333e-02 1.302626314309279332e+00
3.800781250000000167e-02 1.298938114898479324e+00
3.808593750000000000e-02 1.293827100629279414e+00
3.816406249999999833e-02 1.288367663623952275e+00
3.824218750000000361e-02 1.287694829822372933e+00
3.832031250000000194e-02 1.295254320091164590e+00
3.839843750000000028e-02 1.300397425900533532e+00
3.847656249999999861e-02 1.296979532797535084e+00
3.855468750000000389e-02 1.294607412963949322e+00
3.863281250000000222e-02 1.301114088573054772e+00
3.871093750000000056e-02 1.316205110776490939e+00
3.878906249999999889e-02 1.322871446861673572e+00
3.886718750000000416e-02 1.322471339879988106e+00
3.894531250000000250e-02 1.324191322268564175e+00
3.902343750000000083e-02 1.330984141803013499e+00
3.910156249999999917e-02 1.334564620338691165e+00
3.917968749999999750e-02 1.339962341651599553e+00
3.925781250000000278e-02 1.353865385000492694e+00
3.933593750000000111e-02 1.368468341930388243e+00
3.941406249999999944e-02 1.378686593377099312e+00
3.949218749999999778e-02 1.385872411028415518e+00
3.957031250000000305e-02 1.398321277167565491e+00
3.964843750000000139e-02 1.421067377058108372e+00
3.972656249999999972e-02 1.429162280956119302e+00
3.980468749999999806e-02 1.425393490048316725e+00
3.988281250000000333e-02 1.419392828474658197e+00
3.996093750000000167e-02 1.414311378083247028e+00
4.003906250000000000e-02 1.412292292835342744e+00
4.011718749999999833e-02 1.417810936181895798e+00
4.019531250000000361e-02 1.432942485076952988e+00
4.027343750000000194e-02 1.439437760010705114e+00
4.035156250000000028e-02 1.437339737851174082e+00
4.042968749999999861e-02 1.433293579167382870e+00
4.050781250000000389e-02 1.429751749333503241e+00
4.058593750000000222e-02 1.427333807473363025e+00
4.066406250000000056e-02 1.425637232647880337e+00
4.074218749999999889e-02 1.423452069224750316e+00
4.082031250000000416e-02 1.421443531838421093e+00
4.089843750000000250e-02 1.420936264759649958e+00
4.097656250000000083e-02 1.423775982180829569e+00
4.105468749999999917e-02 1.430377850895873548e+00
4.113281249999999750e-02 1.436218644741941164e+00
4.121093750000000278e-02 1.437257997031271994e+00
4.128906250000000111e-02 1.434320643813239426e+00
4.136718749999999944e-02 1.429286610747967590e+00
4.144531249999999778e-02 1.423338968861845855e+00
4.152343750000000305e-02 1.416713960136168238e+00
4.160156250000000139e-02 1.410337978803821057e+00
4.167968749999999972e-02 1.405842529436427180e+00
4.175781249999999806e-02 1.403885712255360962e+00
4.183593750000000333e-02 1.403588476892501324e+00
4.191406250000000167e-02 1.405282182589074669e+00
4.199218750000000000e-02 1.407968959527807318e+00
4.207031249999999833e-02 1.410699770592612756e+00
4.214843750000000361e-02 1.413156108801961741e+00
4.222656250000000194e-02 1.412865450002995793e+00
4.230468750000000028e-02 1.410361487765375843e+00
4.238281249999999861e-02 1.407098313128585465e+00
4.246093750000000389e-02 1.404116938652346658e+00
4.257812500000000139e-02 1.396351439082266666e+00
4.273437499999999806e-02 1.383299340264501964e+00
4.289062500000000167e-02 1.372872073256304892e+00
4.304687499999999833e-02 1.386585373271456589e+00
4.320312500000000194e-02 1.388430139774030625e+00
4.335937499999999861e-02 1.391076841108108697e+00
4.351562500000000222e-02 1.392116531966176352e+00
4.367187499999999889e-02 1.383702204500482535e+00
4.382812500000000250e-02 1.365264916630527070e+00
4.398437499999999917e-02 1.349524053696616654e+00
4.414062500000000278e-02 1.338766564008748050e+00
4.429687499999999944e-02 1.332422802673987716e+00
4.445312500000000305e-02 1.325489958569281645e+00
4.460937499999999972e-02 1.317053229632396461e+00
4.476562500000000333e-02 1.323834286271025062e+00
4.492187500000000000e-02 1.342126275919968359e+00
4.507812500000000361e-02 1.365376048909477280e+00
4.523437500000000028e-02 1.358742826961650385e+00
4.539062500000000389e-02 1.347117113667016364e+00
4.554687500000000056e-02 1.345668067535604751e+00
4.570312500000000416e-02 1.347198496229314202e+00
4.585937500000000083e-02 1.354805334083635682e+00
4.601562499999999750e-02 1.365020674593999228e+00
4.617187500000000111e-02 1.363847156751267109e+00
4.632812499999999778e-02 1.357361278694055429e+00
4.648437500000000139e-02 1.347554972868457934e+00
4.664062499999999806e-02 1.338823782776598303e+00
4.679687500000000167e-02 1.342485029482219927e+00
4.695312499999999833e-02 1.339662961842526645e+00
4.710937500000000194e-02 1.343962740667736355e+00
4.726562499999999861e-02 1.344752653615878035e+00
4.742187500000000222e-02 1.344331304128059790e+00
4.753906249999999972e-02 1.348270336033186689e+00
4.761718749999999806e-02 1.352831435504824764e+00
4.769531250000000333e-02 1.357328508630152086e+00
4.777343750000000167e-02 1.358449520157926305e+00
4.785156250000000000e-02 1.355780705734553004e+00
4.792968749999999833e-02 1.351562188398917286e+00
4.800781250000000361e-02 1.347989742415605985e+00
4.808593750000000194e-02 1.344452875882354848e+00
4.816406250000000028e-02 1.340512907419124211e+00
4.824218749999999861e-02 1.339266004696675338e+00
4.832031250000000389e-02 1.344176571494732908e+00
4.839843750000000222e-02 1.349841453514943668e+00
4.847656250000000056e-02 1.352198312912367584e+00
4.855468749999999889e-02 1.352581028329395973e+00
4.863281250000000416e-02 1.353525267486487271e+00
4.871093750000000250e-02 1.357662083975762712e+00
4.878906250000000083e-02 1.363573380292361970e+00
4.886718749999999917e-02 1.368509806641402093e+00
4.894531250000000444e-02 1.371380465546587324e+00
4.902343750000000278e-02 1.372584588777460590e+00
4.910156250000000111e-02 1.374125718874543267e+00
4.917968749999999944e-02 1.376393152475900328e+00
4.925781249999999778e-02 1.376449443656829530e+00
4.933593750000000305e-02 1.371522555384584452e+00
4.941406250000000139e-02 1.366371316525287316e+00
4.949218749999999972e-02 1.365034052932381670e+00
4.957031249999999806e-02 1.365845210248055164e+00
4.964843750000000333e-02 1.365790260069547291e+00
4.972656250000000167e-02 1.364909471863528623e+00
4.980468750000000000e-02 1.363241689900516418e+00
4.988281249999999833e-02 1.360547131312327185e+00
4.996093750000000361e-02 1.357430297414865983e+00
5.007812500000000111e-02 1.356212877237489067e+00
5.023437499999999778e-02 1.359184168353484878e+00
5.039062500000000139e-02 1.362748846783231826e+00
5.054687499999999806e-02 1.364188814800781913e+00
5.070312500000000167e-02 1.362566293707379472e+00
5.085937499999999833e-02 1.358483007617183214e+00
5.101562500000000194e-02 1.357694185866575864e+00
5.117187499999999861e-02 1.358572891255792170e+00
5.132812500000000222e-02 1.355900024057692832e+00
5.148437499999999889e-02 1.353710989398204889e+00
5.164062500000000250e-02 1.354403216781703501e+00
5.179687499999999917e-02 1.350707944563515506e+00
5.195312500000000278e-02 1.343866715112241872e+00
5.210937499999999944e-02 1.346192279477890441e+00
5.226562500000000305e-02 1.351895166710109120e+00
5.242187499999999972e-02 1.359955378791868341e+00
5.257812500000000333e-02 1.371338277397090355e+00
5.273437500000000000e-02 1.381847806835279080e+00
5.289062500000000361e-02 1.383563753801310581e+00
5.304687500000000028e-02 1.383974214005378567e+00
5.320312500000000389e-02 1.382976600819223023e+00
5.335937500000000056e-02 1.380277169822457628e+00
5.351562500000000416e-02 1.376705801846430433e+00
5.367187500000000083e-02 1.371743313071432713e+00
5.382812500000000444e-02 1.369024624841286952e+00
5.398437500000000111e-02 1.378544577508080682e+00
5.414062499999999778e-02 1.371140572701240901e+00
5.429687500000000139e-02 1.366914490832903617e+00
5.445312499999999806e-02 1.364895080575518227e+00
5.460937500000000167e-02 1.362164466844878019e+00
5.476562499999999833e-02 1.357159070857442584e+00
5.492187500000000194e-02 1.353782216799519489e+00
5.503906249999999944e-02 1.355334937689217867e+00
5.511718749999999778e-02 1.355287519371448202e+00
5.519531250000000305e-02 1.353189509796804968e+00
5.527343750000000139e-02 1.350798260109200344e+00
5.535156249999999972e-02 1.348813709260981986e+00
5.542968749999999806e-02 1.347092797246478568e+00
5.550781250000000333e-02 1.345751961823862475e+00
5.558593750000000167e-02 1.348915981259110275e+00
5.566406250000000000e-02 1.353876899959055580e+00
5.574218749999999833e-02 1.357053598738488853e+00
5.582031250000000361e-02 1.361328411517869652e+00
5.589843750000000194e-02 1.362929433665079682e+00
5.597656250000000028e-02 1.361111051377685177e+00
5.605468749999999861e-02 1.359153514791814121e+00
5.613281250000000389e-02 1.359586667626417000e+00
5.621093750000000222e-02 1.361710578203819910e+00
5.628906250000000056e-02 1.362134219673177604e+00
5.636718749999999889e-02 1.360597812705953036e+00
5.644531250000000416e-02 1.358295147722347496e+00
5.652343750000000250e-02 1.355873932621560751e+00
5.660156250000000083e-02 1.353967329971430988e+00
5.667968749999999917e-02 1.352248256019915162e+00
5.675781250000000444e-02 1.350305073211136353e+00
5.683593750000000278e-02 1.351230830961746010e+00
5.691406250000000111e-02 1.362341419694882649e+00
5.699218749999999944e-02 1.368342689695826619e+00
5.707031249999999778e-02 1.366005657111122096e+00
5.714843750000000305e-02 1.362865918351108041e+00
5.722656250000000139e-02 1.360762134843294113e+00
5.730468749999999972e-02 1.357618287818566305e+00
5.738281249999999806e-02 1.364151506183287621e+00
5.746093750000000333e-02 1.395177556862061019e+00
5.753906250000000167e-02 1.416663696888768920e+00
5.761718750000000000e-02 1.417150116013528249e+00
5.769531249999999833e-02 1.413051709186527338e+00
5.777343750000000361e-02 1.409453470968337729e+00
5.785156250000000194e-02 1.405837388634646024e+00
5.792968750000000028e-02 1.401707611588719704e+00
5.800781249999999861e-02 1.397600714169565439e+00
5.808593750000000389e-02 1.394031721390315282e+00
5.816406250000000222e-02 1.391141782154668327e+00
5.824218750000000056e-02 1.388649412769473512e+00
5.832031249999999889e-02 1.385927906667495435e+00
5.839843750000000416e-02 1.382408977599606681e+00
5.847656250000000250e-02 1.378030521618558879e+00
5.855468750000000083e-02 1.375909004196733232e+00
5.863281249999999917e-02 1.379677017702019892e+00
5.871093750000000444e-02 1.382603819519759636e+00
5.878906250000000278e-02 1.383144577293017097e+00
5.886718750000000111e-02 1.383539739585094352e+00
5.894531249999999944e-02 1.384104580459477374e+00
5.902343749999999778e-02 1.384664281492857363e+00
5.910156250000000305e-02 1.385403466535555461e+00
5.917968750000000139e-02 1.387451601334329210e+00
5.925781249999999972e-02 1.390123700616563429e+00
5.933593749999999806e-02 1.392598051124230185e+00
5.941406250000000333e-02 1.393042248663133975e+00
5.949218750000000167e-02 1.389721048527961855e+00
5.957031250000000000e-02 1.383103360425470330e+00
5.964843749999999833e-02 1.374914346457809966e+00
5.972656250000000361e-02 1.366748495268993890e+00
5.980468750000000194e-02 1.358295957743249627e+00
5.988281250000000028e-02 1.349459560938293556e+00
5.996093749999999861e-02 1.342568887841410818e+00
6.003906250000000389e-02 1.338233270857569490e+00
6.011718750000000222e-02 1.336005745097585740e+00
6.019531250000000056e-02 1.334661201164095479e+00
6.027343749999999889e-02 1.329448382479750945e+00
6.035156250000000416e-02 1.320122254432874787e+00
6.042968750000000250e-02 1.311799847388391616e+00
6.050781250000000083e-02 1.307018917498291133e+00
6.058593749999999917e-02 1.305139021187766035e+00
6.066406250000000444e-02 1.303603166344171616e+00
6.074218750000000278e-02 1.301012000597862706e+00
6.082031250000000111e-02 1.297836420202745034e+00
6.089843749999999944e-02 1.295092540427527972e+00
6.097656250000000472e-02 1.293283365405648810e+00
6.105468750000000305e-02 1.292244623645248280e+00
6.113281250000000139e-02 1.294190876356879238e+00
6.121093749999999972e-02 1.300491944998993343e+00
6.128906249999999806e-02 1.305757499647094422e+00
6.136718750000000333e-02 1.309754146146673293e+00
6.144531250000000167e-02 1.311378465908818125e+00
6.152343750000000000e-02 1.310708712665072051e+00
6.160156249999999833e-02 1.309473190825140909e+00
6.167968750000000361e-02 1.308847859945924563e+00
6.175781250000000194e-02 1.309291959572146613e+00
6.183593750000000028e-02 1.311602424997335481e+00
6.191406249999999861e-02 1.316671782055198525e+00
6.199218750000000389e-02 1.323277288793508033e+00
6.207031250000000222e-02 1.332337659835670873e+00
6.214843750000000056e-02 1.336672692786844641e+00
6.222656249999999889e-02 1.336034924851650318e+00
6.230468750000000416e-02 1.334155787500027390e+00
6.238281250000000250e-02 1.331950488504501262e+00
6.246093750000000083e-02 1.331283265560825324e+00
6.253906250000000611e-02 1.337047693392650949e+00
6.261718750000000444e-02 1.349889995790866992e+00
6.269531250000000278e-02 1.359525547822637570e+00
6.277343750000000111e-02 1.360475913999102504e+00
6.285156249999999944e-02 1.359022007321797343e+00
6.292968749999999778e-02 1.357164939725216346e+00
6.300781249999999611e-02 1.355540247737659021e+00
6.308593749999999445e-02 1.355068321112924190e+00
6.316406250000000666e-02 1.356327510902706424e+00
6.324218750000000500e-02 1.359047936788477795e+00
6.332031250000000333e-02 1.362485164464360299e+00
6.339843750000000167e-02 1.365095093060854303e+00
6.347656250000000000e-02 1.365556377539773880e+00
6.355468749999999833e-02 1.364379807713025361e+00
6.363281249999999667e-02 1.368951911877879457e+00
6.371093749999999500e-02 1.377999841615594967e+00
6.378906250000000722e-02 1.377077170065367451e+00
6.386718750000000555e-02 1.372893622391689661e+00
6.394531250000000389e-02 1.369572022822524771e+00
6.402343750000000222e-02 1.367381612348118614e+00
6.410156250000000056e-02 1.366158478262551990e+00
6.417968749999999889e-02 1.365066130211677109e+00
6.425781249999999722e-02 1.363396810579255325e+00
6.433593749999999556e-02 1.360898041564841288e+00
6.441406250000000777e-02 1.357074170509993571e+00
6.449218750000000611e-02 1.352238404249762382e+00
6.457031250000000444e-02 1.348068497578130742e+00
6.464843750000000278e-02 1.346499674982970962e+00
6.472656250000000111e-02 1.346454909821027890e+00
6.480468749999999944e-02 1.345900318008684593e+00
6.488281249999999778e-02 1.343574673029856781e+00
6.496093749999999611e-02 1.340139066096415865e+00
6.503906249999999445e-02 1.336023669512766077e+00
6.511718750000000666e-02 1.333229779001429804e+00
6.519531250000000500e-02 1.336111318919718238e+00
6.527343750000000333e-02 1.342716485965855133e+00
6.535156250000000167e-02 1.346283934611449684e+00
6.542968750000000000e-02 1.345462762660425637e+00
6.550781249999999833e-02 1.343491947859330571e+00
6.558593749999999667e-02 1.346685983654283492e+00
6.566406249999999500e-02 1.359146746493131719e+00
6.574218750000000722e-02 1.365153945477356467e+00
6.582031250000000555e-02 1.363652703150175727e+00
6.589843750000000389e-02 1.360719445038672148e+00
6.597656250000000222e-02 1.357292155091292640e+00
6.605468750000000056e-02 1.353447911426541417e+00
6.613281249999999889e-02 1.348737160563379556e+00
6.621093749999999722e-02 1.343460418989871341e+00
6.628906249999999556e-02 1.336044409803367916e+00
6.636718750000000777e-02 1.327210249556329824e+00
6.644531250000000611e-02 1.320541226919953903e+00
6.652343750000000444e-02 1.317593045489426240e+00
6.660156250000000278e-02 1.315870940306139270e+00
6.667968750000000111e-02 1.313221687602868837e+00
6.675781249999999944e-02 1.309745785336402069e+00
6.683593749999999778e-02 1.306396709856012972e+00
6.691406249999999611e-02 1.305153499243218995e+00
6.699218750000000833e-02 1.309941995266683756e+00
6.707031250000000666e-02 1.321755168555482474e+00
6.714843750000000500e-02 1.333556062933012765e+00
6.722656250000000333e-02 1.336475693337003667e+00
6.730468750000000167e-02 1.331152671320690262e+00
6.738281250000000000e-02 1.319989938380308425e+00
6.746093749999999833e-02 1.308343518766137192e+00
6.753906249999999667e-02 1.304426950297575161e+00
6.761718749999999500e-02 1.313271479715396595e+00
6.769531250000000722e-02 1.330021521714228827e+00
6.777343750000000555e-02 1.340289496030340866e+00
6.785156250000000389e-02 1.339860607814600035e+00
6.792968750000000222e-02 1.336276839800440763e+00
6.800781250000000056e-02 1.334478426144777963e+00
6.808593749999999889e-02 1.334038400936463198e+00
6.816406249999999722e-02 1.334771763242456277e+00
6.824218749999999556e-02 1.337187470158084146e+00
6.832031250000000777e-02 1.343447449991558518e+00
6.839843750000000611e-02 1.349736579647227819e+00
6.847656250000000444e-02 1.351890722209764251e+00
6.855468750000000278e-02 1.350447920731843165e+00
6.863281250000000111e-02 1.347151699683645898e+00
6.871093749999999944e-02 1.344155582137738669e+00
6.878906249999999778e-02 1.343297174610216693e+00
6.886718749999999611e-02 1.344951398559915523e+00
6.894531250000000833e-02 1.347941519722882786e+00
6.902343750000000666e-02 1.350573265131990164e+00
6.910156250000000500e-02 1.353628151622212616e+00
6.917968750000000333e-02 1.358743607698323030e+00
6.925781250000000167e-02 1.364812686731674551e+00
6.933593750000000000e-02 1.374557132307616003e+00
6.941406249999999833e-02 1.382697225654930806e+00
6.949218749999999667e-02 1.384640188516129466e+00
6.957031249999999500e-02 1.386355272783883708e+00
6.964843750000000722e-02 1.390302146249996262e+00
6.972656250000000555e-02 1.392965144989729342e+00
6.980468750000000389e-02 1.395477029446785533e+00
6.988281250000000222e-02 1.398938220353922679e+00
6.996093750000000056e-02 1.401434991021575982e+00
7.007812500000000500e-02 1.401007820010932603e+00
7.023437500000000167e-02 1.397790773178957613e+00
7.039062499999999833e-02 1.396661924826994694e+00
7.054687499999999500e-02 1.395875928184209247e+00
7.070312500000000555e-02 1.399563650275106541e+00
7.085937500000000222e-02 1.407476337238606323e+00
7.101562499999999889e-02 1.412327296458542047e+00
7.117187499999999556e-02 1.412420841852984443e+00
7.132812500000000611e-02 1.407465286567255003e+00
7.148437500000000278e-02 1.401369785153213643e+00
7.164062499999999944e-02 1.404836011670547835e+00
7.179687499999999611e-02 1.413861235339717748e+00
7.195312500000000666e-02 1.417430209733953950e+00
7.210937500000000333e-02 1.418867776301517836e+00
7.226562500000000000e-02 1.421933414400351259e+00
7.242187499999999667e-02 1.414184221887343718e+00
7.257812500000000722e-02 1.403884047084231979e+00
7.273437500000000389e-02 1.401271820045852268e+00
7.289062500000000056e-02 1.397277830042574109e+00
7.304687499999999722e-02 1.390216143545187855e+00
7.320312500000000777e-02 1.389679021102849354e+00
7.335937500000000444e-02 1.382611587244707119e+00
7.351562500000000111e-02 1.379695483844942894e+00
7.367187499999999778e-02 1.384945085807529841e+00
7.382812500000000833e-02 1.391000656419763448e+00
7.398437500000000500e-02 1.393971668148152876e+00
7.414062500000000167e-02 1.393057039370933170e+00
7.429687499999999833e-02 1.389781007819005376e+00
7.445312499999999500e-02 1.386867774541033826e+00
7.460937500000000555e-02 1.384272705642067836e+00
7.476562500000000222e-02 1.380315728910829209e+00
7.492187499999999889e-02 1.374824634518825972e+00
7.507812499999999556e-02 1.369112052563876469e+00
7.523437500000000611e-02 1.365058273733654071e+00
7.539062500000000278e-02 1.361949380635107731e+00
7.554687499999999944e-02 1.357743586999951901e+00
7.570312499999999611e-02 1.356145036738179765e+00
7.585937500000000666e-02 1.357190776518155895e+00
7.601562500000000333e-02 1.357573295003231317e+00
7.617187500000000000e-02 1.360789975423405629e+00
7.632812499999999667e-02 1.364787588608844748e+00
7.648437500000000722e-02 1.371787781588402089e+00
7.664062500000000389e-02 1.373845150102271928e+00
7.679687500000000056e-02 1.364334456226134362e+00
7.695312499999999722e-02 1.356570060087817886e+00
7.710937500000000777e-02 1.345764115276633310e+00
7.726562500000000444e-02 1.333750653198680469e+00
7.742187500000000111e-02 1.325882385256963447e+00
7.757812499999999778e-02 1.326586123812544926e+00
7.773437500000000833e-02 1.350160239839540255e+00
7.789062500000000500e-02 1.357680528323947700e+00
7.804687500000000167e-02 1.356735233707122124e+00
7.820312499999999833e-02 1.354048913530724541e+00
7.835937499999999500e-02 1.366482411662748087e+00
7.851562500000000555e-02 1.371271557044681177e+00
7.867187500000000222e-02 1.367336131294106583e+00
7.882812499999999889e-02 1.359972715967170620e+00
7.898437499999999556e-02 1.352550649099488078e+00
7.914062500000000611e-02 1.348474838165618861e+00
7.929687500000000278e-02 1.344901259374129188e+00
7.945312499999999944e-02 1.340991884491304686e+00
7.960937499999999611e-02 1.337398533845541415e+00
7.976562500000000666e-02 1.335326633787451867e+00
7.992187500000000333e-02 1.334103295112347709e+00
8.007812500000000000e-02 1.333175950643006757e+00
8.023437499999999667e-02 1.331500414330538895e+00
8.039062500000000722e-02 1.325801764053340381e+00
8.054687500000000389e-02 1.318286658108287046e+00
8.070312500000000056e-02 1.308753811733247119e+00
8.085937499999999722e-02 1.299226016495310665e+00
8.101562500000000777e-02 1.306310922153699039e+00
8.117187500000000444e-02 1.320471801380723287e+00
8.132812500000000111e-02 1.323068280078210757e+00
8.148437499999999778e-02 1.321217883998969889e+00
8.164062500000000833e-02 1.319030308631309101e+00
8.179687500000000500e-02 1.318556584918961994e+00
8.195312500000000167e-02 1.324898188909958696e+00
8.210937499999999833e-02 1.324178685285546608e+00
8.226562499999999500e-02 1.323154292810339472e+00
8.242187500000000555e-02 1.322971689707461929e+00
8.253906249999999611e-02 1.322458779017717356e+00
8.261718750000000833e-02 1.320419601572228263e+00
8.269531250000000666e-02 1.315967235880591613e+00
8.277343750000000500e-02 1.309630229714184857e+00
8.285156250000000333e-02 1.303350208691384848e+00
8.292968750000000167e-02 1.298664305215244008e+00
8.300781250000000000e-02 1.296320318237076386e+00
8.308593749999999833e-02 1.294131071917265396e+00
8.316406249999999667e-02 1.290464978804627183e+00
8.324218749999999500e-02 1.287113927910332301e+00
8.332031250000000722e-02 1.289723161286135511e+00
8.339843750000000555e-02 1.292227169974892620e+00
8.347656250000000389e-02 1.289699169069908224e+00
8.355468750000000222e-02 1.291237648431767360e+00
8.363281250000000056e-02 1.292045519568789658e+00
8.371093749999999889e-02 1.289210955715663687e+00
8.378906249999999722e-02 1.287141775681920342e+00
8.386718749999999556e-02 1.286306984369356421e+00
8.394531250000000777e-02 1.285810580172024542e+00
8.402343750000000611e-02 1.284776345313049406e+00
8.410156250000000444e-02 1.283253795908778638e+00
8.417968750000000278e-02 1.280878179262819438e+00
8.425781250000000111e-02 1.277719417669090696e+00
8.433593749999999944e-02 1.274987054691930188e+00
8.441406249999999778e-02 1.273579288068042104e+00
8.449218749999999611e-02 1.271464329128884740e+00
8.457031250000000833e-02 1.270209675871026622e+00
8.464843750000000666e-02 1.277284957782941710e+00
8.472656250000000500e-02 1.289403982878370325e+00
8.480468750000000333e-02 1.300061196186870660e+00
8.488281250000000167e-02 1.312092910836217152e+00
8.496093750000000000e-02 1.332814153852189376e+00
8.507812500000000444e-02 1.355230196879514182e+00
8.523437500000000111e-02 1.362487207723102278e+00
8.539062499999999778e-02 1.365308859270211617e+00
8.554687500000000833e-02 1.367682768926787862e+00
8.570312500000000500e-02 1.365549102322231034e+00
8.585937500000000167e-02 1.363583801344745883e+00
8.601562499999999833e-02 1.369547883624445461e+00
8.617187499999999500e-02 1.371322175727603732e+00
8.632812500000000555e-02 1.369231826516229322e+00
8.648437500000000222e-02 1.367976658655226885e+00
8.664062499999999889e-02 1.368152689698965752e+00
8.679687499999999556e-02 1.380873563810748994e+00
8.695312500000000611e-02 1.378043118229414166e+00
8.710937500000000278e-02 1.373484617562135579e+00
8.726562499999999944e-02 1.379361371233438494e+00
8.742187499999999611e-02 1.383464299625604577e+00
8.757812500000000666e-02 1.389278370453617795e+00
8.773437500000000333e-02 1.392023441188963151e+00
8.789062500000000000e-02 1.401170170081859734e+00
8.804687499999999667e-02 1.404417710745886838e+00
8.820312500000000722e-02 1.398416177661456317e+00
8.835937500000000389e-02 1.394781517615077071e+00
8.851562500000000056e-02 1.408981329661328497e+00
8.867187499999999722e-02 1.415958027047843570e+00
8.882812500000000777e-02 1.413484946563326572e+00
8.898437500000000444e-02 1.413935580557293070e+00
8.914062500000000111e-02 1.416934033362509338e+00
8.929687499999999778e-02 1.417113265873017447e+00
8.945312500000000833e-02 1.416620912425382350e+00
8.960937500000000500e-02 1.420509932116262641e+00
8.976562500000000167e-02 1.422764877401460293e+00
8.992187499999999833e-02 1.419807920783115573e+00
9.007812499999999500e-02 1.412281061214144984e+00
9.023437500000000555e-02 1.404001531615032050e+00
9.039062500000000222e-02 1.400023760641659454e+00
9.054687499999999889e-02 1.398025882634999384e+00
9.070312499999999556e-02 1.398715863880334975e+00
9.085937500000000611e-02 1.399932480744740415e+00
9.101562500000000278e-02 1.403202545414285130e+00
9.117187499999999944e-02 1.414077549526212119e+00
9.132812499999999611e-02 1.410416891075105150e+00
9.148437500000000666e-02 1.407581465401390286e+00
9.164062500000000333e-02 1.420897151644434642e+00
9.179687500000000000e-02 1.425375594266330648e+00
9.195312499999999667e-02 1.422653495064770457e+00
9.210937500000000722e-02 1.419061302380149492e+00
9.226562500000000389e-02 1.413178505127684392e+00
9.242187500000000056e-02 1.415823220414311745e+00
9.253906250000000500e-02 1.418146134938164549e+00
9.261718750000000333e-02 1.418293413095352173e+00
9.269531250000000167e-02 1.418401852108517547e+00
9.277343750000000000e-02 1.418215881027094394e+00
9.285156249999999833e-02 1.417171728298471711e+00
9.292968749999999667e-02 1.415375029119065875e+00
9.300781249999999500e-02 1.414562774488013375e+00
9.308593750000000722e-02 1.416432556470513582e+00
9.316406250000000555e-02 1.416077100957002344e+00
9.324218750000000389e-02 1.412286864439626477e+00
9.332031250000000222e-02 1.407538341472309718e+00
9.339843750000000056e-02 1.402836338220258883e+00
9.347656249999999889e-02 1.398777968243392733e+00
9.355468749999999722e-02 1.396625281040316358e+00
9.363281249999999556e-02 1.396409514956703735e+00
9.371093750000000777e-02 1.397099259648743486e+00
9.378906250000000611e-02 1.397486676784196247e+00
9.386718750000000444e-02 1.396961935484475781e+00
9.394531250000000278e-02 1.395309020462173200e+00
9.402343750000000111e-02 1.392938130035225264e+00
9.410156249999999944e-02 1.390024306484586969e+00
9.417968749999999778e-02 1.385785298843838387e+00
9.425781249999999611e-02 1.379619016812693832e+00
9.433593750000000833e-02 1.372578069467675910e+00
9.441406250000000666e-02 1.366578095004953086e+00
9.449218750000000500e-02 1.362709371187695417e+00
9.457031250000000333e-02 1.360534935347186503e+00
9.464843750000000167e-02 1.358415909650653619e+00
9.472656250000000000e-02 1.354510501204037265e+00
9.480468749999999833e-02 1.349355055194524367e+00
9.488281249999999667e-02 1.344511992754151786e+00
9.496093750000000888e-02 1.340783425005349194e+00
9.503906250000000722e-02 1.337225762451429434e+00
9.511718750000000555e-02 1.335823782728461362e+00
9.519531250000000389e-02 1.343759617808127693e+00
9.527343750000000222e-02 1.352851445364363414e+00
9.535156250000000056e-02 1.353387692708268863e+00
9.542968749999999889e-02 1.350746930899528131e+00
9.550781249999999722e-02 1.347826554522542075e+00
9.558593749999999556e-02 1.345066462204015822e+00
9.566406250000000777e-02 1.342493007076125400e+00
9.574218750000000611e-02 1.339973704115228870e+00
9.582031250000000444e-02 1.336843352982173716e+00
9.589843750000000278e-02 1.332589320868710070e+00
9.597656250000000111e-02 1.327477758934959562e+00
9.605468749999999944e-02 1.322404371115683208e+00
9.613281249999999778e-02 1.318329095073705437e+00
9.621093749999999611e-02 1.315450333777302472e+00
9.628906250000000833e-02 1.313814529805424014e+00
9.636718750000000666e-02 1.313368520944550255e+00
9.644531250000000500e-02 1.313750693407797154e+00
9.652343750000000333e-02 1.314641704628681351e+00
9.660156250000000167e-02 1.315402564747187419e+00
9.667968750000000000e-02 1.315276478540534200e+00
9.675781249999999833e-02 1.315239076943159224e+00
9.683593749999999667e-02 1.318430882996890263e+00
9.691406250000000888e-02 1.331011347829784919e+00
9.699218750000000722e-02 1.337309029900339619e+00
9.707031250000000555e-02 1.335600779559932949e+00
9.714843750000000389e-02 1.332395609710214091e+00
9.722656250000000222e-02 1.330934622962570035e+00
9.730468750000000056e-02 1.337797235757982595e+00
9.738281249999999889e-02 1.345196677102036276e+00
9.746093749999999722e-02 1.345105145014900749e+00
9.753906249999999556e-02 1.342500474546501232e+00
9.761718750000000777e-02 1.339239616897549556e+00
9.769531250000000611e-02 1.335928499910388201e+00
9.777343750000000444e-02 1.332583437565231455e+00
9.785156250000000278e-02 1.329025077592167481e+00
9.792968750000000111e-02 1.325665718672447868e+00
9.800781249999999944e-02 1.323346952728706061e+00
9.808593749999999778e-02 1.321579055553940840e+00
9.816406249999999611e-02 1.318737235627743365e+00
9.824218750000000833e-02 1.314883898592570377e+00
9.832031250000000666e-02 1.311149249209741852e+00
9.839843750000000500e-02 1.307667205482303752e+00
9.847656250000000333e-02 1.304705484903222468e+00
9.855468750000000167e-02 1.303405469272419070e+00
9.863281250000000000e-02 1.306844018747544300e+00
9.871093749999999833e-02 1.311587262478959959e+00
9.878906249999999667e-02 1.312515554784564165e+00
9.886718750000000888e-02 1.311952656558326158e+00
9.894531250000000722e-02 1.311750260461618023e+00
9.902343750000000555e-02 1.311894329207849763e+00
9.910156250000000389e-02 1.311804236235285526e+00
9.917968750000000222e-02 1.311074660212505405e+00
9.925781250000000056e-02 1.310222800041783486e+00
9.933593749999999889e-02 1.309925412000047640e+00
9.941406249999999722e-02 1.310133961703991989e+00
9.949218749999999556e-02 1.310948346797757180e+00
9.957031250000000777e-02 1.312303521532912853e+00
9.964843750000000611e-02 1.313914526506151814e+00
9.972656250000000444e-02 1.315432122875344723e+00
9.980468750000000278e-02 1.316496977041082372e+00
9.988281250000000111e-02 1.317036225575980213e+00
9.996093749999999944e-02 1.317238475351273808e+00
1.000390624999999978e-01 1.317664383487269886e+00
1.001171874999999961e-01 1.319651416002155520e+00
1.001953125000000083e-01 1.321545889481431368e+00
1.002734375000000067e-01 1.321675142576624884e+00
1.003515625000000050e-01 1.320886364851228567e+00
1.004296875000000033e-01 1.320067231497758842e+00
1.005078125000000017e-01 1.318450487120477854e+00
1.005859375000000000e-01 1.316154184877080358e+00
1.006640624999999983e-01 1.313642410404593841e+00
1.007421874999999967e-01 1.311283275104142332e+00
1.008203125000000089e-01 1.308964616536000491e+00
1.008984375000000072e-01 1.306696273713853662e+00
1.009765625000000056e-01 1.304456132219973030e+00
1.010546875000000039e-01 1.302157099784516880e+00
1.011328125000000022e-01 1.299800868607881021e+00
1.012109375000000006e-01 1.297616446920258237e+00
1.012890624999999989e-01 1.297380821842000653e+00
1.013671874999999972e-01 1.303039400345507248e+00
1.014453124999999956e-01 1.308476614717128728e+00
1.015234375000000078e-01 1.310577015061623607e+00
1.016015625000000061e-01 1.312349249861540557e+00
1.016796875000000044e-01 1.314250827855388382e+00
1.017578125000000028e-01 1.315654301510854607e+00
1.018359375000000011e-01 1.316016634868343527e+00
1.019140624999999994e-01 1.315134877880225428e+00
1.019921874999999978e-01 1.313223133896434192e+00
1.020703124999999961e-01 1.310637124147515875e+00
1.021484375000000083e-01 1.308132452401014945e+00
1.022265625000000067e-01 1.306573360652331539e+00
1.023046875000000050e-01 1.306131548046973512e+00
1.023828125000000033e-01 1.305827973184820801e+00
1.024609375000000017e-01 1.304958398546639309e+00
1.025390625000000000e-01 1.304148609947525461e+00
1.026171874999999983e-01 1.304977752585477102e+00
1.026953124999999967e-01 1.306110897425362349e+00
1.027734375000000089e-01 1.306259427628858827e+00
1.028515625000000072e-01 1.305547342903376151e+00
1.029296875000000056e-01 1.305898235154911102e+00
1.030078125000000039e-01 1.309871688545975577e+00
1.030859375000000022e-01 1.318303623624182519e+00
1.031640625000000006e-01 1.323966855576204749e+00
1.032421874999999989e-01 1.324019501871201321e+00
1.033203124999999972e-01 1.324079000615546065e+00
1.033984374999999956e-01 1.331996691422545176e+00
1.034765625000000078e-01 1.337955087404326004e+00
1.035546875000000061e-01 1.336751605774902929e+00
1.036328125000000044e-01 1.333507824564559074e+00
1.037109375000000028e-01 1.330599227541564789e+00
1.037890625000000011e-01 1.333077736813567560e+00
1.038671874999999994e-01 1.344589157894613196e+00
1.039453124999999978e-01 1.351139105310918076e+00
1.040234374999999961e-01 1.355476984683539721e+00
1.041015625000000083e-01 1.360492873825964066e+00
1.041796875000000067e-01 1.363232154204071511e+00
1.042578125000000050e-01 1.364142564899943899e+00
1.043359375000000033e-01 1.364548543463816044e+00
1.044140625000000017e-01 1.363860007490410142e+00
1.044921875000000000e-01 1.359734010391258074e+00
1.045703124999999983e-01 1.354017409516176995e+00
1.046484374999999967e-01 1.351015076308105467e+00
1.047265625000000089e-01 1.350823902260325671e+00
1.048046875000000072e-01 1.350298084696963663e+00
1.048828125000000056e-01 1.347505644970483196e+00
1.049609375000000039e-01 1.343994972000389865e+00
1.050390625000000022e-01 1.340845890827104814e+00
1.051171875000000006e-01 1.337859609931782989e+00
1.051953124999999989e-01 1.335349224469815743e+00
1.052734374999999972e-01 1.333754494958374837e+00
1.053515624999999956e-01 1.332888328532585209e+00
1.054296875000000078e-01 1.333014596727731593e+00
1.055078125000000061e-01 1.335574797632755883e+00
1.055859375000000044e-01 1.340617410504380658e+00
1.056640625000000028e-01 1.344127962981676250e+00
1.057421875000000011e-01 1.343346728282157398e+00
1.058203124999999994e-01 1.339749405621420975e+00
1.058984374999999978e-01 1.335580468225768369e+00
1.059765624999999961e-01 1.332084874924860163e+00
1.060546875000000083e-01 1.333006666353728775e+00
1.061328125000000067e-01 1.339924106649715840e+00
1.062109375000000050e-01 1.342184587494320569e+00
1.062890625000000033e-01 1.340790180636789675e+00
1.063671875000000017e-01 1.342356753645567169e+00
1.064453125000000000e-01 1.350399019849098270e+00
1.065234374999999983e-01 1.356708210683830851e+00
1.066015624999999967e-01 1.359196443510044539e+00
1.066796875000000089e-01 1.360004654637262167e+00
1.067578125000000072e-01 1.359889564579228383e+00
1.068359375000000056e-01 1.361503598015294303e+00
1.069140625000000039e-01 1.366218134649265448e+00
1.069921875000000022e-01 1.369754639368088389e+00
1.070703125000000006e-01 1.370355799741405756e+00
1.071484374999999989e-01 1.370768589772082713e+00
1.072265624999999972e-01 1.371002226020144654e+00
1.073046874999999956e-01 1.369391515140622184e+00
1.073828125000000078e-01 1.366577826847034327e+00
1.074609375000000061e-01 1.364115283957029634e+00
1.075390625000000044e-01 1.362320170123127561e+00
1.076171875000000028e-01 1.359846587897579839e+00
1.076953125000000011e-01 1.357117952224468516e+00
1.077734374999999994e-01 1.356003150327694806e+00
1.078515624999999978e-01 1.362980880525529903e+00
1.079296874999999961e-01 1.377346932388868073e+00
1.080078125000000083e-01 1.383833526173222861e+00
1.080859375000000067e-01 1.383630227292199644e+00
1.081640625000000050e-01 1.383202099480285163e+00
1.082421875000000033e-01 1.383459759883125306e+00
1.083203125000000017e-01 1.384334049635190134e+00
1.083984375000000000e-01 1.385067668190544721e+00
1.084765624999999983e-01 1.385544499968161647e+00
1.085546874999999967e-01 1.385369797921274682e+00
1.086328125000000089e-01 1.384104366231312833e+00
1.087109375000000072e-01 1.381488924533724516e+00
1.087890625000000056e-01 1.377969268315767382e+00
1.088671875000000039e-01 1.374853675966051014e+00
1.089453125000000022e-01 1.374108904580588320e+00
1.090234375000000006e-01 1.376401789945961296e+00
1.091015624999999989e-01 1.378348933780289221e+00
1.091796874999999972e-01 1.378224413815365867e+00
1.092578124999999956e-01 1.377014001943438926e+00
1.093359375000000078e-01 1.375454905952244733e+00
1.094140625000000061e-01 1.373746226751791255e+00
1.094921875000000044e-01 1.371102597796782563e+00
1.095703125000000028e-01 1.367372399468166577e+00
1.096484375000000011e-01 1.363453174316747063e+00
1.097265624999999994e-01 1.360812249512025840e+00
1.098046874999999978e-01 1.360827962396095714e+00
1.098828124999999961e-01 1.363154901947574382e+00
1.099609375000000083e-01 1.366906360625324224e+00
1.100390625000000067e-01 1.369944790439496574e+00
1.101171875000000050e-01 1.371458557479307672e+00
1.101953125000000033e-01 1.371460573710210573e+00
1.102734375000000017e-01 1.370039677289390800e+00
1.103515625000000000e-01 1.368392099119998484e+00
1.104296874999999983e-01 1.368567193852679997e+00
1.105078124999999967e-01 1.376180766702435054e+00
1.105859375000000089e-01 1.387450231970983827e+00
1.106640625000000072e-01 1.392442424084494368e+00
1.107421875000000056e-01 1.393303523996983095e+00
1.108203125000000039e-01 1.398864739234248367e+00
1.108984375000000022e-01 1.407151003314534465e+00
1.109765625000000006e-01 1.410308156621262299e+00
1.110546874999999989e-01 1.411102151280662742e+00
1.111328124999999972e-01 1.411245384696419247e+00
1.112109374999999956e-01 1.411059303652373531e+00
1.112890625000000078e-01 1.410389869265709306e+00
1.113671875000000061e-01 1.409693569599650864e+00
1.114453125000000044e-01 1.409518844097785939e+00
1.115234375000000028e-01 1.409315874199356999e+00
1.116015625000000011e-01 1.408663831998097971e+00
1.116796874999999994e-01 1.407203172602064178e+00
1.117578124999999978e-01 1.405452059414985966e+00
1.118359374999999961e-01 1.404150998715612442e+00
1.119140625000000083e-01 1.403652803476600264e+00
1.119921875000000067e-01 1.404175950462807076e+00
1.120703125000000050e-01 1.405992479033730147e+00
1.121484375000000033e-01 1.407549902506872064e+00
1.122265625000000017e-01 1.407499489925931879e+00
1.123046875000000000e-01 1.405966990598174426e+00
1.123828124999999983e-01 1.403128976035233677e+00
1.124609374999999967e-01 1.398976441422564720e+00
1.125390625000000089e-01 1.393930654025883786e+00
1.126171875000000072e-01 1.389082203489531153e+00
1.126953125000000056e-01 1.384977883027505907e+00
1.127734375000000039e-01 1.383639512667871330e+00
1.128515625000000022e-01 1.388484682454674157e+00
1.129296875000000006e-01 1.390890731536680747e+00
1.130078124999999989e-01 1.388197641919996617e+00
1.130859374999999972e-01 1.385016669828143643e+00
1.131640624999999956e-01 1.382938975819131278e+00
1.132421875000000078e-01 1.382646135819062261e+00
1.133203125000000061e-01 1.383926553607311094e+00
1.133984375000000044e-01 1.386017344375577443e+00
1.134765625000000028e-01 1.387588093224699559e+00
1.135546875000000011e-01 1.386573482178726113e+00
1.136328124999999994e-01 1.382684589610907011e+00
1.137109374999999978e-01 1.378136813426539042e+00
1.137890624999999961e-01 1.375067398673137431e+00
1.138671875000000083e-01 1.372758593226586443e+00
1.139453125000000067e-01 1.370215829252081186e+00
1.140234375000000050e-01 1.367755796296241666e+00
1.141015625000000033e-01 1.365552747459146454e+00
1.141796875000000017e-01 1.363747897373181139e+00
1.142578125000000000e-01 1.361968498045031728e+00
1.143359374999999983e-01 1.359873590449374392e+00
1.144140624999999967e-01 1.356833143640236994e+00
1.144921875000000089e-01 1.352287523877345299e+00
1.145703125000000072e-01 1.345701901629904329e+00
1.146484375000000056e-01 1.336950162373033102e+00
1.147265625000000039e-01 1.326805412824012098e+00
1.148046875000000022e-01 1.316357682536278162e+00
1.148828125000000006e-01 1.306960978926639649e+00
1.149609374999999989e-01 1.299357979223739301e+00
1.150390624999999972e-01 1.293420093709201968e+00
1.151171874999999956e-01 1.291612254088930101e+00
1.151953125000000078e-01 1.294686854615478389e+00
1.152734375000000061e-01 1.293410832123605525e+00
1.153515625000000044e-01 1.288195916590322954e+00
1.154296875000000028e-01 1.283708371444440166e+00
1.155078125000000011e-01 1.281276509004531938e+00
1.155859374999999994e-01 1.280143560974253747e+00
1.156640624999999978e-01 1.279444529969294253e+00
1.157421874999999961e-01 1.278548180945109802e+00
1.158203125000000083e-01 1.276812659087494861e+00
1.158984375000000067e-01 1.273755135573303221e+00
1.159765625000000050e-01 1.268180772432975445e+00
1.160546875000000033e-01 1.259886777697347471e+00
1.161328125000000017e-01 1.251553115223083879e+00
1.162109375000000000e-01 1.247390473661153409e+00
1.162890624999999983e-01 1.246278689398003126e+00
1.163671874999999967e-01 1.247002227172262057e+00
1.164453125000000089e-01 1.251467265797014949e+00
1.165234375000000072e-01 1.253298514918105511e+00
1.166015625000000056e-01 1.256936903473697242e+00
1.166796875000000039e-01 1.264569126808126054e+00
1.167578125000000022e-01 1.266149884339037524e+00
1.168359375000000006e-01 1.263966732331542664e+00
1.169140624999999989e-01 1.261248376894998913e+00
1.169921874999999972e-01 1.258319294437129532e+00
1.170703124999999956e-01 1.255625268628141278e+00
1.171484375000000078e-01 1.254288335049205116e+00
1.172265625000000061e-01 1.255530528537130541e+00
1.173046875000000044e-01 1.255802981442901256e+00
1.173828125000000028e-01 1.253083971831858934e+00
1.174609375000000011e-01 1.249387856569455169e+00
1.175390624999999994e-01 1.246046097068353786e+00
1.176171874999999978e-01 1.243160744916337546e+00
1.176953124999999961e-01 1.240866139984409422e+00
1.177734375000000083e-01 1.238807970172772777e+00
1.178515625000000067e-01 1.236604405127132988e+00
1.179296875000000050e-01 1.233686935013027952e+00
1.180078125000000033e-01 1.230152239212331855e+00
1.180859375000000017e-01 1.226769620409734696e+00
1.181640625000000000e-01 1.225093537920396658e+00
1.182421874999999983e-01 1.225827610857563643e+00
1.183203124999999967e-01 1.231200158040329562e+00
1.183984375000000089e-01 1.241003729516320764e+00
1.184765625000000072e-01 1.245690385360280317e+00
1.185546875000000056e-01 1.246466690210247696e+00
1.186328125000000039e-01 1.246273180410278902e+00
1.187109375000000022e-01 1.245362969795772434e+00
1.187890625000000006e-01 1.243946847291560909e+00
1.188671874999999989e-01 1.243649676688669770e+00
1.189453124999999972e-01 1.247067817606004159e+00
1.190234374999999956e-01 1.251515385946978975e+00
1.191015625000000078e-01 1.251762706454019769e+00
1.191796875000000061e-01 1.249629839766238870e+00
1.192578125000000044e-01 1.252917230571697793e+00
1.193359375000000028e-01 1.258480629630701619e+00
1.194140625000000011e-01 1.258237317109408338e+00
1.194921874999999994e-01 1.256284577927997859e+00
1.195703124999999978e-01 1.257377253603705558e+00
1.196484374999999961e-01 1.261600295353743961e+00
1.197265625000000083e-01 1.267138690195760864e+00
1.198046875000000067e-01 1.272482118078883451e+00
1.198828125000000050e-01 1.276461895272801517e+00
1.199609375000000033e-01 1.282177720255165854e+00
1.200781250000000078e-01 1.291501869508343336e+00
1.202343750000000044e-01 1.295126343785547141e+00
1.203906250000000011e-01 1.294254350432698430e+00
1.205468749999999978e-01 1.305395186780013095e+00
1.207031250000000083e-01 1.308348138176204767e+00
1.208593750000000050e-01 1.302734282331610594e+00
1.210156250000000017e-01 1.301413835201789881e+00
1.211718749999999983e-01 1.305106077905168194e+00
1.213281250000000089e-01 1.301051945751183103e+00
1.214843750000000056e-01 1.292321030647168856e+00
1.216406250000000022e-01 1.294305775473877596e+00
1.217968749999999989e-01 1.311728136346764995e+00
1.219531250000000094e-01 1.326023948741926084e+00
1.221093750000000061e-01 1.323915981943740272e+00
1.222656250000000028e-01 1.321579233067277759e+00
1.224218749999999994e-01 1.320166206384171259e+00
1.225781249999999961e-01 1.315369660655281159e+00
1.227343750000000067e-01 1.316109645804350858e+00
1.228906250000000033e-01 1.331631768196528398e+00
1.230468750000000000e-01 1.340941405850145207e+00
1.232031249999999967e-01 1.350006266960012136e+00
1.233593750000000072e-01 1.347508985289608496e+00
1.235156250000000039e-01 1.340211288600602124e+00
1.236718750000000006e-01 1.337757290896183227e+00
1.238281249999999972e-01 1.339065745452623135e+00
1.239843750000000078e-01 1.339523100762820551e+00
1.241406250000000044e-01 1.338338743170460088e+00
1.242968750000000011e-01 1.334577940719751776e+00
1.244531249999999978e-01 1.329735404464494897e+00
1.246093750000000083e-01 1.326005213910828928e+00
1.247656250000000050e-01 1.323449580052871388e+00
1.249218750000000017e-01 1.321656487382272704e+00
1.251562499999999967e-01 1.316342030994347434e+00
1.254687499999999900e-01 1.305360143337912726e+00
1.257812500000000111e-01 1.293395812689129398e+00
1.260937500000000044e-01 1.287946437619196027e+00
1.264062499999999978e-01 1.293458975282686829e+00
1.267187499999999911e-01 1.300811020997863388e+00
1.270312500000000122e-01 1.314718694533739241e+00
1.273437500000000056e-01 1.314297790732114279e+00
1.276562499999999989e-01 1.315425077305466317e+00
1.279687499999999922e-01 1.312044135259551769e+00
1.282812500000000133e-01 1.315709347411122332e+00
1.285937500000000067e-01 1.313543405805824182e+00
1.289062500000000000e-01 1.359026576023939059e+00
1.292187499999999933e-01 1.357846069051582338e+00
1.295312500000000144e-01 1.348835735278624215e+00
1.298437500000000078e-01 1.338789603957447394e+00
1.301562500000000011e-01 1.338506791416040898e+00
1.304687499999999944e-01 1.340249494750120229e+00
1.307812500000000155e-01 1.346298655980616044e+00
1.310937500000000089e-01 1.331470177244193254e+00
1.314062500000000022e-01 1.331061249947094183e+00
1.317187499999999956e-01 1.327344673331117608e+00
1.320312499999999889e-01 1.330725144633544632e+00
1.323437500000000100e-01 1.330411797375234517e+00
1.326562500000000033e-01 1.326207644562042987e+00
1.329687499999999967e-01 1.276910921772054230e+00
1.332812499999999900e-01 1.266713934960282506e+00
1.335937500000000111e-01 1.268310118832606470e+00
1.339062500000000044e-01 1.265050241676014098e+00
1.342187499999999978e-01 1.246548478646142266e+00
1.345312499999999911e-01 1.237100114635813819e+00
1.348437500000000122e-01 1.253088745763868861e+00
1.351562500000000056e-01 1.254888617103491866e+00
1.354687499999999989e-01 1.257955014002816396e+00
1.357812499999999922e-01 1.268521033589859126e+00
1.360937500000000133e-01 1.282113672043883934e+00
1.364062500000000067e-01 1.287880971231769811e+00
1.367187500000000000e-01 1.282875817285773934e+00
1.370312499999999933e-01 1.282559291194760309e+00
1.373437500000000144e-01 1.292163754275395426e+00
1.376562500000000078e-01 1.273134631542974349e+00
1.379687500000000011e-01 1.274408180097182930e+00
1.382812499999999944e-01 1.278802833152593577e+00
1.385937500000000155e-01 1.270890318624365634e+00
1.389062500000000089e-01 1.264033150448867993e+00
1.392187500000000022e-01 1.260335639919953898e+00
1.395312499999999956e-01 1.259991865148615720e+00
1.398437500000000167e-01 1.267520106229997223e+00
1.400781249999999978e-01 1.270882160195713872e+00
1.402343749999999944e-01 1.278045996187550326e+00
1.403906249999999911e-01 1.287203648982364168e+00
1.405468750000000155e-01 1.284654502072693605e+00
1.407031250000000122e-01 1.280357091841747730e+00
1.408593750000000089e-01 1.278570599063623581e+00
1.410156250000000056e-01 1.282342579948152705e+00
1.411718750000000022e-01 1.307577545922170348e+00
1.413281249999999989e-01 1.321609698942717737e+00
1.414843749999999956e-01 1.309885847173098528e+00
1.416406249999999922e-01 1.302264333726195655e+00
1.417968750000000167e-01 1.296471202616711116e+00
1.419531250000000133e-01 1.291034293398447996e+00
1.421093750000000100e-01 1.281863151917914001e+00
1.422656250000000067e-01 1.273942858730788830e+00
1.424218750000000033e-01 1.270748599033804327e+00
1.425781250000000000e-01 1.273117983988548030e+00
1.427343749999999967e-01 1.276685795974372262e+00
1.428906249999999933e-01 1.277034761505301041e+00
1.430468749999999900e-01 1.277684438144597534e+00
1.432031250000000144e-01 1.271403505352244112e+00
1.433593750000000111e-01 1.261130699058168547e+00
1.435156250000000078e-01 1.256278933069265191e+00
1.436718750000000044e-01 1.255638621103839947e+00
1.438281250000000011e-01 1.255287093119948683e+00
1.439843749999999978e-01 1.253785386914085809e+00
1.441406249999999944e-01 1.256068109161997848e+00
1.442968749999999911e-01 1.254268173450761248e+00
1.444531250000000155e-01 1.249449384255517437e+00
1.446093750000000122e-01 1.245811578980571932e+00
1.447656250000000089e-01 1.243771851807476292e+00
1.449218750000000056e-01 1.244942031616462774e+00
1.450781250000000022e-01 1.242648259200939354e+00
1.452343749999999989e-01 1.241149635330197620e+00
1.453906249999999956e-01 1.241386002342922845e+00
1.455468749999999922e-01 1.238447376806399047e+00
1.457031250000000167e-01 1.240444130255980992e+00
1.458593750000000133e-01 1.253153751675117222e+00
1.460156250000000100e-01 1.252642254588953286e+00
1.461718750000000067e-01 1.250646579913687884e+00
1.463281250000000033e-01 1.249240330328234228e+00
1.464843750000000000e-01 1.248501272123052397e+00
1.466406249999999967e-01 1.252824473541756412e+00
1.467968749999999933e-01 1.269733101799154218e+00
1.469531249999999900e-01 1.277714053057950272e+00
1.471093750000000144e-01 1.282895310601293026e+00
1.472656250000000111e-01 1.288431331420775594e+00
1.474218750000000078e-01 1.286959401488817267e+00
1.475781250000000044e-01 1.282252912202824779e+00
1.477343750000000011e-01 1.276793626738893961e+00
1.478906249999999978e-01 1.274234082276115565e+00
1.480468749999999944e-01 1.279303115739186314e+00
1.482031249999999911e-01 1.288173282508349837e+00
1.483593750000000155e-01 1.293739692860305768e+00
1.485156250000000122e-01 1.294714247805802243e+00
1.486718750000000089e-01 1.294477046342757065e+00
1.488281250000000056e-01 1.295650297833844222e+00
1.489843750000000022e-01 1.301410807236846434e+00
1.491406249999999989e-01 1.306931778710127334e+00
1.492968749999999956e-01 1.311162426680634097e+00
1.494531249999999922e-01 1.314872220941684322e+00
1.496093750000000167e-01 1.313252390865649488e+00
1.497656250000000133e-01 1.310414419597583091e+00
1.499218750000000100e-01 1.307614909463901798e+00
1.500781250000000067e-01 1.303300107761542703e+00
1.502343750000000033e-01 1.297059821862618811e+00
1.503906250000000000e-01 1.292938008436994579e+00
1.505468749999999967e-01 1.294343958777611325e+00
1.507031249999999933e-01 1.295823030091963535e+00
1.508593749999999900e-01 1.300077023139826204e+00
1.510156250000000144e-01 1.299323986364258054e+00
1.511718750000000111e-01 1.295343565667305574e+00
1.513281250000000078e-01 1.292925334570151019e+00
1.514843750000000044e-01 1.298004151051014965e+00
1.516406250000000011e-01 1.302540629294328678e+00
1.517968749999999978e-01 1.302883456275162111e+00
1.519531249999999944e-01 1.305600277381813612e+00
1.521093749999999911e-01 1.312402996530024124e+00
1.522656250000000155e-01 1.312565668113655271e+00
1.524218750000000122e-01 1.311209725936300696e+00
1.525390625000000167e-01 1.311036840162463024e+00
1.526171875000000011e-01 1.310469705836620147e+00
1.526953125000000133e-01 1.309513319508346374e+00
1.527734374999999978e-01 1.307869734799975259e+00
1.528515625000000100e-01 1.305472716864685134e+00
1.529296874999999944e-01 1.302266935390575808e+00
1.530078125000000067e-01 1.298152074680556822e+00
1.530859374999999911e-01 1.292629795862300313e+00
1.531640625000000033e-01 1.285716396338163037e+00
1.532421875000000155e-01 1.279560815635503834e+00
1.533203125000000000e-01 1.276606550475924529e+00
1.533984375000000122e-01 1.275790757779318385e+00
1.534765624999999967e-01 1.275198474555293782e+00
1.535546875000000089e-01 1.274488402174056345e+00
1.536328124999999933e-01 1.273708551775794673e+00
1.537109375000000056e-01 1.272598351221994495e+00
1.537890624999999900e-01 1.270887790247841265e+00
1.538671875000000022e-01 1.268600067908697504e+00
1.539453125000000144e-01 1.265644113723930264e+00
1.540234374999999989e-01 1.262057966108047768e+00
1.541015625000000111e-01 1.257963786372606307e+00
1.541796874999999956e-01 1.253402085589837123e+00
1.542578125000000078e-01 1.248823877594603449e+00
1.543359374999999922e-01 1.244835595149740959e+00
1.544140625000000044e-01 1.242011899788082019e+00
1.544921875000000167e-01 1.240296947388188853e+00
1.545703125000000011e-01 1.239155652795364215e+00
1.546484375000000133e-01 1.238171488750222426e+00
1.547265624999999978e-01 1.237307426534139942e+00
1.548046875000000100e-01 1.241455362968180376e+00
1.548828124999999944e-01 1.252075946744948709e+00
1.549609375000000067e-01 1.254472941155503785e+00
1.550390624999999911e-01 1.251687277172851331e+00
1.551171875000000033e-01 1.248768510084770966e+00
1.551953125000000155e-01 1.247352668985783231e+00
1.552734375000000000e-01 1.247055860527831239e+00
1.553515625000000122e-01 1.246260373680292632e+00
1.554296874999999967e-01 1.244762317387114736e+00
1.555078125000000089e-01 1.246282251226703552e+00
1.555859374999999933e-01 1.249789233440937508e+00
1.556640625000000056e-01 1.249138450115880428e+00
1.557421874999999900e-01 1.244461530905197844e+00
1.558203125000000022e-01 1.237208284320286067e+00
1.558984375000000144e-01 1.228304128769106773e+00
1.559765624999999989e-01 1.219411100153294125e+00
1.560546875000000111e-01 1.212940023290027147e+00
1.561328124999999956e-01 1.211514936727733138e+00
1.562109375000000078e-01 1.217950616463207014e+00
1.562890624999999922e-01 1.226996549065257458e+00
1.563671875000000044e-01 1.230703534468610583e+00
1.564453125000000167e-01 1.231750744617064353e+00
1.565234375000000011e-01 1.233394454819638719e+00
1.566015625000000133e-01 1.237961299000024606e+00
1.566796874999999978e-01 1.243551039780157241e+00
1.567578125000000100e-01 1.246190271967807073e+00
1.568359374999999944e-01 1.246070964932503689e+00
1.569140625000000067e-01 1.245050828291731637e+00
1.569921874999999911e-01 1.243928061618514214e+00
1.570703125000000033e-01 1.242933067222685484e+00
1.571484375000000155e-01 1.241893744593879800e+00
1.572265625000000000e-01 1.240648812837334969e+00
1.573046875000000122e-01 1.241441506817491103e+00
1.573828124999999967e-01 1.247900537005540045e+00
1.574609375000000089e-01 1.252476009242303290e+00
1.575390624999999933e-01 1.250921169356904672e+00
1.576171875000000056e-01 1.248387582154109277e+00
1.576953124999999900e-01 1.246135676659693381e+00
1.577734375000000022e-01 1.243828669090944805e+00
1.578515625000000144e-01 1.241981874302245048e+00
1.579296874999999989e-01 1.240701015085766468e+00
1.580078125000000111e-01 1.239362415658208816e+00
1.580859374999999956e-01 1.241064724875549530e+00
1.581640625000000078e-01 1.253231912651497471e+00
1.582421874999999922e-01 1.262557585386351544e+00
1.583203125000000044e-01 1.260634535192160177e+00
1.583984375000000167e-01 1.254868625979210561e+00
1.584765625000000011e-01 1.250248846329899965e+00
1.585546875000000133e-01 1.247445630564880670e+00
1.586328124999999978e-01 1.245611993019459574e+00
1.587109375000000100e-01 1.243609996075841773e+00
1.587890624999999944e-01 1.241741213432492552e+00
1.588671875000000067e-01 1.240330601255827503e+00
1.589453124999999911e-01 1.240062155866128890e+00
1.590234375000000033e-01 1.240415684022708076e+00
1.591015625000000155e-01 1.240228536809847792e+00
1.591796875000000000e-01 1.238641150741874197e+00
1.592578125000000122e-01 1.235043693712525092e+00
1.593359374999999967e-01 1.229984238017526987e+00
1.594140625000000089e-01 1.224480805858215060e+00
1.594921874999999933e-01 1.221152875592267373e+00
1.595703125000000056e-01 1.225156244285897200e+00
1.596484374999999900e-01 1.231849305857166677e+00
1.597265625000000022e-01 1.233643792954624230e+00
1.598046875000000144e-01 1.234782856909615756e+00
1.598828124999999989e-01 1.237636966328523158e+00
1.599609375000000111e-01 1.239350271134265435e+00
1.600390624999999956e-01 1.239194490107585533e+00
1.601171875000000078e-01 1.238244536473458224e+00
1.601953124999999922e-01 1.238259769174914648e+00
1.602734375000000044e-01 1.239822304067654812e+00
1.603515625000000167e-01 1.241261242826744882e+00
1.604296875000000011e-01 1.241214136927551559e+00
1.605078125000000133e-01 1.240174386416861285e+00
1.605859374999999978e-01 1.240798730333936506e+00
1.606640625000000100e-01 1.244969089151620967e+00
1.607421874999999944e-01 1.249868868398710031e+00
1.608203125000000067e-01 1.251731580654652953e+00
1.608984374999999911e-01 1.252473141524440337e+00
1.609765625000000033e-01 1.254593011819619575e+00
1.610546875000000155e-01 1.257653213557260008e+00
1.611328125000000000e-01 1.259485935279415436e+00
1.612109375000000122e-01 1.258916765770400348e+00
1.612890624999999967e-01 1.260003523891567667e+00
1.613671875000000089e-01 1.265796058339661911e+00
1.614453124999999933e-01 1.272584652497970259e+00
1.615234375000000056e-01 1.277150181170567889e+00
1.616015624999999900e-01 1.278455578572048390e+00
1.616796875000000022e-01 1.277477173965583912e+00
1.617578125000000144e-01 1.275675863977906221e+00
1.618359374999999989e-01 1.273871497659760932e+00
1.619140625000000111e-01 1.270983533901061335e+00
1.619921874999999956e-01 1.267118007051415196e+00
1.620703125000000078e-01 1.264377229466741914e+00
1.621484374999999922e-01 1.265965002518093074e+00
1.622265625000000044e-01 1.275118746907426548e+00
1.623046875000000167e-01 1.285516734734367894e+00
1.623828125000000011e-01 1.289694051129299357e+00
1.624609375000000133e-01 1.289130964202523710e+00
1.625390624999999978e-01 1.286272413697980621e+00
1.626171875000000100e-01 1.283001721432710074e+00
1.626953124999999944e-01 1.280823895379135324e+00
1.627734375000000067e-01 1.281175456940899959e+00
1.628515624999999911e-01 1.284526395775304142e+00
1.629296875000000033e-01 1.289666026526133935e+00
1.630078125000000155e-01 1.295282913791919954e+00
1.630859375000000000e-01 1.300006107311424408e+00
1.631640625000000122e-01 1.303475537093535586e+00
1.632421874999999967e-01 1.305763313014954630e+00
1.633203125000000089e-01 1.308756597744131556e+00
1.633984374999999933e-01 1.316798566245808377e+00
1.634765625000000056e-01 1.325566481347556946e+00
1.635546874999999900e-01 1.329082310087400964e+00
1.636328125000000022e-01 1.329423659368100807e+00
1.637109375000000144e-01 1.329237811720825002e+00
1.637890624999999989e-01 1.328766533440803643e+00
1.638671875000000111e-01 1.327934545573764336e+00
1.639453124999999956e-01 1.326932477308773617e+00
1.640234375000000078e-01 1.326125586773600595e+00
1.641015624999999922e-01 1.326033786478651999e+00
1.641796875000000044e-01 1.326681200671889993e+00
1.642578125000000167e-01 1.327555652296898314e+00
1.643359375000000011e-01 1.328226478527124499e+00
1.644140625000000133e-01 1.328241974324972929e+00
1.644921874999999978e-01 1.327511752478147455e+00
1.645703125000000100e-01 1.326029681997541010e+00
1.646484374999999944e-01 1.323756477205858983e+00
1.647265625000000067e-01 1.320885270813378032e+00
1.648046874999999911e-01 1.317767170411989541e+00
1.648828125000000033e-01 1.314365200508911480e+00
1.649609375000000155e-01 1.310993313373746139e+00
1.650781249999999922e-01 1.308973785453663607e+00
1.652343750000000167e-01 1.317392597070223825e+00
1.653906250000000133e-01 1.315551873126221905e+00
1.655468750000000100e-01 1.296238477983094661e+00
1.657031250000000067e-01 1.284947053289207775e+00
1.658593750000000033e-01 1.282090916412516490e+00
1.660156250000000000e-01 1.278820211375220950e+00
1.661718749999999967e-01 1.266395013333316166e+00
1.663281249999999933e-01 1.253045658646942950e+00
1.664843749999999900e-01 1.250978935695353123e+00
1.666406250000000144e-01 1.256742688772688910e+00
1.667968750000000111e-01 1.267082230632556206e+00
1.669531250000000078e-01 1.267603238581677783e+00
1.671093750000000044e-01 1.262183432512140158e+00
1.672656250000000011e-01 1.260393330293126724e+00
1.674218749999999978e-01 1.265333232775631922e+00
1.675390625000000022e-01 1.264580658807219482e+00
1.676171875000000144e-01 1.263520255435701456e+00
1.676953124999999989e-01 1.262763971705721300e+00
1.677734375000000111e-01 1.263159808165836839e+00
1.678515624999999956e-01 1.271392439415841791e+00
1.679296875000000078e-01 1.291128968016582057e+00
1.680078124999999922e-01 1.306997426517670702e+00
1.680859375000000044e-01 1.320823280682260181e+00
1.681640625000000167e-01 1.335423055976610707e+00
1.682421875000000011e-01 1.348482981134358605e+00
1.683203125000000133e-01 1.357337169908023888e+00
1.683984374999999978e-01 1.361416125938517574e+00
1.684765625000000100e-01 1.362739986428003647e+00
1.685546874999999944e-01 1.364270561118255065e+00
1.686328125000000067e-01 1.366879644573488095e+00
1.687109374999999911e-01 1.367948690668562728e+00
1.687890625000000033e-01 1.364326258177572804e+00
1.688671875000000155e-01 1.355968868618669276e+00
1.689453125000000000e-01 1.346569823852939107e+00
1.690234375000000122e-01 1.339650940756685449e+00
1.691015624999999967e-01 1.335601115557669250e+00
1.691796875000000089e-01 1.334196266380292428e+00
1.692578124999999933e-01 1.333942824729184906e+00
1.693359375000000056e-01 1.333440550293752969e+00
1.694140624999999900e-01 1.332442581760827860e+00
1.694921875000000022e-01 1.330998032271512033e+00
1.695703125000000144e-01 1.329787255527616452e+00
1.696484374999999989e-01 1.328525360118213650e+00
1.697265625000000111e-01 1.325973507225333803e+00
1.698046874999999956e-01 1.323274675217971375e+00
1.698828125000000078e-01 1.323240003137433396e+00
1.699609374999999922e-01 1.324719920063605061e+00
1.700390625000000044e-01 1.325890741651915006e+00
1.701171875000000167e-01 1.326561623412256585e+00
1.701953125000000011e-01 1.329201216660830021e+00
1.702734375000000133e-01 1.332955978470321989e+00
1.703515624999999978e-01 1.336056196707764210e+00
1.704296875000000100e-01 1.337510749597235593e+00
1.705078124999999944e-01 1.337080487462917633e+00
1.705859375000000067e-01 1.334737095053552869e+00
1.706640624999999911e-01 1.330434410430848535e+00
1.707421875000000033e-01 1.325205781986401155e+00
1.708203125000000155e-01 1.320414975747282060e+00
1.708984375000000000e-01 1.316819549657239463e+00
1.709765625000000122e-01 1.314347713968988751e+00
1.710546874999999967e-01 1.312445361272881028e+00
1.711328125000000089e-01 1.310727329753048176e+00
1.712109374999999933e-01 1.308975469787799994e+00
1.712890625000000056e-01 1.307190696040832822e+00
1.713671874999999900e-01 1.305627252296184704e+00
1.714453125000000022e-01 1.304588550614321107e+00
1.715234375000000144e-01 1.304080660053312579e+00
1.716015624999999989e-01 1.303837937001202540e+00
1.716796875000000111e-01 1.303392896819681512e+00
1.717578124999999956e-01 1.302592672968921450e+00
1.718359375000000078e-01 1.301477937528534135e+00
1.719140624999999922e-01 1.300236465956308152e+00
1.719921875000000044e-01 1.299001584988517921e+00
1.720703125000000167e-01 1.297767894893788077e+00
1.721484375000000011e-01 1.296438795567820046e+00
1.722265625000000133e-01 1.295210037624807908e+00
1.723046874999999978e-01 1.299133330852784152e+00
1.723828125000000100e-01 1.318132764475326457e+00
1.724609374999999944e-01 1.330068444513851311e+00
1.725390625000000067e-01 1.330142840055498432e+00
1.726171874999999911e-01 1.327949719692905983e+00
1.726953125000000033e-01 1.326932733115478991e+00
1.727734375000000155e-01 1.326915531719055963e+00
1.728515625000000000e-01 1.327201398851067582e+00
1.729296875000000122e-01 1.327305180119223937e+00
1.730078124999999967e-01 1.327256259788164749e+00
1.730859375000000089e-01 1.327089889414448054e+00
1.731640624999999933e-01 1.327049652517453104e+00
1.732421875000000056e-01 1.326531635516359664e+00
1.733203124999999900e-01 1.325103688849590400e+00
1.733984375000000022e-01 1.322789223147905258e+00
1.734765625000000144e-01 1.320573763711169857e+00
1.735546874999999989e-01 1.320278958851656359e+00
1.736328125000000111e-01 1.325353949909779505e+00
1.737109374999999956e-01 1.334582626135535355e+00
1.737890625000000078e-01 1.343024305453550227e+00
1.738671874999999922e-01 1.350041369879589004e+00
1.739453125000000044e-01 1.354938584625562381e+00
1.740234375000000167e-01 1.354535345732795992e+00
1.741015625000000011e-01 1.352363894585850268e+00
1.741796875000000133e-01 1.349801847483959261e+00
1.742578124999999978e-01 1.347329415840687217e+00
1.743359375000000100e-01 1.345935208031440178e+00
1.744140624999999944e-01 1.344697753523950601e+00
1.744921875000000067e-01 1.342762643115075649e+00
1.745703124999999911e-01 1.341571120555426155e+00
1.746484375000000033e-01 1.342425848437364122e+00
1.747265625000000155e-01 1.343122078810566000e+00
1.748046875000000000e-01 1.341728750216918176e+00
1.748828125000000122e-01 1.340511083670261394e+00
1.749609374999999967e-01 1.343527167650412357e+00
1.750390625000000089e-01 1.347341871693444881e+00
1.751171874999999933e-01 1.347679059376748034e+00
1.751953125000000056e-01 1.347036995471272425e+00
1.752734374999999900e-01 1.346191138849157864e+00
1.753515625000000022e-01 1.344568360663124462e+00
1.754296875000000144e-01 1.342673262432189540e+00
1.755078124999999989e-01 1.343245459046553236e+00
1.755859375000000111e-01 1.339793861499241068e+00
1.756640624999999956e-01 1.330690380766627490e+00
1.757421875000000078e-01 1.322366994392388584e+00
1.758203124999999922e-01 1.317605616131851676e+00
1.758984375000000044e-01 1.315361108451666761e+00
1.759765625000000167e-01 1.314158552085375797e+00
1.760546875000000011e-01 1.313368399143450604e+00
1.761328125000000133e-01 1.312759001815848592e+00
1.762109374999999978e-01 1.312329725151284876e+00
1.762890625000000100e-01 1.312025382961286901e+00
1.763671874999999944e-01 1.311673814922891923e+00
1.764453125000000067e-01 1.311142668442647707e+00
1.765234374999999911e-01 1.310169531964211043e+00
1.766015625000000033e-01 1.308463139878046633e+00
1.766796875000000155e-01 1.306244671604381846e+00
1.767578125000000000e-01 1.303917890304386207e+00
1.768359375000000122e-01 1.301719772007727149e+00
1.769140624999999967e-01 1.300144221215667750e+00
1.769921875000000089e-01 1.299313935686405852e+00
1.770703124999999933e-01 1.298626164110195935e+00
1.771484375000000056e-01 1.296935159813388916e+00
1.772265624999999900e-01 1.293357708243909832e+00
1.773046875000000022e-01 1.291062157243505704e+00
1.773828125000000144e-01 1.295152061946933886e+00
1.774609374999999989e-01 1.303553981816744090e+00
1.775390625000000111e-01 1.312111836331439685e+00
1.776171874999999956e-01 1.318346212759179181e+00
1.776953125000000078e-01 1.320717675595621809e+00
1.777734374999999922e-01 1.321250562410220875e+00
1.778515625000000044e-01 1.320216361627429613e+00
1.779296875000000167e-01 1.316065355131830206e+00
1.780078125000000011e-01 1.307868870279398799e+00
1.780859375000000133e-01 1.297678005940071655e+00
1.781640624999999978e-01 1.289514761453992353e+00
1.782421875000000100e-01 1.285600598383145998e+00
1.783203124999999944e-01 1.285191065993901205e+00
1.783984375000000067e-01 1.286320424473210711e+00
1.784765624999999911e-01 1.288277339834926094e+00
1.785546875000000033e-01 1.289728657289422875e+00
1.786328125000000155e-01 1.289280767405255768e+00
1.787109375000000000e-01 1.286850732928259022e+00
1.787890625000000122e-01 1.283938952217592133e+00
1.788671874999999967e-01 1.281827458620045546e+00
1.789453125000000089e-01 1.279837498599234236e+00
1.790234374999999933e-01 1.275590857297292491e+00
1.791015625000000056e-01 1.266840938373725134e+00
1.791796874999999900e-01 1.255172207979220911e+00
1.792578125000000022e-01 1.244346772055134220e+00
1.793359375000000144e-01 1.237301940139363676e+00
1.794140624999999989e-01 1.238480699546302244e+00
1.794921875000000111e-01 1.248020910105864578e+00
1.795703124999999956e-01 1.252633357697553906e+00
1.796484375000000078e-01 1.253455670593888627e+00
1.797265624999999922e-01 1.253593860086031020e+00
1.798046875000000044e-01 1.253644724661153065e+00
1.798828125000000167e-01 1.254104607936304516e+00
1.799609375000000011e-01 1.255403112926848808e+00
1.800390625000000133e-01 1.258386709881743837e+00
1.801171874999999978e-01 1.262641447173355580e+00
1.801953125000000100e-01 1.266985802672196515e+00
1.802734374999999944e-01 1.269832622999526039e+00
1.803515625000000067e-01 1.269900785415181144e+00
1.804296874999999911e-01 1.267775988069698156e+00
1.805078125000000033e-01 1.264562520142259006e+00
1.805859375000000155e-01 1.260905767033892344e+00
1.806640625000000000e-01 1.256982835813498456e+00
1.807421875000000122e-01 1.253121064094923076e+00
1.808203124999999967e-01 1.249491667983568366e+00
1.808984375000000089e-01 1.246128489629939384e+00
1.809765624999999933e-01 1.243038774599354079e+00
1.810546875000000056e-01 1.240213753957386977e+00
1.811328124999999900e-01 1.237786177489400785e+00
1.812109375000000022e-01 1.235730083139776614e+00
1.812890625000000144e-01 1.236842635364309828e+00
1.813671874999999989e-01 1.246094873965607253e+00
1.814453125000000111e-01 1.250770237824033515e+00
1.815234374999999956e-01 1.247967453395259607e+00
1.816015625000000078e-01 1.243560981948760524e+00
1.816796874999999922e-01 1.239876914812767739e+00
1.817578125000000044e-01 1.237874560161306814e+00
1.818359375000000167e-01 1.238060395892153220e+00
1.819140625000000011e-01 1.239895762161447701e+00
1.819921875000000133e-01 1.240664096647675407e+00
1.820703124999999978e-01 1.240023032561540672e+00
1.821484375000000100e-01 1.239159077315152402e+00
1.822265624999999944e-01 1.238387495345386391e+00
1.823046875000000067e-01 1.237864430747860789e+00
1.823828124999999911e-01 1.237901869942477528e+00
1.824609375000000033e-01 1.239343024142083527e+00
1.825390625000000155e-01 1.240775534157570137e+00
1.826171875000000000e-01 1.241983831770917091e+00
1.826953125000000122e-01 1.243035459920599939e+00
1.827734374999999967e-01 1.246641782865020254e+00
1.828515625000000089e-01 1.257328231090207638e+00
1.829296874999999933e-01 1.266698706660576823e+00
1.830078125000000056e-01 1.268637775878863172e+00
1.830859374999999900e-01 1.267536169051410644e+00
1.831640625000000022e-01 1.266129754467624657e+00
1.832421875000000144e-01 1.266726773574648801e+00
1.833203124999999989e-01 1.272637804570805775e+00
1.833984375000000111e-01 1.277069834889593025e+00
1.834765624999999956e-01 1.277249529206408774e+00
1.835546875000000078e-01 1.276397336829890650e+00
1.836328124999999922e-01 1.275719522726316280e+00
1.837109375000000044e-01 1.275170159342009724e+00
1.837890625000000167e-01 1.274629150028567803e+00
1.838671875000000011e-01 1.274051074034110442e+00
1.839453125000000133e-01 1.273645469744697278e+00
1.840234374999999978e-01 1.273478017620846670e+00
1.841015625000000100e-01 1.273255586112526316e+00
1.841796874999999944e-01 1.273222760551222077e+00
1.842578125000000067e-01 1.275446175544196370e+00
1.843359374999999911e-01 1.286009515790011548e+00
1.844140625000000033e-01 1.301025362570989552e+00
1.844921875000000155e-01 1.309282973730679922e+00
1.845703125000000000e-01 1.309912543377420135e+00
1.846484375000000122e-01 1.306834827882283445e+00
1.847265624999999967e-01 1.302800343018596374e+00
1.848046875000000089e-01 1.299394760105451407e+00
1.848828124999999933e-01 1.297056776210625761e+00
1.849609375000000056e-01 1.295112674633881245e+00
1.850390624999999900e-01 1.293117426338356024e+00
1.851171875000000022e-01 1.291083997545182438e+00
1.851953125000000144e-01 1.288685020491556532e+00
1.852734374999999989e-01 1.286133115180816855e+00
1.853515625000000111e-01 1.283593797327768904e+00
1.854296874999999956e-01 1.280787627238797244e+00
1.855078125000000078e-01 1.277553956673770585e+00
1.855859374999999922e-01 1.274189389955698415e+00
1.856640625000000044e-01 1.271273750295204286e+00
1.857421875000000167e-01 1.269002813704393162e+00
1.858203125000000011e-01 1.267026011204477776e+00
1.858984375000000133e-01 1.265130851994369365e+00
1.859765624999999978e-01 1.263250287320069942e+00
1.860546875000000100e-01 1.261883155985959792e+00
1.861328124999999944e-01 1.262873545299914912e+00
1.862109375000000067e-01 1.273755618784077281e+00
1.862890624999999911e-01 1.294094167451942390e+00
1.863671875000000033e-01 1.307781286937032217e+00
1.864453125000000155e-01 1.318614651208986022e+00
1.865234375000000000e-01 1.332269206851307120e+00
1.866015625000000122e-01 1.333666944844808855e+00
1.866796874999999967e-01 1.331241135824055233e+00
1.867578125000000089e-01 1.330267775045863576e+00
1.868359374999999933e-01 1.331254858592846313e+00
1.869140625000000056e-01 1.332892575724106132e+00
1.869921875000000178e-01 1.333345222609848335e+00
1.870703125000000022e-01 1.332333102135464742e+00
1.871484375000000144e-01 1.331035114594165458e+00
1.872265624999999989e-01 1.330501738701237224e+00
1.873046875000000111e-01 1.330801130465324444e+00
1.873828124999999956e-01 1.331497982489307397e+00
1.874609375000000078e-01 1.331949544018723008e+00
1.875390624999999922e-01 1.331679440616495569e+00
1.876171875000000044e-01 1.330678751165244478e+00
1.876953125000000167e-01 1.329267643497999529e+00
1.877734375000000011e-01 1.327944014379628612e+00
1.878515625000000133e-01 1.327385780537402971e+00
1.879296874999999978e-01 1.327791058434150351e+00
1.880078125000000100e-01 1.328030974051279234e+00
1.880859374999999944e-01 1.326750366405688331e+00
1.881640625000000067e-01 1.323903419427382655e+00
1.882421874999999911e-01 1.320613766065763750e+00
1.883203125000000033e-01 1.318048881825978347e+00
1.883984375000000155e-01 1.316896573651546110e+00
1.884765625000000000e-01 1.317928002267590770e+00
1.885546875000000122e-01 1.321009865930367733e+00
1.886328124999999967e-01 1.325060290150223308e+00
1.887109375000000089e-01 1.328417716282563443e+00
1.887890624999999933e-01 1.329425985076921668e+00
1.888671875000000056e-01 1.328285335682065638e+00
1.889453125000000178e-01 1.326162149662658996e+00
1.890234375000000022e-01 1.323284724919226329e+00
1.891015625000000144e-01 1.320162403614721924e+00
1.891796874999999989e-01 1.318335516114287786e+00
1.892578125000000111e-01 1.319668969330115571e+00
1.893359374999999956e-01 1.325184689335480392e+00
1.894140625000000078e-01 1.334534740539083497e+00
1.894921874999999922e-01 1.346680079795380847e+00
1.895703125000000044e-01 1.360459963277051543e+00
1.896484375000000167e-01 1.374347289500553071e+00
1.897265625000000011e-01 1.386306305025187813e+00
1.898046875000000133e-01 1.393426672520096110e+00
1.898828124999999978e-01 1.395473747819860444e+00
1.899609375000000100e-01 1.395124028064403054e+00
1.900390624999999944e-01 1.388748024062067321e+00
1.901171875000000067e-01 1.373640424906211077e+00
1.901953124999999911e-01 1.361782486334614406e+00
1.902734375000000033e-01 1.360615857187394973e+00
1.903515625000000155e-01 1.365945769539533394e+00
1.904296875000000000e-01 1.372486204239510954e+00
1.905078125000000122e-01 1.383868890976716948e+00
1.905859374999999967e-01 1.405960907935900783e+00
1.906640625000000089e-01 1.420344243230744263e+00
1.907421874999999933e-01 1.419089637403283533e+00
1.908203125000000056e-01 1.412575023757317361e+00
1.908984375000000178e-01 1.407597338661805475e+00
1.909765625000000022e-01 1.404204019839173423e+00
1.910546875000000144e-01 1.401893819745416936e+00
1.911328124999999989e-01 1.400705814960693907e+00
1.912109375000000111e-01 1.400424603408483959e+00
1.912890624999999956e-01 1.400534893915271750e+00
1.913671875000000078e-01 1.401656271180899527e+00
1.914453124999999922e-01 1.406517439471086206e+00
1.915234375000000044e-01 1.412559915537673794e+00
1.916015625000000167e-01 1.414615318235652008e+00
1.916796875000000011e-01 1.413095047378095881e+00
1.917578125000000133e-01 1.410503108755555512e+00
1.918359374999999978e-01 1.407673831847225498e+00
1.919140625000000100e-01 1.405100478222416793e+00
1.919921874999999944e-01 1.403143641927839802e+00
1.920703125000000067e-01 1.401892299398392661e+00
1.921484374999999911e-01 1.401448775626271681e+00
1.922265625000000033e-01 1.401406847037044434e+00
1.923046875000000155e-01 1.401688244213966650e+00
1.923828125000000000e-01 1.402018038899777386e+00
1.924609375000000122e-01 1.401573299877906909e+00
1.925390624999999967e-01 1.401109773846128004e+00
1.926171875000000089e-01 1.399254777398548422e+00
1.926953124999999933e-01 1.396397812092055046e+00
1.927734375000000056e-01 1.394671355681646574e+00
1.928515625000000178e-01 1.394753883405331907e+00
1.929296875000000022e-01 1.395791169359567263e+00
1.930078125000000144e-01 1.396981793856745924e+00
1.930859374999999989e-01 1.397798008272637338e+00
1.931640625000000111e-01 1.398108617648416319e+00
1.932421874999999956e-01 1.397892805813778283e+00
1.933203125000000078e-01 1.396747097806197768e+00
1.933984374999999922e-01 1.393437701776152782e+00
1.934765625000000044e-01 1.384432605540380612e+00
1.935546875000000167e-01 1.369263409482673222e+00
1.936328125000000011e-01 1.353046512326405049e+00
1.937109375000000133e-01 1.342098676630004483e+00
1.937890624999999978e-01 1.338861861448694901e+00
1.938671875000000100e-01 1.338617871308101837e+00
1.939453124999999944e-01 1.338424867307192123e+00
1.940234375000000067e-01 1.338614266876983594e+00
1.941015624999999911e-01 1.338883649393661113e+00
1.941796875000000033e-01 1.339030393398496166e+00
1.942578125000000155e-01 1.338943555525188955e+00
1.943359375000000000e-01 1.339303159983179281e+00
1.944140625000000122e-01 1.341672766206724488e+00
1.944921874999999967e-01 1.345167971271549190e+00
1.945703125000000089e-01 1.347783375272183726e+00
1.946484374999999933e-01 1.349286283603544634e+00
1.947265625000000056e-01 1.350515157276713785e+00
1.948046875000000178e-01 1.350677901576250894e+00
1.948828125000000022e-01 1.349512419331156954e+00
1.949609375000000144e-01 1.347927070209066658e+00
1.950390624999999989e-01 1.346172964475590428e+00
1.951171875000000111e-01 1.342238462569297130e+00
1.951953124999999956e-01 1.337795395467368476e+00
1.952734375000000078e-01 1.335432390920727519e+00
1.953515624999999922e-01 1.335111965811343060e+00
1.954296875000000044e-01 1.335535671142170200e+00
1.955078125000000167e-01 1.334904024259861099e+00
1.955859375000000011e-01 1.332565467594258646e+00
1.956640625000000133e-01 1.329904537871305914e+00
1.957421874999999978e-01 1.327884593979712591e+00
1.958203125000000100e-01 1.330232315716011637e+00
1.958984374999999944e-01 1.336865851109412695e+00
1.959765625000000067e-01 1.340089498268383750e+00
1.960546874999999911e-01 1.338972073476389024e+00
1.961328125000000033e-01 1.337764443296020067e+00
1.962109375000000155e-01 1.337772571584824099e+00
1.962890625000000000e-01 1.337697188845079710e+00
1.963671875000000122e-01 1.336641031414186331e+00
1.964453124999999967e-01 1.335206770262889364e+00
1.965234375000000089e-01 1.334223010954676658e+00
1.966015624999999933e-01 1.334154330437290925e+00
1.966796875000000056e-01 1.334419649275728093e+00
1.967578125000000178e-01 1.334936974667012111e+00
1.968359375000000022e-01 1.337659266734993579e+00
1.969140625000000144e-01 1.343210029019797691e+00
1.969921874999999989e-01 1.348957358716033506e+00
1.970703125000000111e-01 1.354947111825286044e+00
1.971484374999999956e-01 1.361257867475177852e+00
1.972265625000000078e-01 1.366409186865470415e+00
1.973046874999999922e-01 1.369599469769718914e+00
1.973828125000000044e-01 1.370222779990438733e+00
1.974609375000000167e-01 1.367796712392145730e+00
1.975390625000000011e-01 1.362215451847998970e+00
1.976171875000000133e-01 1.351860644243801035e+00
1.976953124999999978e-01 1.339952751570476552e+00
1.977734375000000100e-01 1.330865558016752104e+00
1.978515624999999944e-01 1.325400487782580683e+00
1.979296875000000067e-01 1.319900186538221831e+00
1.980078124999999911e-01 1.312956593836621888e+00
1.980859375000000033e-01 1.306000138935445865e+00
1.981640625000000155e-01 1.301077333778572154e+00
1.982421875000000000e-01 1.299671767249216181e+00
1.983203125000000122e-01 1.301368866806733582e+00
1.983984374999999967e-01 1.305057341575458274e+00
1.984765625000000089e-01 1.311131582416858787e+00
1.985546874999999933e-01 1.325379121772280344e+00
1.986328125000000056e-01 1.345847165638173193e+00
1.987109375000000178e-01 1.359591433103849889e+00
1.987890625000000022e-01 1.361710326694639095e+00
1.988671875000000144e-01 1.358497656988681079e+00
1.989453124999999989e-01 1.353702308032351587e+00
1.990234375000000111e-01 1.348739680371228600e+00
1.991015624999999956e-01 1.344186761667660157e+00
1.991796875000000078e-01 1.339935327256227771e+00
1.992578124999999922e-01 1.336060220157134326e+00
1.993359375000000044e-01 1.332856896447677686e+00
1.994140625000000167e-01 1.330678975342487913e+00
1.994921875000000011e-01 1.330822082427095321e+00
1.995703125000000133e-01 1.335816931839292732e+00
1.996484374999999978e-01 1.341700655228251549e+00
1.997265625000000100e-01 1.346357232767333878e+00
1.998046874999999944e-01 1.351264254234684659e+00
1.998828125000000067e-01 1.356352900751591983e+00
1.999609374999999911e-01 1.361215088501307902e+00
2.000390625000000033e-01 1.366157309572736844e+00
2.001171875000000155e-01 1.371090160676276426e+00
2.001953125000000000e-01 1.374432584999199625e+00
2.002734375000000122e-01 1.374044213926368441e+00
2.003515624999999967e-01 1.367476269213956375e+00
2.004296875000000089e-01 1.355384408032417554e+00
2.005078124999999933e-01 1.342352328897771008e+00
2.005859375000000056e-01 1.333744062358186877e+00
2.006640625000000178e-01 1.332008490144722002e+00
2.007421875000000022e-01 1.336372077003256775e+00
2.008203125000000144e-01 1.342425646381779858e+00
2.008984374999999989e-01 1.345887537050955984e+00
2.009765625000000111e-01 1.348594873679653361e+00
2.010546874999999956e-01 1.352426787568466127e+00
2.011328125000000078e-01 1.356873102201201720e+00
2.012109374999999922e-01 1.358971995468457150e+00
2.012890625000000044e-01 1.357875967380395510e+00
2.013671875000000167e-01 1.376097433240581758e+00
2.014453125000000011e-01 1.414339336945878989e+00
2.015234375000000133e-01 1.435494895409818561e+00
2.016015624999999978e-01 1.440042940441309760e+00
2.016796875000000100e-01 1.440181961865231175e+00
2.017578124999999944e-01 1.437257857783455606e+00
2.018359375000000067e-01 1.434798919566307340e+00
2.019140624999999911e-01 1.432961526635737171e+00
2.019921875000000033e-01 1.430479996000221243e+00
2.020703125000000155e-01 1.430880178720166152e+00
2.021484375000000000e-01 1.440918752630575339e+00
2.022265625000000122e-01 1.449359513648810438e+00
2.023046874999999967e-01 1.445641676374597839e+00
2.023828125000000089e-01 1.435726156608928106e+00
2.024609374999999933e-01 1.424370128471804442e+00
2.025390625000000056e-01 1.408902001581419983e+00
2.026171875000000178e-01 1.389304803869688909e+00
2.026953125000000022e-01 1.375015012641212842e+00
2.027734375000000144e-01 1.370807462509582741e+00
2.028515624999999989e-01 1.372779971181817604e+00
2.029296875000000111e-01 1.376477311150722915e+00
2.030078124999999956e-01 1.379793221178843510e+00
2.030859375000000078e-01 1.381609018562687918e+00
2.031640624999999922e-01 1.383131965506252614e+00
2.032421875000000044e-01 1.386432955913218468e+00
2.033203125000000167e-01 1.388467847557399271e+00
2.033984375000000011e-01 1.384853848160301437e+00
2.034765625000000133e-01 1.376621497990160536e+00
2.035546874999999978e-01 1.368469736310920837e+00
2.036328125000000100e-01 1.363644941060295546e+00
2.037109374999999944e-01 1.370082377042326049e+00
2.037890625000000067e-01 1.389120493196418726e+00
2.038671874999999911e-01 1.407774165484734219e+00
2.039453125000000033e-01 1.414943007427028610e+00
2.040234375000000155e-01 1.413977901943593407e+00
2.041015625000000000e-01 1.415491919956882283e+00
2.041796875000000122e-01 1.418526646958131021e+00
2.042578124999999967e-01 1.419477178199972878e+00
2.043359375000000089e-01 1.423679866682723727e+00
2.044140624999999933e-01 1.424882807894847003e+00
2.044921875000000056e-01 1.421286158747951944e+00
2.045703125000000178e-01 1.417137101965977086e+00
2.046484375000000022e-01 1.414761558542781961e+00
2.047265625000000144e-01 1.414175374866289525e+00
2.048046874999999989e-01 1.412521855258338288e+00
2.048828125000000111e-01 1.410035642507361242e+00
2.049609374999999956e-01 1.413304618637393206e+00
2.050390625000000078e-01 1.416489560644276002e+00
2.051171874999999922e-01 1.414996469650444899e+00
2.051953125000000044e-01 1.411680362682410816e+00
2.052734375000000167e-01 1.408096747720360753e+00
2.053515625000000011e-01 1.404449122146340212e+00
2.054296875000000133e-01 1.400861417024428235e+00
2.055078124999999978e-01 1.397492782941891498e+00
2.055859375000000100e-01 1.395248651082287239e+00
2.056640624999999944e-01 1.397088710344694285e+00
2.057421875000000067e-01 1.402990143167507142e+00
2.058203124999999911e-01 1.406286202937505392e+00
2.058984375000000033e-01 1.405403121450309323e+00
2.059765625000000155e-01 1.403532297114036265e+00
2.060546875000000000e-01 1.401945165701888207e+00
2.061328125000000122e-01 1.402036845013647115e+00
2.062109374999999967e-01 1.405777502822869174e+00
2.062890625000000089e-01 1.414506600031920636e+00
2.063671874999999933e-01 1.424385922171446550e+00
2.064453125000000056e-01 1.430151612621381130e+00
2.065234375000000178e-01 1.430345523486965087e+00
2.066015625000000022e-01 1.429911004348310755e+00
2.066796875000000144e-01 1.433383236962856078e+00
2.067578124999999989e-01 1.440842414263941773e+00
2.068359375000000111e-01 1.451142984776308653e+00
2.069140624999999956e-01 1.458546107664358216e+00
2.069921875000000078e-01 1.458335391661175207e+00
2.070703124999999922e-01 1.452912492108946463e+00
2.071484375000000044e-01 1.445537554718949069e+00
2.072265625000000167e-01 1.436811181119568293e+00
2.073046875000000011e-01 1.428775527202378548e+00
2.073828125000000133e-01 1.423800735011252483e+00
2.074609374999999978e-01 1.424960487915682750e+00
2.075390625000000100e-01 1.433314693949987451e+00
2.076171874999999944e-01 1.440963988008812979e+00
2.076953125000000067e-01 1.443647784335883033e+00
2.077734374999999911e-01 1.442403690240976921e+00
2.078515625000000033e-01 1.439747211185945286e+00
2.079296875000000155e-01 1.438407371385455047e+00
2.080078125000000000e-01 1.438004010674129862e+00
2.080859375000000122e-01 1.438314375888038121e+00
2.081640624999999967e-01 1.439146411722709296e+00
2.082421875000000089e-01 1.439813173028464233e+00
2.083203124999999933e-01 1.438862117484781988e+00
2.083984375000000056e-01 1.436388730344811071e+00
2.084765625000000178e-01 1.434585092375993520e+00
2.085546875000000022e-01 1.434516096785511063e+00
2.086328125000000144e-01 1.435595644686942229e+00
2.087109374999999989e-01 1.436804070817971457e+00
2.087890625000000111e-01 1.437069305811382813e+00
2.088671874999999956e-01 1.435332708144476666e+00
2.089453125000000078e-01 1.431205198580122184e+00
2.090234374999999922e-01 1.425551401594185030e+00
2.091015625000000044e-01 1.419954023151678291e+00
2.091796875000000167e-01 1.416084596067407553e+00
2.092578125000000011e-01 1.414574247752857783e+00
2.093359375000000133e-01 1.414765013528977322e+00
2.094140624999999978e-01 1.415650457943292251e+00
2.094921875000000100e-01 1.416788436438149112e+00
2.095703124999999944e-01 1.418193788213242268e+00
2.096484375000000067e-01 1.419667217994344588e+00
2.097265624999999911e-01 1.420624387187109372e+00
2.098046875000000033e-01 1.421173461974891250e+00
2.098828125000000155e-01 1.422313922286590593e+00
2.099609375000000000e-01 1.424156887754343570e+00
2.100390625000000122e-01 1.425382158900787122e+00
2.101171874999999967e-01 1.425897074298887679e+00
2.101953125000000089e-01 1.426788037730587044e+00
2.102734374999999933e-01 1.429461546197090316e+00
2.103515625000000056e-01 1.436222727022056000e+00
2.104296875000000178e-01 1.444784557516096024e+00
2.105078125000000022e-01 1.450265586339038348e+00
2.105859375000000144e-01 1.450109545893168983e+00
2.106640624999999989e-01 1.445300250240118878e+00
2.107421875000000111e-01 1.436936087233773973e+00
2.108203124999999956e-01 1.428315299250743964e+00
2.108984375000000078e-01 1.423258244887865009e+00
2.109765624999999922e-01 1.423119472686319442e+00
2.110546875000000044e-01 1.426808822385932984e+00
2.111328125000000167e-01 1.431915162364601368e+00
2.112109375000000011e-01 1.436431318844433980e+00
2.112890625000000133e-01 1.439462553041231496e+00
2.113671874999999978e-01 1.441394162757821951e+00
2.114453125000000100e-01 1.443039638365078092e+00
2.115234374999999944e-01 1.444483067732697856e+00
2.116015625000000067e-01 1.445777774837249785e+00
2.116796874999999911e-01 1.447018672562396358e+00
2.117578125000000033e-01 1.448924766961537491e+00
2.118359375000000155e-01 1.451661815050063087e+00
2.119140625000000000e-01 1.453039981995944308e+00
2.119921875000000122e-01 1.452378090011930079e+00
2.120703124999999967e-01 1.450514431785067559e+00
2.121484375000000089e-01 1.448006631199209027e+00
2.122265624999999933e-01 1.445054456535545651e+00
2.123046875000000056e-01 1.441896357651895055e+00
2.123828125000000178e-01 1.439335616528566675e+00
2.124609375000000022e-01 1.439821699836154600e+00
2.125390625000000144e-01 1.441993058978509046e+00
2.126171874999999989e-01 1.441095551128104946e+00
2.126953125000000111e-01 1.437895489937637272e+00
2.127734374999999956e-01 1.435162215258067642e+00
2.128515625000000078e-01 1.436439448374289274e+00
2.129296874999999922e-01 1.447382248121587889e+00
2.130078125000000044e-01 1.455219897323094091e+00
2.130859375000000167e-01 1.455075713057803144e+00
2.131640625000000011e-01 1.454152766949946773e+00
2.132421875000000133e-01 1.454170424950440355e+00
2.133203124999999978e-01 1.454697462893027815e+00
2.133984375000000100e-01 1.455126459265017269e+00
2.134765624999999944e-01 1.455142761829309128e+00
2.135546875000000067e-01 1.454716909164686989e+00
2.136328124999999911e-01 1.453723957492262686e+00
2.137109375000000033e-01 1.452274334656232568e+00
2.137890625000000155e-01 1.450617013233410413e+00
2.138671875000000000e-01 1.449483116188712284e+00
2.139453125000000122e-01 1.450325105815565063e+00
2.140234374999999967e-01 1.451661826064791994e+00
2.141015625000000089e-01 1.451336554358758191e+00
2.141796874999999933e-01 1.449943696778914548e+00
2.142578125000000056e-01 1.448853974503792497e+00
2.143359375000000178e-01 1.448151885287892293e+00
2.144140625000000022e-01 1.447273457282658660e+00
2.144921875000000144e-01 1.445769861452844918e+00
2.145703124999999989e-01 1.443771624392033548e+00
2.146484375000000111e-01 1.440930211721128451e+00
2.147265624999999956e-01 1.437232889549256543e+00
2.148046875000000078e-01 1.433173363109096154e+00
2.148828124999999922e-01 1.428721947834920680e+00
2.149609375000000044e-01 1.423278430287601370e+00
2.150390625000000167e-01 1.418010456231123317e+00
2.151171875000000011e-01 1.413881925557924246e+00
2.151953125000000133e-01 1.412344286423068862e+00
2.152734374999999978e-01 1.413300048684847043e+00
2.153515625000000100e-01 1.414924018895458158e+00
2.154296874999999944e-01 1.415943966402970267e+00
2.155078125000000067e-01 1.417158994180309994e+00
2.155859374999999911e-01 1.418325720406533597e+00
2.156640625000000033e-01 1.417994278139611097e+00
2.157421875000000155e-01 1.416514295371021692e+00
2.158203125000000000e-01 1.414755130328520183e+00
2.158984375000000122e-01 1.412153526651569901e+00
2.159765624999999967e-01 1.409946984885616539e+00
2.160546875000000089e-01 1.410621959969115879e+00
2.161328124999999933e-01 1.413090936041749179e+00
2.162109375000000056e-01 1.414498485632192493e+00
2.162890625000000178e-01 1.414038000339743917e+00
2.163671875000000022e-01 1.413796156493813294e+00
2.164453125000000144e-01 1.415535050998704136e+00
2.165234374999999989e-01 1.422216008406772092e+00
2.166015625000000111e-01 1.432910551652853526e+00
2.166796874999999956e-01 1.437873294942827673e+00
2.167578125000000078e-01 1.433678895887776639e+00
2.168359374999999922e-01 1.419589028445269907e+00
2.169140625000000044e-01 1.395860629690188981e+00
2.169921875000000167e-01 1.373201568259699634e+00
2.170703125000000011e-01 1.361141917316483596e+00
2.171484375000000133e-01 1.356723685589727335e+00
2.172265624999999978e-01 1.354220866414448610e+00
2.173046875000000100e-01 1.353409259439055434e+00
2.173828124999999944e-01 1.355068863331426066e+00
2.174609375000000067e-01 1.359265765691653360e+00
2.175390624999999911e-01 1.364811533777757546e+00
2.176171875000000033e-01 1.369900274974829468e+00
2.176953125000000155e-01 1.374216196617934926e+00
2.177734375000000000e-01 1.377619058339204283e+00
2.178515625000000122e-01 1.379791603923523180e+00
2.179296874999999967e-01 1.379831319145146118e+00
2.180078125000000089e-01 1.375387195138039198e+00
2.180859374999999933e-01 1.366039371058615615e+00
2.181640625000000056e-01 1.356382497890333383e+00
2.182421875000000178e-01 1.351102239958211104e+00
2.183203125000000022e-01 1.349395576566220223e+00
2.183984375000000144e-01 1.347958960599025424e+00
2.184765624999999989e-01 1.347113409511016879e+00
2.185546875000000111e-01 1.347723565778440102e+00
2.186328124999999956e-01 1.350557862470613824e+00
2.187109375000000078e-01 1.354609150907230219e+00
2.187890624999999922e-01 1.359323898556277666e+00
2.188671875000000044e-01 1.363907632789268076e+00
2.189453125000000167e-01 1.367727715587503612e+00
2.190234375000000011e-01 1.370783842610586722e+00
2.191015625000000133e-01 1.372947370182201920e+00
2.191796874999999978e-01 1.373859156839118523e+00
2.192578125000000100e-01 1.374270011103133626e+00
2.193359374999999944e-01 1.375951522955731310e+00
2.194140625000000067e-01 1.377256806090276564e+00
2.194921874999999911e-01 1.375982280336876418e+00
2.195703125000000033e-01 1.373731864506024136e+00
2.196484375000000155e-01 1.371349219565897171e+00
2.197265625000000000e-01 1.370162978880503646e+00
2.198046875000000122e-01 1.374040826798311299e+00
2.198828124999999967e-01 1.378994890773891591e+00
2.199609375000000089e-01 1.380561000442091402e+00
2.200390624999999933e-01 1.380606949327178201e+00
2.201171875000000056e-01 1.381211905804679896e+00
2.201953125000000178e-01 1.381992105997333020e+00
2.202734375000000022e-01 1.383599983394773636e+00
2.203515625000000144e-01 1.387507611619967163e+00
2.204296874999999989e-01 1.392640973406467531e+00
2.205078125000000111e-01 1.396040449546400941e+00
2.205859374999999956e-01 1.396659486729902699e+00
2.206640625000000078e-01 1.395765064200169103e+00
2.207421874999999922e-01 1.394695663709280886e+00
2.208203125000000044e-01 1.394202575267126765e+00
2.208984375000000167e-01 1.393907537984560685e+00
2.209765625000000011e-01 1.392313369283127766e+00
2.210546875000000133e-01 1.389230392322619911e+00
2.211328124999999978e-01 1.385749462959922074e+00
2.212109375000000100e-01 1.382608106848721485e+00
2.212890624999999944e-01 1.379570167616374521e+00
2.213671875000000067e-01 1.376603220130509619e+00
2.214453124999999911e-01 1.373928795527903146e+00
2.215234375000000033e-01 1.371613108289070793e+00
2.216015625000000155e-01 1.369528093622188081e+00
2.216796875000000000e-01 1.367549855842237649e+00
2.217578125000000122e-01 1.365719082095357306e+00
2.218359374999999967e-01 1.364272101779557156e+00
2.219140625000000089e-01 1.363325062613296224e+00
2.219921874999999933e-01 1.363160013773969226e+00
2.220703125000000056e-01 1.363756412618666980e+00
2.221484375000000178e-01 1.364959498467343879e+00
2.222265625000000022e-01 1.366381403349856472e+00
2.223046875000000144e-01 1.367663973246280751e+00
2.223828124999999989e-01 1.368691853146985382e+00
2.224609375000000111e-01 1.369535838898990443e+00
2.225390624999999956e-01 1.370054298249577140e+00
2.226171875000000078e-01 1.370641136889046985e+00
2.226953124999999922e-01 1.370958948001269384e+00
2.227734375000000044e-01 1.370377631663441731e+00
2.228515625000000167e-01 1.368802826962505659e+00
2.229296875000000011e-01 1.367053109854846182e+00
2.230078125000000133e-01 1.366173141358153931e+00
2.230859374999999978e-01 1.366862434253206304e+00
2.231640625000000100e-01 1.369016903217550762e+00
2.232421874999999944e-01 1.371478369571548894e+00
2.233203125000000067e-01 1.374216318016762139e+00
2.233984374999999911e-01 1.388286714617806172e+00
2.234765625000000033e-01 1.408732853737520996e+00
2.235546875000000155e-01 1.412917258603076931e+00
2.236328125000000000e-01 1.412395507396095429e+00
2.237109375000000122e-01 1.413540905783380319e+00
2.237890624999999967e-01 1.414327367388648504e+00
2.238671875000000089e-01 1.416029278981956629e+00
2.239453124999999933e-01 1.418790693864825592e+00
2.240234375000000056e-01 1.420933290620562284e+00
2.241015625000000178e-01 1.421268306854128971e+00
2.241796875000000022e-01 1.419557970089093679e+00
2.242578125000000144e-01 1.416835701950509563e+00
2.243359374999999989e-01 1.414378206287027595e+00
2.244140625000000111e-01 1.414445940518942235e+00
2.244921874999999956e-01 1.421331910530287734e+00
2.245703125000000078e-01 1.429821992342440895e+00
2.246484374999999922e-01 1.432043479786125673e+00
2.247265625000000044e-01 1.431079986886262034e+00
2.248046875000000167e-01 1.431996100231256008e+00
2.248828125000000011e-01 1.430302689881302713e+00
2.249609375000000133e-01 1.425616596982530293e+00
2.250390624999999978e-01 1.423276319024779912e+00
2.251171875000000100e-01 1.422590891030482085e+00
2.251953124999999944e-01 1.419902071538466481e+00
2.252734375000000067e-01 1.415551094580211444e+00
2.253515624999999911e-01 1.411422592298127610e+00
2.254296875000000033e-01 1.408672404426794200e+00
2.255078125000000155e-01 1.407636045099090571e+00
2.255859375000000000e-01 1.407456922436233215e+00
2.256640625000000122e-01 1.406830908144980574e+00
2.257421874999999967e-01 1.405258870414983541e+00
2.258203125000000089e-01 1.403349895451867058e+00
2.258984374999999933e-01 1.403367715540565053e+00
2.259765625000000056e-01 1.404319237164074252e+00
2.260546875000000178e-01 1.402666165406086574e+00
2.261328125000000022e-01 1.398126381478133506e+00
2.262109375000000144e-01 1.392768532771795131e+00
2.262890624999999989e-01 1.388464435352526172e+00
2.263671875000000111e-01 1.387827268184383511e+00
2.264453124999999956e-01 1.396747210479735823e+00
2.265234375000000078e-01 1.420831802537577460e+00
2.266015624999999922e-01 1.443576701882571145e+00
2.266796875000000044e-01 1.452580173066727598e+00
2.267578125000000167e-01 1.457424002235147897e+00
2.268359375000000011e-01 1.464445241444104040e+00
2.269140625000000133e-01 1.474478505889254665e+00
2.269921874999999978e-01 1.487607939299301796e+00
2.270703125000000100e-01 1.495862734397604310e+00
2.271484374999999944e-01 1.499822162301114536e+00
2.272265625000000067e-01 1.498401784514137525e+00
2.273046874999999911e-01 1.486129984779428037e+00
2.273828125000000033e-01 1.466059994231661001e+00
2.274609375000000155e-01 1.447685997694766469e+00
2.275390625000000000e-01 1.437286522055148286e+00
2.276171875000000122e-01 1.438019861379536524e+00
2.276953124999999967e-01 1.445317618651277947e+00
2.277734375000000089e-01 1.448465017044212377e+00
2.278515624999999933e-01 1.445294514265953012e+00
2.279296875000000056e-01 1.441888549731070279e+00
2.280078125000000178e-01 1.442065476769449628e+00
2.280859375000000022e-01 1.447851654462022353e+00
2.281640625000000144e-01 1.457758962903299205e+00
2.282421874999999989e-01 1.467633807993860007e+00
2.283203125000000111e-01 1.475110718406831056e+00
2.283984374999999956e-01 1.480250749714463909e+00
2.284765625000000078e-01 1.483953464968820635e+00
2.285546874999999922e-01 1.485239420584544723e+00
2.286328125000000044e-01 1.483293688543621425e+00
2.287109375000000167e-01 1.478464064521724186e+00
2.287890625000000011e-01 1.471734824137645115e+00
2.288671875000000133e-01 1.464838325535159136e+00
2.289453124999999978e-01 1.459208213636755902e+00
2.290234375000000100e-01 1.455811057700520772e+00
2.291015624999999944e-01 1.455099834336048392e+00
2.291796875000000067e-01 1.457060982301027208e+00
2.292578124999999911e-01 1.461473942882257848e+00
2.293359375000000033e-01 1.465253772885506844e+00
2.294140625000000155e-01 1.466273886466838094e+00
2.294921875000000000e-01 1.465090050354865392e+00
2.295703125000000122e-01 1.463218939782742867e+00
2.296484374999999967e-01 1.462230862878609816e+00
2.297265625000000089e-01 1.465234674025607919e+00
2.298046874999999933e-01 1.476922932388577747e+00
2.298828125000000056e-01 1.492746384238262225e+00
2.299609375000000178e-01 1.501557616003888818e+00
2.300390625000000022e-01 1.499753514751961614e+00
2.301171875000000144e-01 1.492993540475353820e+00
2.301953124999999989e-01 1.485616606262386341e+00
2.302734375000000111e-01 1.480326454275403547e+00
2.303515624999999956e-01 1.478163469059791790e+00
2.304296875000000078e-01 1.478155400369357331e+00
2.305078124999999922e-01 1.479443759928398938e+00
2.305859375000000044e-01 1.482759603002379967e+00
2.306640625000000167e-01 1.486298982549389081e+00
2.307421875000000011e-01 1.489227970478542940e+00
2.308203125000000133e-01 1.498590991957876595e+00
2.308984374999999978e-01 1.508329390196705200e+00
2.309765625000000100e-01 1.510866173546325131e+00
2.310546874999999944e-01 1.510775274154192882e+00
2.311328125000000067e-01 1.510706791568408702e+00
2.312109374999999911e-01 1.510904991957352506e+00
2.312890625000000033e-01 1.511402386963890176e+00
2.313671875000000155e-01 1.511965170570315875e+00
2.314453125000000000e-01 1.512380820054832764e+00
2.315234375000000122e-01 1.512309200659257558e+00
2.316015624999999967e-01 1.511673799572933685e+00
2.316796875000000089e-01 1.510738065448872014e+00
2.317578124999999933e-01 1.509813121223751331e+00
2.318359375000000056e-01 1.509719349054301940e+00
2.319140625000000178e-01 1.514300709025852232e+00
2.319921875000000022e-01 1.525660685217893553e+00
2.320703125000000144e-01 1.532091666229902671e+00
2.321484374999999989e-01 1.528478367820867989e+00
2.322265625000000111e-01 1.521575761523928483e+00
2.323046874999999956e-01 1.517003713501248630e+00
2.323828125000000078e-01 1.514299003916651731e+00
2.324609374999999922e-01 1.510644495168863566e+00
2.325390625000000044e-01 1.504040340623818750e+00
2.326171875000000167e-01 1.500803497850517809e+00
2.326953125000000011e-01 1.500628108919050296e+00
2.327734375000000133e-01 1.501278652722950246e+00
2.328515624999999978e-01 1.502213905476889932e+00
2.329296875000000100e-01 1.504184794413302662e+00
2.330078124999999944e-01 1.508654710926466080e+00
2.330859375000000067e-01 1.515552636286073840e+00
2.331640624999999911e-01 1.523507019081044911e+00
2.332421875000000033e-01 1.531998116597077297e+00
2.333203125000000155e-01 1.541558689203421872e+00
2.333984375000000000e-01 1.551613660807135808e+00
2.334765625000000122e-01 1.560756522367575005e+00
2.335546874999999967e-01 1.568054684639821339e+00
2.336328125000000089e-01 1.571842310476741611e+00
2.337109374999999933e-01 1.568385814092374098e+00
2.337890625000000056e-01 1.559480028294977005e+00
2.338671875000000178e-01 1.549631911992833233e+00
2.339453125000000022e-01 1.540609694896682758e+00
2.340234375000000144e-01 1.533335425366478155e+00
2.341015624999999989e-01 1.528017136641459217e+00
2.341796875000000111e-01 1.524685875321694972e+00
2.342578124999999956e-01 1.523047725687982634e+00
2.343359375000000078e-01 1.523870498044657573e+00
2.344140624999999922e-01 1.528941605605016019e+00
2.344921875000000044e-01 1.533482057836461188e+00
2.345703125000000167e-01 1.536664998808675131e+00
2.346484375000000011e-01 1.542294543360871462e+00
2.347265625000000133e-01 1.550269993623548670e+00
2.348046874999999978e-01 1.557670131533774649e+00
2.348828125000000100e-01 1.561862384491569777e+00
2.349609374999999944e-01 1.562387250667488958e+00
2.350390625000000067e-01 1.561921935053022015e+00
2.351171874999999911e-01 1.560953774278754258e+00
2.351953125000000033e-01 1.559200862772059715e+00
2.352734375000000155e-01 1.558146487974495509e+00
2.353515625000000000e-01 1.558447535746124935e+00
2.354296875000000122e-01 1.559723851217261981e+00
2.355078124999999967e-01 1.561000723352720554e+00
2.355859375000000089e-01 1.561132489288006076e+00
2.356640624999999933e-01 1.559504926891793319e+00
2.357421875000000056e-01 1.556431508219220827e+00
2.358203125000000178e-01 1.552731810083775255e+00
2.358984375000000022e-01 1.549131364485455853e+00
2.359765625000000144e-01 1.545796419783225462e+00
2.360546874999999989e-01 1.542789625676868281e+00
2.361328125000000111e-01 1.539966914103540363e+00
2.362109374999999956e-01 1.537159062410431209e+00
2.362890625000000078e-01 1.534463529605212928e+00
2.363671874999999922e-01 1.531780653672538017e+00
2.364453125000000044e-01 1.528778112074297146e+00
2.365234375000000167e-01 1.525411788526069179e+00
2.366015625000000011e-01 1.522115451529208130e+00
2.366796875000000133e-01 1.519409453752015748e+00
2.367578124999999978e-01 1.518187356165535462e+00
2.368359375000000100e-01 1.518947522908517422e+00
2.369140624999999944e-01 1.519916131307031959e+00
2.369921875000000067e-01 1.519310047855054524e+00
2.370703124999999911e-01 1.518375858607462492e+00
2.371484375000000033e-01 1.517709264976911054e+00
2.372265625000000155e-01 1.515471535481852872e+00
2.373046875000000000e-01 1.511704059591699290e+00
2.373828125000000122e-01 1.507358707735139802e+00
2.374609374999999967e-01 1.502759264433613628e+00
2.375390625000000089e-01 1.497945241271702255e+00
2.376171874999999933e-01 1.492686668131935068e+00
2.376953125000000056e-01 1.487127233664628845e+00
2.377734375000000178e-01 1.481471911369520056e+00
2.378515625000000022e-01 1.475882920258396291e+00
2.379296875000000144e-01 1.471302766781166893e+00
2.380078124999999989e-01 1.468652308767424364e+00
2.380859375000000111e-01 1.468235915444049411e+00
2.381640624999999956e-01 1.469082886911525998e+00
2.382421875000000078e-01 1.470022486885635971e+00
2.383203124999999922e-01 1.470577283829045623e+00
2.383984375000000044e-01 1.474703983616758585e+00
2.384765625000000167e-01 1.485278272837259550e+00
2.385546875000000011e-01 1.488631605994791718e+00
2.386328125000000133e-01 1.485143046822406276e+00
2.387109374999999978e-01 1.476689136246861045e+00
2.387890625000000100e-01 1.457488610239097815e+00
2.388671874999999944e-01 1.437388883295042108e+00
2.389453125000000067e-01 1.441993658254884236e+00
2.390234374999999911e-01 1.463156917683909652e+00
2.391015625000000033e-01 1.465456423196360047e+00
2.391796875000000155e-01 1.454887475192377266e+00
2.392578125000000000e-01 1.444519988221819817e+00
2.393359375000000122e-01 1.436592174140029599e+00
2.394140624999999967e-01 1.430267927025265617e+00
2.394921875000000089e-01 1.424665924406162576e+00
2.395703124999999933e-01 1.419437091636653436e+00
2.396484375000000056e-01 1.414850552787541238e+00
2.397265625000000178e-01 1.411246372296887541e+00
2.398046875000000022e-01 1.408875139030689061e+00
2.398828125000000144e-01 1.405605554837516813e+00
2.399609374999999989e-01 1.403211670001394351e+00
