# x/D rho p u_x Mach
1.953125000000000000e-03 2.426940608934149424e+00 1.725358377564193797e+05 3.155033159285731017e+02 1.000068679288959705e+00
5.859375000000000000e-03 2.426940608934149424e+00 1.725358377564193797e+05 3.155033159285731017e+02 1.000068679288959705e+00
9.765625000000000000e-03 2.426163605585585969e+00 1.724585040391008370e+05 3.156042597228201885e+02 1.000452728460741403e+00
1.367187500000000000e-02 2.426163605585585969e+00 1.724585040391008370e+05 3.156042597228201885e+02 1.000452728460741403e+00
1.757812500000000000e-02 2.424196829682291998e+00 1.722628058663634583e+05 3.158596819042662105e+02 1.001424833419345628e+00
2.148437500000000000e-02 2.424196829682291998e+00 1.722628058663634583e+05 3.158596819042662105e+02 1.001424833419345628e+00
2.539062500000000000e-02 2.421158593602463771e+00 1.719606271985917410e+05 3.162538700514246557e+02 1.002926114378917655e+00
2.929687500000000000e-02 2.421158593602463771e+00 1.719606271985917410e+05 3.162538700514246557e+02 1.002926114378917655e+00
3.320312500000000000e-02 2.417305655931048403e+00 1.715776333036346768e+05 3.167528045627198594e+02 1.004828393898317573e+00
3.710937500000000000e-02 2.417305655931048403e+00 1.715776333036346768e+05 3.167528045627198594e+02 1.004828393898317573e+00
4.101562500000000000e-02 2.412669278326098343e+00 1.711170823703346250e+05 3.173516508787879502e+02 1.007114752713906825e+00
4.492187500000000000e-02 2.412669278326098343e+00 1.711170823703346250e+05 3.173516508787879502e+02 1.007114752713906825e+00
4.882812500000000000e-02 2.407025041512873997e+00 1.705568952506579808e+05 3.180789616704385594e+02 1.009895857051320789e+00
5.273437500000000000e-02 2.407025041512873997e+00 1.705568952506579808e+05 3.180789616704385594e+02 1.009895857051320789e+00
5.664062500000000000e-02 2.400061131107748658e+00 1.698664588924697891e+05 3.189749496755117661e+02 1.013327654056333627e+00
6.054687500000000000e-02 2.400061131107748658e+00 1.698664588924697891e+05 3.189749496755117661e+02 1.013327654056333627e+00
6.445312500000000000e-02 2.391569721277885030e+00 1.690256660091843805e+05 3.200665391916805333e+02 1.017516478679159508e+00
6.835937500000000000e-02 2.391569721277885030e+00 1.690256660091843805e+05 3.200665391916805333e+02 1.017516478679159508e+00
7.226562500000000000e-02 2.381537078991874612e+00 1.680338056840940844e+05 3.213554259649598634e+02 1.022473265529640907e+00
7.617187500000000000e-02 2.381537078991874612e+00 1.680338056840940844e+05 3.213554259649598634e+02 1.022473265529640907e+00
8.007812500000000000e-02 2.370110364591431651e+00 1.669061584240834927e+05 3.228221814859061851e+02 1.028128632788574359e+00
8.398437500000000000e-02 2.370110364591431651e+00 1.669061584240834927e+05 3.228221814859061851e+02 1.028128632788574359e+00
8.789062500000000000e-02 2.357499244769702962e+00 1.656641497702763882e+05 3.244390116659772048e+02 1.034381072556897596e+00
9.179687500000000000e-02 2.357499244769702962e+00 1.656641497702763882e+05 3.244390116659772048e+02 1.034381072556897596e+00
9.570312500000000000e-02 2.343886648174242637e+00 1.643264883908789780e+05 3.261815252283607833e+02 1.041141736685256669e+00
9.960937500000000000e-02 2.343886648174242637e+00 1.643264883908789780e+05 3.261815252283607833e+02 1.041141736685256669e+00
1.035156250000000000e-01 2.329389788801675021e+00 1.629053441308469046e+05 3.280340154085827180e+02 1.048354781013586035e+00
1.074218750000000000e-01 2.329389788801675021e+00 1.629053441308469046e+05 3.280340154085827180e+02 1.048354781013586035e+00
1.113281250000000000e-01 2.314068653346064153e+00 1.614072374668987468e+05 3.299884364644166794e+02 1.055993685073012500e+00
1.152343750000000000e-01 2.314068653346064153e+00 1.614072374668987468e+05 3.299884364644166794e+02 1.055993685073012500e+00
1.191406250000000000e-01 2.297955071315504139e+00 1.598359241063701920e+05 3.320405503682976587e+02 1.064046667044369787e+00
1.230468750000000000e-01 2.297955071315504139e+00 1.598359241063701920e+05 3.320405503682976587e+02 1.064046667044369787e+00
1.269531250000000000e-01 2.281076672591275223e+00 1.581947567286640988e+05 3.341866549019750323e+02 1.072504157762322441e+00
1.308593750000000000e-01 2.281076672591275223e+00 1.581947567286640988e+05 3.341866549019750323e+02 1.072504157762322441e+00
1.347656250000000000e-01 2.263466249653853346e+00 1.564875823755110905e+05 3.364222905588475783e+02 1.081353814666715429e+00
1.386718750000000000e-01 2.263466249653853346e+00 1.564875823755110905e+05 3.364222905588475783e+02 1.081353814666715429e+00
1.425781250000000000e-01 2.245160425864520803e+00 1.547186123291369295e+05 3.387424243891161950e+02 1.090581137956215363e+00
1.464843750000000000e-01 2.245160425864520803e+00 1.547186123291369295e+05 3.387424243891161950e+02 1.090581137956215363e+00
1.503906250000000000e-01 2.226196258937326533e+00 1.528920901182951056e+05 3.411419795300676583e+02 1.100171430182706356e+00
1.542968750000000000e-01 2.226196258937326533e+00 1.528920901182951056e+05 3.411419795300676583e+02 1.100171430182706356e+00
1.582031250000000000e-01 2.206610276113314839e+00 1.510122001582794474e+05 3.436160366127014072e+02 1.110110491276017797e+00
1.621093750000000000e-01 2.206610276113314839e+00 1.510122001582794474e+05 3.436160366127014072e+02 1.110110491276017797e+00
1.660156250000000000e-01 2.186439590636541030e+00 1.490831640324445034e+05 3.461597236349191462e+02 1.120384155256386682e+00
1.699218750000000000e-01 2.186439590636541030e+00 1.490831640324445034e+05 3.461597236349191462e+02 1.120384155256386682e+00
1.738281250000000000e-01 2.165722650252409842e+00 1.471092961476135824e+05 3.487681060524456598e+02 1.130977866197564685e+00
1.777343750000000000e-01 2.165722650252409842e+00 1.471092961476135824e+05 3.487681060524456598e+02 1.130977866197564685e+00
1.816406250000000000e-01 2.144498404441405714e+00 1.450949162673905666e+05 3.514362558447989500e+02 1.141876962626278358e+00
1.855468750000000000e-01 2.144498404441405714e+00 1.450949162673905666e+05 3.514362558447989500e+02 1.141876962626278358e+00
1.894531250000000000e-01 2.122804684906990147e+00 1.430441916004422237e+05 3.541594364728725850e+02 1.153067429736320371e+00
1.933593750000000000e-01 2.122804684906990147e+00 1.430441916004422237e+05 3.541594364728725850e+02 1.153067429736320371e+00
1.972656250000000000e-01 2.100676786651554107e+00 1.409610294524619530e+05 3.569332482540824003e+02 1.164536414366069028e+00
2.011718750000000000e-01 2.100676786651554107e+00 1.409610294524619530e+05 3.569332482540824003e+02 1.164536414366069028e+00
2.050781250000000000e-01 2.078147424508681507e+00 1.388490727969071886e+05 3.597536511172205564e+02 1.176272319332336780e+00
2.089843750000000000e-01 2.078147424508681507e+00 1.388490727969071886e+05 3.597536511172205564e+02 1.176272319332336780e+00
2.128906250000000000e-01 2.055247687020954839e+00 1.367117679576002702e+05 3.626168884443566753e+02 1.188264556975161090e+00
2.167968750000000000e-01 2.055247687020954839e+00 1.367117679576002702e+05 3.626168884443566753e+02 1.188264556975161090e+00
2.207031250000000000e-01 2.032007888952816810e+00 1.345524454793611949e+05 3.655193814337767435e+02 1.200503109765372445e+00
2.246093750000000000e-01 2.032007888952816810e+00 1.345524454793611949e+05 3.655193814337767435e+02 1.200503109765372445e+00
2.285156250000000000e-01 2.008458111601949092e+00 1.323743764640513400e+05 3.684576442412291613e+02 1.212978152865564763e+00
2.324218750000000000e-01 2.008458111601949092e+00 1.323743764640513400e+05 3.684576442412291613e+02 1.212978152865564763e+00
2.363281250000000000e-01 1.984628459719901095e+00 1.301807962732256565e+05 3.714282361213395234e+02 1.225679842251035767e+00
2.402343750000000000e-01 1.984628459719901095e+00 1.301807962732256565e+05 3.714282361213395234e+02 1.225679842251035767e+00
2.441406250000000000e-01 1.960549067794149947e+00 1.279749022262213257e+05 3.744277498118423182e+02 1.238598258248273520e+00
2.480468750000000000e-01 1.960549067794149947e+00 1.279749022262213257e+05 3.744277498118423182e+02 1.238598258248273520e+00
2.519531250000000000e-01 1.936249917182695013e+00 1.257598349785683822e+05 3.774528296595698293e+02 1.251723467002725521e+00
2.558593750000000000e-01 1.936249917182695013e+00 1.257598349785683822e+05 3.774528296595698293e+02 1.251723467002725521e+00
2.597656250000000000e-01 1.911760586891338987e+00 1.235386544747011503e+05 3.805002052304856761e+02 1.265045645385617590e+00
2.636718750000000000e-01 1.911760586891338987e+00 1.235386544747011503e+05 3.805002052304856761e+02 1.265045645385617590e+00
2.675781250000000000e-01 1.887110076077139320e+00 1.213143217539920734e+05 3.835667187686863713e+02 1.278555188685967403e+00
2.714843750000000000e-01 1.887110076077139320e+00 1.213143217539920734e+05 3.835667187686863713e+02 1.278555188685967403e+00
2.753906250000000000e-01 1.862326760388554048e+00 1.190896927578857576e+05 3.866493296016434442e+02 1.292242731835420377e+00
2.792968750000000000e-01 1.862326760388554048e+00 1.190896927578857576e+05 3.866493296016434442e+02 1.292242731835420377e+00
2.832031250000000000e-01 1.837438419451188798e+00 1.168675202953795670e+05 3.897450970147610292e+02 1.306099082792030686e+00
2.871093750000000000e-01 1.837438419451188798e+00 1.168675202953795670e+05 3.897450970147610292e+02 1.306099082792030686e+00
2.910156250000000000e-01 1.812472204838118772e+00 1.146504538048627001e+05 3.928511610067696438e+02 1.320115139393103210e+00
2.949218750000000000e-01 1.812472204838118772e+00 1.146504538048627001e+05 3.928511610067696438e+02 1.320115139393103210e+00
2.988281250000000000e-01 1.787454486327325620e+00 1.124410305078517849e+05 3.959647414967506052e+02 1.334281872529929025e+00
3.027343750000000000e-01 1.787454486327325620e+00 1.124410305078517849e+05 3.959647414967506052e+02 1.334281872529929025e+00
3.066406250000000000e-01 1.762410675082310085e+00 1.102416628558952798e+05 3.990831593515583791e+02 1.348590398989824246e+00
3.105468750000000000e-01 1.762410675082310085e+00 1.102416628558952798e+05 3.990831593515583791e+02 1.348590398989824246e+00
3.144531250000000000e-01 1.737365214326921592e+00 1.080546345273284678e+05 4.022038617992286618e+02 1.363032087731479436e+00
3.183593750000000000e-01 1.737365214326921592e+00 1.080546345273284678e+05 4.022038617992286618e+02 1.363032087731479436e+00
3.222656250000000000e-01 1.712341821151793120e+00 1.058821121842251887e+05 4.053244281663363608e+02 1.377598605832495382e+00
3.261718750000000000e-01 1.712341821151793120e+00 1.058821121842251887e+05 4.053244281663363608e+02 1.377598605832495382e+00
3.300781250000000000e-01 1.687363816141816741e+00 1.037261659716812719e+05 4.084425453214925597e+02 1.392281842652350665e+00
3.339843750000000000e-01 1.687363816141816741e+00 1.037261659716812719e+05 4.084425453214925597e+02 1.392281842652350665e+00
3.378906250000000000e-01 1.662454219914941023e+00 1.015887809853995859e+05 4.115559659692835339e+02 1.407073735796769309e+00
3.417968750000000000e-01 1.662454219914941023e+00 1.015887809853995859e+05 4.115559659692835339e+02 1.407073735796769309e+00
3.457031250000000000e-01 1.637635414639057485e+00 9.947184541982920200e+04 4.146624799013237066e+02 1.421966110549506723e+00
3.496093750000000000e-01 1.637635414639057485e+00 9.947184541982920200e+04 4.146624799013237066e+02 1.421966110549506723e+00
3.535156250000000000e-01 1.612928509430672452e+00 9.737711774217231141e+04 4.177599259476560292e+02 1.436950675808046585e+00
3.574218750000000000e-01 1.612928509430672452e+00 9.737711774217231141e+04 4.177599259476560292e+02 1.436950675808046585e+00
3.613281250000000000e-01 1.588352831808393040e+00 9.530619237835430249e+04 4.208462501571012240e+02 1.452019254107640878e+00
3.652343750000000000e-01 1.588352831808393040e+00 9.530619237835430249e+04 4.208462501571012240e+02 1.452019254107640878e+00
3.691406250000000000e-01 1.563925929089083899e+00 9.326048714881188062e+04 4.239195854260689771e+02 1.467164175800258707e+00
3.730468750000000000e-01 1.563925929089083899e+00 9.326048714881188062e+04 4.239195854260689771e+02 1.467164175800258707e+00
3.769531250000000000e-01 1.539664101545349828e+00 9.124126230185592431e+04 4.269783077083946523e+02 1.482378622114744582e+00
3.808593750000000000e-01 1.539664101545349828e+00 9.124126230185592431e+04 4.269783077083946523e+02 1.482378622114744582e+00
3.847656250000000000e-01 1.515583082777462787e+00 8.924965996278761304e+04 4.300210291571974039e+02 1.497656672694912317e+00
3.886718750000000000e-01 1.515583082777462787e+00 8.924965996278761304e+04 4.300210291571974039e+02 1.497656672694912317e+00
3.925781250000000000e-01 1.491698363816921891e+00 8.728673947105003754e+04 4.330465205207166832e+02 1.512992958314564262e+00
3.964843750000000000e-01 1.491698363816921891e+00 8.728673947105003754e+04 4.330465205207166832e+02 1.512992958314564262e+00
4.003906250000000000e-01 1.468024928984218880e+00 8.535348781719825638e+04 4.360535971876653321e+02 1.528382071839628598e+00
4.042968750000000000e-01 1.468024928984218880e+00 8.535348781719825638e+04 4.360535971876653321e+02 1.528382071839628598e+00
4.082031250000000000e-01 1.444576616657297974e+00 8.345080194587011647e+04 4.390410283948504002e+02 1.543818078067664912e+00
4.121093750000000000e-01 1.444576616657297974e+00 8.345080194587011647e+04 4.390410283948504002e+02 1.543818078067664912e+00
4.160156250000000000e-01 1.421365583758249507e+00 8.157945821534689458e+04 4.420075179284577871e+02 1.559294430423302069e+00
4.199218750000000000e-01 1.421365583758249507e+00 8.157945821534689458e+04 4.420075179284577871e+02 1.559294430423302069e+00
4.238281250000000000e-01 1.398402247897468698e+00 7.974009130425601325e+04 4.449517617267263176e+02 1.574804348023626455e+00
4.277343750000000000e-01 1.398402247897468698e+00 7.974009130425601325e+04 4.449517617267263176e+02 1.574804348023626455e+00
4.316406250000000000e-01 1.375695716627621357e+00 7.793319695320863684e+04 4.478725412573796802e+02 1.590341403315533864e+00
4.355468750000000000e-01 1.375695716627621357e+00 7.793319695320863684e+04 4.478725412573796802e+02 1.590341403315533864e+00
4.394531250000000000e-01 1.353254384604128058e+00 7.615915710401600518e+04 4.507687936614390765e+02 1.605899939632138951e+00
4.433593750000000000e-01 1.353254384604128058e+00 7.615915710401600518e+04 4.507687936614390765e+02 1.605899939632138951e+00
4.472656250000000000e-01 1.331086318989060491e+00 7.441827326163288672e+04 4.536396222773922773e+02 1.621475077306573365e+00
4.511718750000000000e-01 1.331086318989060491e+00 7.441827326163288672e+04 4.536396222773922773e+02 1.621475077306573365e+00
4.550781250000000000e-01 1.309199258240241415e+00 7.271079117404978024e+04 4.564842564457970298e+02 1.637062371455523913e+00
4.589843750000000000e-01 1.309199258240241415e+00 7.271079117404978024e+04 4.564842564457970298e+02 1.637062371455523913e+00
4.628906250000000000e-01 1.287600316240547382e+00 7.103690642741609190e+04 4.593020038103657612e+02 1.652657426526595197e+00
4.667968750000000000e-01 1.287600316240547382e+00 7.103690642741609190e+04 4.593020038103657612e+02 1.652657426526595197e+00
4.707031250000000000e-01 1.266295610244031478e+00 6.939675076209059625e+04 4.620922378864428879e+02 1.668255778622531826e+00
4.746093750000000000e-01 1.266295610244031478e+00 6.939675076209059625e+04 4.620922378864428879e+02 1.668255778622531826e+00
4.785156250000000000e-01 1.245289986297733131e+00 6.779036779252029373e+04 4.648544303031952154e+02 1.683853133233258248e+00
4.824218750000000000e-01 1.245289986297733131e+00 6.779036779252029373e+04 4.648544303031952154e+02 1.683853133233258248e+00
4.863281250000000000e-01 1.224586923303741193e+00 6.621769255424456787e+04 4.675881959157396750e+02 1.699445761315501180e+00
4.902343750000000000e-01 1.224586923303741193e+00 6.621769255424456787e+04 4.675881959157396750e+02 1.699445761315501180e+00
4.941406250000000000e-01 1.204188659733709699e+00 6.467855042581289308e+04 4.702932984934215028e+02 1.715030705429632985e+00
4.980468750000000000e-01 1.204188659733709699e+00 6.467855042581289308e+04 4.702932984934215028e+02 1.715030705429632985e+00
5.019531250000000000e-01 1.184096586431554021e+00 6.317268533231296897e+04 4.729695842959901029e+02 1.730605544096741832e+00
5.058593750000000000e-01 1.184096586431554021e+00 6.317268533231296897e+04 4.729695842959901029e+02 1.730605544096741832e+00
5.097656250000000000e-01 1.164311856063744210e+00 6.169981162482612854e+04 4.756168604042131847e+02 1.746167757397055764e+00
5.136718750000000000e-01 1.164311856063744210e+00 6.169981162482612854e+04 4.756168604042131847e+02 1.746167757397055764e+00
5.175781250000000000e-01 1.144835967238708951e+00 6.025966536304242618e+04 4.782347924194427264e+02 1.761714080940285143e+00
5.214843750000000000e-01 1.144835967238708951e+00 6.025966536304242618e+04 4.782347924194427264e+02 1.761714080940285143e+00
5.253906250000000000e-01 1.125670906131022830e+00 5.885201977226223971e+04 4.808229086622495743e+02 1.777240363738771922e+00
5.292968750000000000e-01 1.125670906131022830e+00 5.885201977226223971e+04 4.808229086622495743e+02 1.777240363738771922e+00
5.332031250000000000e-01 1.106818560274860364e+00 5.747664409705963772e+04 4.833807550038314957e+02 1.792742247034255332e+00
5.371093750000000000e-01 1.106818560274860364e+00 5.747664409705963772e+04 4.833807550038314957e+02 1.792742247034255332e+00
5.410156250000000000e-01 1.088279570232780102e+00 5.613322093725312880e+04 4.859081329916795653e+02 1.808216413842906878e+00
5.449218750000000000e-01 1.088279570232780102e+00 5.613322093725312880e+04 4.859081329916795653e+02 1.808216413842906878e+00
5.488281250000000000e-01 1.070052286961069798e+00 5.482127244425196841e+04 4.884052721411159723e+02 1.823661667132001174e+00
5.527343750000000000e-01 1.070052286961069798e+00 5.482127244425196841e+04 4.884052721411159723e+02 1.823661667132001174e+00
5.566406250000000000e-01 1.052132589252807282e+00 5.354014927158231148e+04 4.908728141029554308e+02 1.839079104872241910e+00
5.605468750000000000e-01 1.052132589252807282e+00 5.354014927158231148e+04 4.908728141029554308e+02 1.839079104872241910e+00
5.644531250000000000e-01 1.034514523966874266e+00 5.228907793122659496e+04 4.933116148165622121e+02 1.854471346446944224e+00
5.683593750000000000e-01 1.034514523966874266e+00 5.228907793122659496e+04 4.933116148165622121e+02 1.854471346446944224e+00
5.722656250000000000e-01 1.017191578293213272e+00 5.106725234885695681e+04 4.957226027919097078e+02 1.869841677327382934e+00
5.761718750000000000e-01 1.017191578293213272e+00 5.106725234885695681e+04 4.957226027919097078e+02 1.869841677327382934e+00
5.800781250000000000e-01 1.000157546563446465e+00 4.987389768999502121e+04 4.981065662368839071e+02 1.885192928650453847e+00
5.839843750000000000e-01 1.000157546563446465e+00 4.987389768999502121e+04 4.981065662368839071e+02 1.885192928650453847e+00
5.878906250000000000e-01 9.834089314547970195e-01 4.870843877140157565e+04 5.004642207385596748e+02 1.900526746115259069e+00
5.917968750000000000e-01 9.834089314547970195e-01 4.870843877140157565e+04 5.004642207385596748e+02 1.900526746115259069e+00
5.957031250000000000e-01 9.669469000408320580e-01 4.757063446552098321e+04 5.027952125548380309e+02 1.915838766321057429e+00
5.996093750000000000e-01 9.669469000408320580e-01 4.757063446552098321e+04 5.027952125548380309e+02 1.915838766321057429e+00
6.035156250000000000e-01 9.507845503052532177e-01 4.646106191315197066e+04 5.050974928126913710e+02 1.931112998255012148e+00
6.074218750000000000e-01 9.507845503052532177e-01 4.646106191315197066e+04 5.050974928126913710e+02 1.931112998255012148e+00
6.113281250000000000e-01 9.349513819966833728e-01 4.538139144865830167e+04 5.073644633826258996e+02 1.946308312623695969e+00
6.152343750000000000e-01 9.349513819966833728e-01 4.538139144865830167e+04 5.073644633826258996e+02 1.946308312623695969e+00
6.191406250000000000e-01 9.194893076674625076e-01 4.433407527780486271e+04 5.095863341716316199e+02 1.961364314870924552e+00
6.230468750000000000e-01 9.194893076674625076e-01 4.433407527780486271e+04 5.095863341716316199e+02 1.961364314870924552e+00
6.269531250000000000e-01 9.044327632122375338e-01 4.332098263458732254e+04 5.117550636426512369e+02 1.976228346352498333e+00
6.308593750000000000e-01 9.044327632122375338e-01 4.332098263458732254e+04 5.117550636426512369e+02 1.976228346352498333e+00
6.347656250000000000e-01 8.897614543328170589e-01 4.234028180941109895e+04 5.138745857993502568e+02 1.990916489283309998e+00
6.386718750000000000e-01 8.897614543328170589e-01 4.234028180941109895e+04 5.138745857993502568e+02 1.990916489283309998e+00
6.425781250000000000e-01 8.753740346684557583e-01 4.138481831111483916e+04 5.159693024835938786e+02 2.005562266583053255e+00
6.464843750000000000e-01 8.753740346684557583e-01 4.138481831111483916e+04 5.159693024835938786e+02 2.005562266583053255e+00
6.503906250000000000e-01 8.610801384125602587e-01 4.044176524173605867e+04 5.180857502228892599e+02 2.020432582482491135e+00
6.542968750000000000e-01 8.610801384125602587e-01 4.044176524173605867e+04 5.180857502228892599e+02 2.020432582482491135e+00
6.582031250000000000e-01 8.466378404161748472e-01 3.949526691288719303e+04 5.202831232187237447e+02 2.035879324341932861e+00
6.621093750000000000e-01 8.466378404161748472e-01 3.949526691288719303e+04 5.202831232187237447e+02 2.035879324341932861e+00
6.660156250000000000e-01 8.318476366443215975e-01 3.853265873639888014e+04 5.226085172821670994e+02 2.052200887238344595e+00
6.699218750000000000e-01 8.318476366443215975e-01 3.853265873639888014e+04 5.226085172821670994e+02 2.052200887238344595e+00
6.738281250000000000e-01 8.166624222570811886e-01 3.755146760198260017e+04 5.250674950609405869e+02 2.069469092178933156e+00
6.777343750000000000e-01 8.166624222570811886e-01 3.755146760198260017e+04 5.250674950609405869e+02 2.069469092178933156e+00
6.816406250000000000e-01 8.012498867633102151e-01 3.656305183957860572e+04 5.276065387747930799e+02 2.087415590835485890e+00
6.855468750000000000e-01 8.012498867633102151e-01 3.656305183957860572e+04 5.276065387747930799e+02 2.087415590835485890e+00
6.894531250000000000e-01 7.859649263836091526e-01 3.559031304793534218e+04 5.301198360025754255e+02 2.105453800107813134e+00
6.933593750000000000e-01 7.859649263836091526e-01 3.559031304793534218e+04 5.301198360025754255e+02 2.105453800107813134e+00
6.972656250000000000e-01 7.712326369439279627e-01 3.465987842637633730e+04 5.324824548281681018e+02 2.122855664375449258e+00
7.011718750000000000e-01 7.712326369439279627e-01 3.465987842637633730e+04 5.324824548281681018e+02 2.122855664375449258e+00
7.050781250000000000e-01 7.573874961568191067e-01 3.379191850728030113e+04 5.345991769894939125e+02 2.139030163952065688e+00
7.089843750000000000e-01 7.573874961568191067e-01 3.379191850728030113e+04 5.345991769894939125e+02 2.139030163952065688e+00
7.128906250000000000e-01 7.445451550323145540e-01 3.299245374287818413e+04 5.364463296280880513e+02 2.153775701711351243e+00
7.167968750000000000e-01 7.445451550323145540e-01 3.299245374287818413e+04 5.364463296280880513e+02 2.153775701711351243e+00
7.207031250000000000e-01 7.325791955523854870e-01 3.225246211100734581e+04 5.380813313709160184e+02 2.167353544407520261e+00
7.246093750000000000e-01 7.325791955523854870e-01 3.225246211100734581e+04 5.380813313709160184e+02 2.167353544407520261e+00
7.285156250000000000e-01 7.212261282695451303e-01 3.155480984225495195e+04 5.396095389902732222e+02 2.180311486174459024e+00
7.324218750000000000e-01 7.212261282695451303e-01 3.155480984225495195e+04 5.396095389902732222e+02 2.180311486174459024e+00
7.363281250000000000e-01 7.102598866438415426e-01 3.088508812698827023e+04 5.411261215257349022e+02 2.193151849978082879e+00
7.402343750000000000e-01 7.102598866438415426e-01 3.088508812698827023e+04 5.411261215257349022e+02 2.193151849978082879e+00
7.441406250000000000e-01 6.996293204186494474e-01 3.023981829283308252e+04 5.426680291610311997e+02 2.206046338709313659e+00
7.480468750000000000e-01 6.996293204186494474e-01 3.023981829283308252e+04 5.426680291610311997e+02 2.206046338709313659e+00
7.519531250000000000e-01 6.894809037061933044e-01 2.962748128146773161e+04 5.442026403663288647e+02 2.218760275027921391e+00
7.558593750000000000e-01 6.894809037061933044e-01 2.962748128146773161e+04 5.442026403663288647e+02 2.218760275027921391e+00
7.597656250000000000e-01 6.800634130180186476e-01 2.906248104116713512e+04 5.456551810150768915e+02 2.230810229230297370e+00
7.636718750000000000e-01 6.800634130180186476e-01 2.906248104116713512e+04 5.456551810150768915e+02 2.230810229230297370e+00
7.675781250000000000e-01 6.715729664193740289e-01 2.855579194203313091e+04 5.469565487410405922e+02 2.241755825576668748e+00
7.714843750000000000e-01 6.715729664193740289e-01 2.855579194203313091e+04 5.469565487410405922e+02 2.241755825576668748e+00
7.753906250000000000e-01 6.640172883346293631e-01 2.810704375745358993e+04 5.480865508847216461e+02 2.251475554835909776e+00
7.792968750000000000e-01 6.640172883346293631e-01 2.810704375745358993e+04 5.480865508847216461e+02 2.251475554835909776e+00
7.832031250000000000e-01 6.571618869622090076e-01 2.770165630391519517e+04 5.490913820423585321e+02 2.260288759921391666e+00
7.871093750000000000e-01 6.571618869622090076e-01 2.770165630391519517e+04 5.490913820423585321e+02 2.260288759921391666e+00
7.910156250000000000e-01 6.505862523060831348e-01 2.731442313186848696e+04 5.500697158267539635e+02 2.268872765760829857e+00
7.949218750000000000e-01 6.505862523060831348e-01 2.731442313186848696e+04 5.500697158267539635e+02 2.268872765760829857e+00
7.988281250000000000e-01 6.438167112830248673e-01 2.691742732830341629e+04 5.511337377031852611e+02 2.278018923370970228e+00
8.027343750000000000e-01 6.438167112830248673e-01 2.691742732830341629e+04 5.511337377031852611e+02 2.278018923370970228e+00
8.066406250000000000e-01 6.364834379441095535e-01 2.648925830603186114e+04 5.523682299610237578e+02 2.288354628502738741e+00
8.105468750000000000e-01 6.364834379441095535e-01 2.648925830603186114e+04 5.523682299610237578e+02 2.288354628502738741e+00
8.144531250000000000e-01 6.284145965154320779e-01 2.602039536389518253e+04 5.538025580338984355e+02 2.300155123788780287e+00
8.183593750000000000e-01 6.284145965154320779e-01 2.602039536389518253e+04 5.538025580338984355e+02 2.300155123788780287e+00
8.222656250000000000e-01 6.196539927060807917e-01 2.551401842722659785e+04 5.554163622832596729e+02 2.313342015207255020e+00
8.261718750000000000e-01 6.196539927060807917e-01 2.551401842722659785e+04 5.554163622832596729e+02 2.313342015207255020e+00
8.300781250000000000e-01 6.103784986387459366e-01 2.498097241136176308e+04 5.571495709024543430e+02 2.327569866209778571e+00
8.339843750000000000e-01 6.103784986387459366e-01 2.498097241136176308e+04 5.571495709024543430e+02 2.327569866209778571e+00
8.378906250000000000e-01 6.008484692251099268e-01 2.443667743977240389e+04 5.589470236811656605e+02 2.342437604977265497e+00
8.417968750000000000e-01 6.008484692251099268e-01 2.443667743977240389e+04 5.589470236811656605e+02 2.342437604977265497e+00
8.457031250000000000e-01 5.912984786442810892e-01 2.389472407064418803e+04 5.607346420474510751e+02 2.357467642924121254e+00
8.496093750000000000e-01 5.912984786442810892e-01 2.389472407064418803e+04 5.607346420474510751e+02 2.357467642924121254e+00
8.535156250000000000e-01 5.819924791195260072e-01 2.336997874621694791e+04 5.624967539076976664e+02 2.372386970793395555e+00
8.574218750000000000e-01 5.819924791195260072e-01 2.336997874621694791e+04 5.624967539076976664e+02 2.372386970793395555e+00
8.613281250000000000e-01 5.730228609268915863e-01 2.286730776127514764e+04 5.641629852795582565e+02 2.386816474365927476e+00
8.652343750000000000e-01 5.730228609268915863e-01 2.286730776127514764e+04 5.641629852795582565e+02 2.386816474365927476e+00
8.691406250000000000e-01 5.649008896155695014e-01 2.241496939718428985e+04 5.657360524742659891e+02 2.400307555261242509e+00
8.730468750000000000e-01 5.649008896155695014e-01 2.241496939718428985e+04 5.657360524742659891e+02 2.400307555261242509e+00
8.769531250000000000e-01 5.575170548102750256e-01 2.200557240319997800e+04 5.670169007521251388e+02 2.412096784662015381e+00
8.808593750000000000e-01 5.575170548102750256e-01 2.200557240319997800e+04 5.670169007521251388e+02 2.412096784662015381e+00
8.847656250000000000e-01 5.509527924489827644e-01 2.164423266687155046e+04 5.685496654724004202e+02 2.424323034398389698e+00
8.886718750000000000e-01 5.509527924489827644e-01 2.164423266687155046e+04 5.685496654724004202e+02 2.424323034398389698e+00
8.925781250000000000e-01 5.495211259690492289e-01 2.160045519102313483e+04 5.672130708151473755e+02 2.417925733028248647e+00
8.964843750000000000e-01 5.495211259690492289e-01 2.160045519102313483e+04 5.672130708151473755e+02 2.417925733028248647e+00
9.003906250000000000e-01 5.883774899334377473e-01 2.475668266700403910e+04 5.473814379991767964e+02 2.255318321423794181e+00
9.042968750000000000e-01 5.883774899334377473e-01 2.475668266700403910e+04 5.473814379991767964e+02 2.255318321423794181e+00
9.082031250000000000e-01 1.074779051583736988e+00 6.831651819220856123e+04 3.426379988163024564e+02 1.148598491431215507e+00
9.121093750000000000e-01 1.074779051583736988e+00 6.831651819220856123e+04 3.426379988163024564e+02 1.148598491431215507e+00
9.160156250000000000e-01 1.743876490860194473e+00 1.369122067429559829e+05 1.856573203960347485e+02 5.599958858988253185e-01
9.199218750000000000e-01 1.743876490860194473e+00 1.369122067429559829e+05 1.856573203960347485e+02 5.599958858988253185e-01
9.238281250000000000e-01 1.901739172926061539e+00 1.510366268413099169e+05 1.728544962262763249e+02 5.183832977695149724e-01
9.277343750000000000e-01 1.901739172926061539e+00 1.510366268413099169e+05 1.728544962262763249e+02 5.183832977695149724e-01
9.316406250000000000e-01 1.842057668888730015e+00 1.431810303465577599e+05 2.002891007571387263e+02 6.071586244917369646e-01
9.355468750000000000e-01 1.842057668888730015e+00 1.431810303465577599e+05 2.002891007571387263e+02 6.071586244917369646e-01
9.394531250000000000e-01 1.821819405944790971e+00 1.401269570643481566e+05 2.163994591099104809e+02 6.594531839178480181e-01
9.433593750000000000e-01 1.821819405944790971e+00 1.401269570643481566e+05 2.163994591099104809e+02 6.594531839178480181e-01
9.472656250000000000e-01 1.832817327820079667e+00 1.407273736937824578e+05 2.212944700404617890e+02 6.749581461178872921e-01
9.511718750000000000e-01 1.832817327820079667e+00 1.407273736937824578e+05 2.212944700404617890e+02 6.749581461178872921e-01
9.550781250000000000e-01 1.851646228493212698e+00 1.423691556904174213e+05 2.224043362487947775e+02 6.778760425322410965e-01
9.589843750000000000e-01 1.851646228493212698e+00 1.423691556904174213e+05 2.224043362487947775e+02 6.778760425322410965e-01
9.628906250000000000e-01 1.869487762458666325e+00 1.439839187879531237e+05 2.227455237965004358e+02 6.783429037107112647e-01
9.667968750000000000e-01 1.869487762458666325e+00 1.439839187879531237e+05 2.227455237965004358e+02 6.783429037107112647e-01
9.707031250000000000e-01 1.882152191438317024e+00 1.450183032808231656e+05 2.233514536689805823e+02 6.800498115913624630e-01
9.746093750000000000e-01 1.882152191438317024e+00 1.450183032808231656e+05 2.233514536689805823e+02 6.800498115913624630e-01
9.785156250000000000e-01 1.893445504083639985e+00 1.458311558278175362e+05 2.240798464492572464e+02 6.824015842899467943e-01
9.824218750000000000e-01 1.893445504083639985e+00 1.458311558278175362e+05 2.240798464492572464e+02 6.824015842899467943e-01
9.863281250000000000e-01 1.909636067156349482e+00 1.471275558344374003e+05 2.244355065308358519e+02 6.833698930036679053e-01
9.902343750000000000e-01 1.909636067156349482e+00 1.471275558344374003e+05 2.244355065308358519e+02 6.833698930036679053e-01
9.941406250000000000e-01 1.931800672888097870e+00 1.491203791593355418e+05 2.241409362847629154e+02 6.818201325396200385e-01
9.980468750000000000e-01 1.931800672888097870e+00 1.491203791593355418e+05 2.241409362847629154e+02 6.818201325396200385e-01
1.001953125000000000e+00 1.954657927428153918e+00 1.512784078158116899e+05 2.234375124454587080e+02 6.787955396937708219e-01
1.005859375000000000e+00 1.954657927428153918e+00 1.512784078158116899e+05 2.234375124454587080e+02 6.787955396937708219e-01
1.009765625000000000e+00 1.972371766010408534e+00 1.528673161068000481e+05 2.228581674055133988e+02 6.765526590280879216e-01
1.013671875000000000e+00 1.972371766010408534e+00 1.528673161068000481e+05 2.228581674055133988e+02 6.765526590280879216e-01
1.017578125000000000e+00 1.985605844250460716e+00 1.537947459797917109e+05 2.228777975818256039e+02 6.768283809004279616e-01
1.021484375000000000e+00 1.985605844250460716e+00 1.537947459797917109e+05 2.228777975818256039e+02 6.768283809004279616e-01
1.025390625000000000e+00 2.000047112914717040e+00 1.546047700553170871e+05 2.235414439111007425e+02 6.795207177723500136e-01
1.029296875000000000e+00 2.000047112914717040e+00 1.546047700553170871e+05 2.235414439111007425e+02 6.795207177723500136e-01
1.033203125000000000e+00 2.021298466974971397e+00 1.559784920835861412e+05 2.245122072619906533e+02 6.830599253403737414e-01
1.037109375000000000e+00 2.021298466974971397e+00 1.559784920835861412e+05 2.245122072619906533e+02 6.830599253403737414e-01
1.041015625000000000e+00 2.049335425006452382e+00 1.580551464638061589e+05 2.252628997626209753e+02 6.855321947945324235e-01
1.044921875000000000e+00 2.049335425006452382e+00 1.580551464638061589e+05 2.252628997626209753e+02 6.855321947945324235e-01
1.048828125000000000e+00 2.077806520917190536e+00 1.602515130294786941e+05 2.260048075223516264e+02 6.877888685593434026e-01
1.052734375000000000e+00 2.077806520917190536e+00 1.602515130294786941e+05 2.260048075223516264e+02 6.877888685593434026e-01
1.056640625000000000e+00 2.099434789941766688e+00 1.617776516259728232e+05 2.275220717376106450e+02 6.927099840082414639e-01
1.060546875000000000e+00 2.099434789941766688e+00 1.617776516259728232e+05 2.275220717376106450e+02 6.927099840082414639e-01
1.064453125000000000e+00 2.112370599757287692e+00 1.623467283410474192e+05 2.304723148705098765e+02 7.026159957361006736e-01
1.068359375000000000e+00 2.112370599757287692e+00 1.623467283410474192e+05 2.304723148705098765e+02 7.026159957361006736e-01
1.072265625000000000e+00 2.120136889261293511e+00 1.622715529317094770e+05 2.347717532564944634e+02 7.172037976557374961e-01
1.076171875000000000e+00 2.120136889261293511e+00 1.622715529317094770e+05 2.347717532564944634e+02 7.172037976557374961e-01
1.080078125000000000e+00 2.127800803637989624e+00 1.620982060970484454e+05 2.397178182962199458e+02 7.340280877361667899e-01
1.083984375000000000e+00 2.127800803637989624e+00 1.620982060970484454e+05 2.397178182962199458e+02 7.340280877361667899e-01
1.087890625000000000e+00 2.138027845989771247e+00 1.621678962135343754e+05 2.444898792711705369e+02 7.502760883713597284e-01
1.091796875000000000e+00 2.138027845989771247e+00 1.621678962135343754e+05 2.444898792711705369e+02 7.502760883713597284e-01
1.095703125000000000e+00 2.151508112681749019e+00 1.625976158419323619e+05 2.486103724478552692e+02 7.643101617695288175e-01
1.099609375000000000e+00 2.151508112681749019e+00 1.625976158419323619e+05 2.486103724478552692e+02 7.643101617695288175e-01
1.103515625000000000e+00 2.167400948649803372e+00 1.632718666340810887e+05 2.522910215186168159e+02 7.768760410593290588e-01
1.107421875000000000e+00 2.167400948649803372e+00 1.632718666340810887e+05 2.522910215186168159e+02 7.768760410593290588e-01
1.111328125000000000e+00 2.184037739315260573e+00 1.639404400147728738e+05 2.561899661974471201e+02 7.902875125135007117e-01
1.115234375000000000e+00 2.184037739315260573e+00 1.639404400147728738e+05 2.561899661974471201e+02 7.902875125135007117e-01
1.119140625000000000e+00 2.198918354987899448e+00 1.642953671109642601e+05 2.608752144496577330e+02 8.066046008960083835e-01
1.123046875000000000e+00 2.198918354987899448e+00 1.642953671109642601e+05 2.608752144496577330e+02 8.066046008960083835e-01
1.126953125000000000e+00 2.207203579701943141e+00 1.638638958240252396e+05 2.661685265282244472e+02 8.256048594934289886e-01
1.130859375000000000e+00 2.207203579701943141e+00 1.638638958240252396e+05 2.661685265282244472e+02 8.256048594934289886e-01
1.134765625000000000e+00 2.206471802207220723e+00 1.624675511174631538e+05 2.713423483094175026e+02 8.451220540620943966e-01
1.138671875000000000e+00 2.206471802207220723e+00 1.624675511174631538e+05 2.713423483094175026e+02 8.451220540620943966e-01
1.142578125000000000e+00 2.201587010833792490e+00 1.605983754311721132e+05 2.761175153486309455e+02 8.640269565599820734e-01
1.146484375000000000e+00 2.201587010833792490e+00 1.605983754311721132e+05 2.761175153486309455e+02 8.640269565599820734e-01
1.150390625000000000e+00 2.200607329487864749e+00 1.589276611207239621e+05 2.806381504656488346e+02 8.825802874013859434e-01
1.154296875000000000e+00 2.200607329487864749e+00 1.589276611207239621e+05 2.806381504656488346e+02 8.825802874013859434e-01
1.158203125000000000e+00 2.210747488368825842e+00 1.580018528202759917e+05 2.851502817045056872e+02 9.014637499792007569e-01
1.162109375000000000e+00 2.210747488368825842e+00 1.580018528202759917e+05 2.851502817045056872e+02 9.014637499792007569e-01
1.166015625000000000e+00 2.234177666938085949e+00 1.580267018978685373e+05 2.897428772279662894e+02 9.207513528590175467e-01
1.169921875000000000e+00 2.234177666938085949e+00 1.580267018978685373e+05 2.897428772279662894e+02 9.207513528590175467e-01
1.173828125000000000e+00 2.264514255970820233e+00 1.586645957398061291e+05 2.942603915328620019e+02 9.395400669216575906e-01
1.177734375000000000e+00 2.264514255970820233e+00 1.586645957398061291e+05 2.942603915328620019e+02 9.395400669216575906e-01
1.181640625000000000e+00 2.289753468807093295e+00 1.592971856178182934e+05 2.984476016526231206e+02 9.563005084859432792e-01
1.185546875000000000e+00 2.289753468807093295e+00 1.592971856178182934e+05 2.984476016526231206e+02 9.563005084859432792e-01
1.189453125000000000e+00 2.296884541641837529e+00 1.594604837754955515e+05 3.020464637995452790e+02 9.688416074311468895e-01
1.193359375000000000e+00 2.296884541641837529e+00 1.594604837754955515e+05 3.020464637995452790e+02 9.688416074311468895e-01
1.197265625000000000e+00 2.278546473784919257e+00 1.590909552053743682e+05 3.048435431687631763e+02 9.750327059993948442e-01
1.201171875000000000e+00 2.278546473784919257e+00 1.590909552053743682e+05 3.048435431687631763e+02 9.750327059993948442e-01
1.205078125000000000e+00 2.240079849069776419e+00 1.583769265586622059e+05 3.069182727892202251e+02 9.755387431099264983e-01
1.208984375000000000e+00 2.240079849069776419e+00 1.583769265586622059e+05 3.069182727892202251e+02 9.755387431099264983e-01
1.212890625000000000e+00 2.195942142410926667e+00 1.573737334668808908e+05 3.084759546439501037e+02 9.738714220325577209e-01
1.216796875000000000e+00 2.195942142410926667e+00 1.573737334668808908e+05 3.084759546439501037e+02 9.738714220325577209e-01
1.220703125000000000e+00 2.162588964380847578e+00 1.562044923925210023e+05 3.095918133353903272e+02 9.735666340263633423e-01
1.224609375000000000e+00 2.162588964380847578e+00 1.562044923925210023e+05 3.095918133353903272e+02 9.735666340263633423e-01
1.228515625000000000e+00 2.145189180748454660e+00 1.549294020555392490e+05 3.103659885524550646e+02 9.760588010441257900e-01
1.232421875000000000e+00 2.145189180748454660e+00 1.549294020555392490e+05 3.103659885524550646e+02 9.760588010441257900e-01
1.236328125000000000e+00 2.136587827044039489e+00 1.536053256873534992e+05 3.110609588055182257e+02 9.804799713752468948e-01
1.240234375000000000e+00 2.136587827044039489e+00 1.536053256873534992e+05 3.110609588055182257e+02 9.804799713752468948e-01
1.244140625000000000e+00 2.132468238680758965e+00 1.523930939422015217e+05 3.120191405084088956e+02 9.864517802241540290e-01
1.248046875000000000e+00 2.132468238680758965e+00 1.523930939422015217e+05 3.120191405084088956e+02 9.864517802241540290e-01
1.251953125000000000e+00 2.132361360436520581e+00 1.515190028813089011e+05 3.133540787298400687e+02 9.935007160883085886e-01
1.255859375000000000e+00 2.132361360436520581e+00 1.515190028813089011e+05 3.133540787298400687e+02 9.935007160883085886e-01
1.259765625000000000e+00 2.135614050929966368e+00 1.510716273347895185e+05 3.148070464170210698e+02 1.000346271943900467e+00
1.263671875000000000e+00 2.135614050929966368e+00 1.510716273347895185e+05 3.148070464170210698e+02 1.000346271943900467e+00
1.267578125000000000e+00 2.140595671013170609e+00 1.509449286314589554e+05 3.160529127147182180e+02 1.005897751725064682e+00
1.271484375000000000e+00 2.140595671013170609e+00 1.509449286314589554e+05 3.160529127147182180e+02 1.005897751725064682e+00
1.275390625000000000e+00 2.145064654829620387e+00 1.509259167019916058e+05 3.168541132802649827e+02 1.009563437604643843e+00
1.279296875000000000e+00 2.145064654829620387e+00 1.509259167019916058e+05 3.168541132802649827e+02 1.009563437604643843e+00
1.283203125000000000e+00 2.147119892745586789e+00 1.508276295028593740e+05 3.171335385654123229e+02 1.011267035452962482e+00
1.287109375000000000e+00 2.147119892745586789e+00 1.508276295028593740e+05 3.171335385654123229e+02 1.011267035452962482e+00
1.291015625000000000e+00 2.146182497566383240e+00 1.505866232631208259e+05 3.171565862969208069e+02 1.011928537914553283e+00
1.294921875000000000e+00 2.146182497566383240e+00 1.505866232631208259e+05 3.171565862969208069e+02 1.011928537914553283e+00
1.298828125000000000e+00 2.142966988823969743e+00 1.502392427837153664e+05 3.172111780369484109e+02 1.012512777266920683e+00
1.302734375000000000e+00 2.142966988823969743e+00 1.502392427837153664e+05 3.172111780369484109e+02 1.012512777266920683e+00
1.306640625000000000e+00 2.138120221085076711e+00 1.497966524845375679e+05 3.174326492942750519e+02 1.013567279987889869e+00
1.310546875000000000e+00 2.138120221085076711e+00 1.497966524845375679e+05 3.174326492942750519e+02 1.013567279987889869e+00
1.314453125000000000e+00 2.132173177217223436e+00 1.492792739035507839e+05 3.178353410553684171e+02 1.015195418191968901e+00
1.318359375000000000e+00 2.132173177217223436e+00 1.492792739035507839e+05 3.178353410553684171e+02 1.015195418191968901e+00
1.322265625000000000e+00 2.125545203208463629e+00 1.487107855070425430e+05 3.183686451263532149e+02 1.017255883268970651e+00
1.326171875000000000e+00 2.125545203208463629e+00 1.487107855070425430e+05 3.183686451263532149e+02 1.017255883268970651e+00
1.330078125000000000e+00 2.119056056390765441e+00 1.481618512350388337e+05 3.189944322867591495e+02 1.019581883286543311e+00
1.333984375000000000e+00 2.119056056390765441e+00 1.481618512350388337e+05 3.189944322867591495e+02 1.019581883286543311e+00
1.337890625000000000e+00 2.113547995957099079e+00 1.477124552001592529e+05 3.196534860166174212e+02 1.021910651939303305e+00
1.341796875000000000e+00 2.113547995957099079e+00 1.477124552001592529e+05 3.196534860166174212e+02 1.021910651939303305e+00
1.345703125000000000e+00 2.108734900991195982e+00 1.473353666012824106e+05 3.202378130490872650e+02 1.023920132748675327e+00
1.349609375000000000e+00 2.108734900991195982e+00 1.473353666012824106e+05 3.202378130490872650e+02 1.023920132748675327e+00
1.353515625000000000e+00 2.104339241409542538e+00 1.470014787466847629e+05 3.207416130113972486e+02 1.025624333821120837e+00
1.357421875000000000e+00 2.104339241409542538e+00 1.470014787466847629e+05 3.207416130113972486e+02 1.025624333821120837e+00
1.361328125000000000e+00 2.100135335724852670e+00 1.466803017144876067e+05 3.212246747693282600e+02 1.027265313489031939e+00
1.365234375000000000e+00 2.100135335724852670e+00 1.466803017144876067e+05 3.212246747693282600e+02 1.027265313489031939e+00
1.369140625000000000e+00 2.095985495396581300e+00 1.463449774936485919e+05 3.217675036363943946e+02 1.029161162049251343e+00
1.373046875000000000e+00 2.095985495396581300e+00 1.463449774936485919e+05 3.217675036363943946e+02 1.029161162049251343e+00
1.376953125000000000e+00 2.092098438328326093e+00 1.460029440328687197e+05 3.224829121564651473e+02 1.031698835377369061e+00
1.380859375000000000e+00 2.092098438328326093e+00 1.460029440328687197e+05 3.224829121564651473e+02 1.031698835377369061e+00
1.384765625000000000e+00 2.088760092636841481e+00 1.456748201530948281e+05 3.234696565545257272e+02 1.035193568115622353e+00
1.388671875000000000e+00 2.088760092636841481e+00 1.456748201530948281e+05 3.234696565545257272e+02 1.035193568115622353e+00
1.392578125000000000e+00 2.085374360834363561e+00 1.453025705098368344e+05 3.246507748859324920e+02 1.039460025008565713e+00
1.396484375000000000e+00 2.085374360834363561e+00 1.453025705098368344e+05 3.246507748859324920e+02 1.039460025008565713e+00
1.400390625000000000e+00 2.081318668937325977e+00 1.448308785936230270e+05 3.259184283372559889e+02 1.044199802638690500e+00
1.404296875000000000e+00 2.081318668937325977e+00 1.448308785936230270e+05 3.259184283372559889e+02 1.044199802638690500e+00
1.408203125000000000e+00 2.076454763322057584e+00 1.442533864021740155e+05 3.272474776455804317e+02 1.049326204416627606e+00
1.412109375000000000e+00 2.076454763322057584e+00 1.442533864021740155e+05 3.272474776455804317e+02 1.049326204416627606e+00
1.416015625000000000e+00 2.070751984392517731e+00 1.435745674473683175e+05 3.286552235626988931e+02 1.054876958559066935e+00
1.419921875000000000e+00 2.070751984392517731e+00 1.435745674473683175e+05 3.286552235626988931e+02 1.054876958559066935e+00
1.423828125000000000e+00 2.064033195827113421e+00 1.427857917928363895e+05 3.301414780793675732e+02 1.060844954796482442e+00
1.427734375000000000e+00 2.064033195827113421e+00 1.427857917928363895e+05 3.301414780793675732e+02 1.060844954796482442e+00
1.431640625000000000e+00 2.056080643164415189e+00 1.418761151661623153e+05 3.317136558497778651e+02 1.067246553641560292e+00
1.435546875000000000e+00 2.056080643164415189e+00 1.418761151661623153e+05 3.317136558497778651e+02 1.067246553641560292e+00
1.439453125000000000e+00 2.046545007507534208e+00 1.408219146015604201e+05 3.333860926845813424e+02 1.074135299205055460e+00
1.443359375000000000e+00 2.046545007507534208e+00 1.408219146015604201e+05 3.333860926845813424e+02 1.074135299205055460e+00
1.447265625000000000e+00 2.035383078222964048e+00 1.396263434364543355e+05 3.352367798339080309e+02 1.081750338764408292e+00
1.451171875000000000e+00 2.035383078222964048e+00 1.396263434364543355e+05 3.352367798339080309e+02 1.081750338764408292e+00
1.455078125000000000e+00 2.022621063957080079e+00 1.382951159710657084e+05 3.373385244344223111e+02 1.090324483921751852e+00
1.458984375000000000e+00 2.022621063957080079e+00 1.382951159710657084e+05 3.373385244344223111e+02 1.090324483921751852e+00
1.462890625000000000e+00 2.008595208801982945e+00 1.368612486106698634e+05 3.397572728789036773e+02 1.100045646213235750e+00
1.466796875000000000e+00 2.008595208801982945e+00 1.368612486106698634e+05 3.397572728789036773e+02 1.100045646213235750e+00
1.470703125000000000e+00 1.993359424394089752e+00 1.353316127817352244e+05 3.424833708499712088e+02 1.110883841332353850e+00
1.474609375000000000e+00 1.993359424394089752e+00 1.353316127817352244e+05 3.424833708499712088e+02 1.110883841332353850e+00
1.478515625000000000e+00 1.976520774930302204e+00 1.336734148822553398e+05 3.453716265258346425e+02 1.122408141884857713e+00
1.482421875000000000e+00 1.976520774930302204e+00 1.336734148822553398e+05 3.453716265258346425e+02 1.122408141884857713e+00
1.486328125000000000e+00 1.958008031290939366e+00 1.318858114135780488e+05 3.482677790273901337e+02 1.134115993831048996e+00
1.490234375000000000e+00 1.958008031290939366e+00 1.318858114135780488e+05 3.482677790273901337e+02 1.134115993831048996e+00
1.494140625000000000e+00 1.938259254119069075e+00 1.300134719788353104e+05 3.510915901635482896e+02 1.145692747497488062e+00
1.498046875000000000e+00 1.938259254119069075e+00 1.300134719788353104e+05 3.510915901635482896e+02 1.145692747497488062e+00
1.501953125000000000e+00 1.918017075456368570e+00 1.281241058940872317e+05 3.538606050682222417e+02 1.157121621461105754e+00
1.505859375000000000e+00 1.918017075456368570e+00 1.281241058940872317e+05 3.538606050682222417e+02 1.157121621461105754e+00
1.509765625000000000e+00 1.897824726097186554e+00 1.262614595224874938e+05 3.566325455167964833e+02 1.168556198044172101e+00
1.513671875000000000e+00 1.897824726097186554e+00 1.262614595224874938e+05 3.566325455167964833e+02 1.168556198044172101e+00
1.517578125000000000e+00 1.877936945787124667e+00 1.244416121465469187e+05 3.594763038857238371e+02 1.180222632198427490e+00
1.521484375000000000e+00 1.877936945787124667e+00 1.244416121465469187e+05 3.594763038857238371e+02 1.180222632198427490e+00
1.525390625000000000e+00 1.858248123382709061e+00 1.226487832425603410e+05 3.624310849545798305e+02 1.192289311608284219e+00
1.529296875000000000e+00 1.858248123382709061e+00 1.226487832425603410e+05 3.624310849545798305e+02 1.192289311608284219e+00
1.533203125000000000e+00 1.838436181887953325e+00 1.208495341840694891e+05 3.654694397655920284e+02 1.204727540597484658e+00
1.537109375000000000e+00 1.838436181887953325e+00 1.208495341840694891e+05 3.654694397655920284e+02 1.204727540597484658e+00
1.541015625000000000e+00 1.818497477251919570e+00 1.190420210585254681e+05 3.685510939166030084e+02 1.217418487020521356e+00
1.544921875000000000e+00 1.818497477251919570e+00 1.190420210585254681e+05 3.685510939166030084e+02 1.217418487020521356e+00
1.548828125000000000e+00 1.798760552492026488e+00 1.172560138173251617e+05 3.716718697542559653e+02 1.230310665744773102e+00
1.552734375000000000e+00 1.798760552492026488e+00 1.172560138173251617e+05 3.716718697542559653e+02 1.230310665744773102e+00
1.556640625000000000e+00 1.779560336085621142e+00 1.155220114498260373e+05 3.748509088548535146e+02 1.243421973692784288e+00
1.560546875000000000e+00 1.779560336085621142e+00 1.155220114498260373e+05 3.748509088548535146e+02 1.243421973692784288e+00
1.564453125000000000e+00 1.760761313845246478e+00 1.138275703894185863e+05 3.780666554116735369e+02 1.256697838918721999e+00
1.568359375000000000e+00 1.760761313845246478e+00 1.138275703894185863e+05 3.780666554116735369e+02 1.256697838918721999e+00
1.572265625000000000e+00 1.741979520537196624e+00 1.121376394584171212e+05 3.812862049409260976e+02 1.270085308375145550e+00
1.576171875000000000e+00 1.741979520537196624e+00 1.121376394584171212e+05 3.812862049409260976e+02 1.270085308375145550e+00
1.580078125000000000e+00 1.722649192276186625e+00 1.104002952940937539e+05 3.844516668593554982e+02 1.283485702805359008e+00
1.583984375000000000e+00 1.722649192276186625e+00 1.104002952940937539e+05 3.844516668593554982e+02 1.283485702805359008e+00
1.587890625000000000e+00 1.701953694405868633e+00 1.085410436751041270e+05 3.874510807409661766e+02 1.296670803465600263e+00
1.591796875000000000e+00 1.701953694405868633e+00 1.085410436751041270e+05 3.874510807409661766e+02 1.296670803465600263e+00
1.595703125000000000e+00 1.679920879048230287e+00 1.065621271159347380e+05 3.902949620362691121e+02 1.309700221521846064e+00
1.599609375000000000e+00 1.679920879048230287e+00 1.065621271159347380e+05 3.902949620362691121e+02 1.309700221521846064e+00
1.603515625000000000e+00 1.656878650374176365e+00 1.044933015521085326e+05 3.930259215297808737e+02 1.322690706559617624e+00
1.607421875000000000e+00 1.656878650374176365e+00 1.044933015521085326e+05 3.930259215297808737e+02 1.322690706559617624e+00
1.611328125000000000e+00 1.633174535117910109e+00 1.023669180772694526e+05 3.956845507942507538e+02 1.335738862605823751e+00
1.615234375000000000e+00 1.633174535117910109e+00 1.023669180772694526e+05 3.956845507942507538e+02 1.335738862605823751e+00
1.619140625000000000e+00 1.609141026422277410e+00 1.002147733479224407e+05 3.983066711109452172e+02 1.348915490654843730e+00
1.623046875000000000e+00 1.609141026422277410e+00 1.002147733479224407e+05 3.983066711109452172e+02 1.348915490654843730e+00
1.626953125000000000e+00 1.585167640337481254e+00 9.807389461590499559e+04 4.009286494172174002e+02 1.362272410839067138e+00
1.630859375000000000e+00 1.585167640337481254e+00 9.807389461590499559e+04 4.009286494172174002e+02 1.362272410839067138e+00
1.634765625000000000e+00 1.561770101415296708e+00 9.599161465759265411e+04 4.036038845520832865e+02 1.375888445192826381e+00
1.638671875000000000e+00 1.561770101415296708e+00 9.599161465759265411e+04 4.036038845520832865e+02 1.375888445192826381e+00
1.642578125000000000e+00 1.539603317493025703e+00 9.402591761486329779e+04 4.064091101778831217e+02 1.389888769226467424e+00
1.646484375000000000e+00 1.539603317493025703e+00 9.402591761486329779e+04 4.064091101778831217e+02 1.389888769226467424e+00
1.650390625000000000e+00 1.519150490651840046e+00 9.221872267719217052e+04 4.094031134295983634e+02 1.404358447874286098e+00
1.654296875000000000e+00 1.519150490651840046e+00 9.221872267719217052e+04 4.094031134295983634e+02 1.404358447874286098e+00
1.658203125000000000e+00 1.500326919382061419e+00 9.056291372704145033e+04 4.125772187568989011e+02 1.419250263181673466e+00
1.662109375000000000e+00 1.500326919382061419e+00 9.056291372704145033e+04 4.125772187568989011e+02 1.419250263181673466e+00
1.666015625000000000e+00 1.482587800277814560e+00 8.901258564334711991e+04 4.158663813536383600e+02 1.434413283266722905e+00
1.669921875000000000e+00 1.482587800277814560e+00 8.901258564334711991e+04 4.158663813536383600e+02 1.434413283266722905e+00
1.673828125000000000e+00 1.465338285193206191e+00 8.751806151161566959e+04 4.191938617644236160e+02 1.449676171216799148e+00
1.677734375000000000e+00 1.465338285193206191e+00 8.751806151161566959e+04 4.191938617644236160e+02 1.449676171216799148e+00
1.681640625000000000e+00 1.448030377639525357e+00 8.603382810074691952e+04 4.224833900236255886e+02 1.464872527293881621e+00
1.685546875000000000e+00 1.448030377639525357e+00 8.603382810074691952e+04 4.224833900236255886e+02 1.464872527293881621e+00
1.689453125000000000e+00 1.429924573905853702e+00 8.449877318405003462e+04 4.256214826979377790e+02 1.479758643902611359e+00
1.693359375000000000e+00 1.429924573905853702e+00 8.449877318405003462e+04 4.256214826979377790e+02 1.479758643902611359e+00
1.697265625000000000e+00 1.410732662873082965e+00 8.288981011897428834e+04 4.285631086418072186e+02 1.494247556215188899e+00
1.701171875000000000e+00 1.410732662873082965e+00 8.288981011897428834e+04 4.285631086418072186e+02 1.494247556215188899e+00
1.705078125000000000e+00 1.390813124159452352e+00 8.123715040151415451e+04 4.313598234840886221e+02 1.508456269998256216e+00
1.708984375000000000e+00 1.390813124159452352e+00 8.123715040151415451e+04 4.313598234840886221e+02 1.508456269998256216e+00
1.712890625000000000e+00 1.370664468342516207e+00 7.958160894839902176e+04 4.340778793027868687e+02 1.522519475066798744e+00
1.716796875000000000e+00 1.370664468342516207e+00 7.958160894839902176e+04 4.340778793027868687e+02 1.522519475066798744e+00
1.720703125000000000e+00 1.350687859884621478e+00 7.795498501730467251e+04 4.367638083415516803e+02 1.536519860995471554e+00
1.724609375000000000e+00 1.350687859884621478e+00 7.795498501730467251e+04 4.367638083415516803e+02 1.536519860995471554e+00
1.728515625000000000e+00 1.331108537541856540e+00 7.637397727915411815e+04 4.394394207333697864e+02 1.550490202645903093e+00
1.732421875000000000e+00 1.331108537541856540e+00 7.637397727915411815e+04 4.394394207333697864e+02 1.550490202645903093e+00
1.736328125000000000e+00 1.311989338767164393e+00 7.484178050229696964e+04 4.421067820443790879e+02 1.564430437036826493e+00
1.740234375000000000e+00 1.311989338767164393e+00 7.484178050229696964e+04 4.421067820443790879e+02 1.564430437036826493e+00
1.744140625000000000e+00 1.293300560415497902e+00 7.335427297053582151e+04 4.447612274212843317e+02 1.578337687112397525e+00
1.748046875000000000e+00 1.293300560415497902e+00 7.335427297053582151e+04 4.447612274212843317e+02 1.578337687112397525e+00
1.751953125000000000e+00 1.274986926263709242e+00 7.190580634723587718e+04 4.474021357127139709e+02 1.592226766434469809e+00
1.755859375000000000e+00 1.274986926263709242e+00 7.190580634723587718e+04 4.474021357127139709e+02 1.592226766434469809e+00
1.759765625000000000e+00 1.256999394823187677e+00 7.049184224171163805e+04 4.500336774720339577e+02 1.606124107523540401e+00
1.763671875000000000e+00 1.256999394823187677e+00 7.049184224171163805e+04 4.500336774720339577e+02 1.606124107523540401e+00
1.767578125000000000e+00 1.239287369781740811e+00 6.910816750383119506e+04 4.526567188752807169e+02 1.620042009487273837e+00
1.771484375000000000e+00 1.239287369781740811e+00 6.910816750383119506e+04 4.526567188752807169e+02 1.620042009487273837e+00
1.775390625000000000e+00 1.221783225146582552e+00 6.774939410038315691e+04 4.552595181875962567e+02 1.633952352009123032e+00
1.779296875000000000e+00 1.221783225146582552e+00 6.774939410038315691e+04 4.552595181875962567e+02 1.633952352009123032e+00
1.783203125000000000e+00 1.204408856683580664e+00 6.640923210751051374e+04 4.578186336921941688e+02 1.647791233714885006e+00
1.787109375000000000e+00 1.204408856683580664e+00 6.640923210751051374e+04 4.578186336921941688e+02 1.647791233714885006e+00
1.791015625000000000e+00 1.187108423996486195e+00 6.508292389477318648e+04 4.603120090281397552e+02 1.661498498141834146e+00
1.794921875000000000e+00 1.187108423996486195e+00 6.508292389477318648e+04 4.603120090281397552e+02 1.661498498141834146e+00
1.798828125000000000e+00 1.169887417916775751e+00 6.377025486686875229e+04 4.627342656793057927e+02 1.675060900126198682e+00
1.802734375000000000e+00 1.169887417916775751e+00 6.377025486686875229e+04 4.627342656793057927e+02 1.675060900126198682e+00
1.806640625000000000e+00 1.152825087544781413e+00 6.247652461635091458e+04 4.651037629332444112e+02 1.688531291549672186e+00
1.810546875000000000e+00 1.152825087544781413e+00 6.247652461635091458e+04 4.651037629332444112e+02 1.688531291549672186e+00
1.814453125000000000e+00 1.136043416238952330e+00 6.121019018580528063e+04 4.674560811511460088e+02 1.702011131737201088e+00
1.818359375000000000e+00 1.136043416238952330e+00 6.121019018580528063e+04 4.674560811511460088e+02 1.702011131737201088e+00
1.822265625000000000e+00 1.119644659368173478e+00 5.997817627719041047e+04 4.698260855455042133e+02 1.715602167851393745e+00
1.826171875000000000e+00 1.119644659368173478e+00 5.997817627719041047e+04 4.698260855455042133e+02 1.715602167851393745e+00
1.830078125000000000e+00 1.103663026423409521e+00 5.878234575944211974e+04 4.722311173104579893e+02 1.729359857088521357e+00
1.833984375000000000e+00 1.103663026423409521e+00 5.878234575944211974e+04 4.722311173104579893e+02 1.729359857088521357e+00
1.837890625000000000e+00 1.088059699242180267e+00 5.761927387876358989e+04 4.746650032131631747e+02 1.743274055006843737e+00
1.841796875000000000e+00 1.088059699242180267e+00 5.761927387876358989e+04 4.746650032131631747e+02 1.743274055006843737e+00
1.845703125000000000e+00 1.072750457016601766e+00 5.648243686953645374e+04 4.771002027096320717e+02 1.757268906355979432e+00
1.849609375000000000e+00 1.072750457016601766e+00 5.648243686953645374e+04 4.771002027096320717e+02 1.757268906355979432e+00
1.853515625000000000e+00 1.057664670599062884e+00 5.536663425975042628e+04 4.795001631265139963e+02 1.771228854464063085e+00
1.857421875000000000e+00 1.057664670599062884e+00 5.536663425975042628e+04 4.795001631265139963e+02 1.771228854464063085e+00
1.861328125000000000e+00 1.042772311026177512e+00 5.426988685613412235e+04 4.818340157166426252e+02 1.785043178701083866e+00
1.865234375000000000e+00 1.042772311026177512e+00 5.426988685613412235e+04 4.818340157166426252e+02 1.785043178701083866e+00
1.869140625000000000e+00 1.028076066421646173e+00 5.319262972502489720e+04 4.840842562881658750e+02 1.798638289124969258e+00
1.873046875000000000e+00 1.028076066421646173e+00 5.319262972502489720e+04 4.840842562881658750e+02 1.798638289124969258e+00
1.876953125000000000e+00 1.013593655753967093e+00 5.213618043610795576e+04 4.862561081900850581e+02 1.812021674828886875e+00
1.880859375000000000e+00 1.013593655753967093e+00 5.213618043610795576e+04 4.862561081900850581e+02 1.812021674828886875e+00
1.884765625000000000e+00 9.992990885099187759e-01 5.109840598979729111e+04 4.883812073304283672e+02 1.825319929763698612e+00
1.888671875000000000e+00 9.992990885099187759e-01 5.109840598979729111e+04 4.883812073304283672e+02 1.825319929763698612e+00
1.892578125000000000e+00 9.851095161009226775e-01 5.007300247527954343e+04 4.905068270978167106e+02 1.838744891423772954e+00
1.896484375000000000e+00 9.851095161009226775e-01 5.007300247527954343e+04 4.905068270978167106e+02 1.838744891423772954e+00
1.900390625000000000e+00 9.709276106614751489e-01 4.905289138891558832e+04 4.926782033216146033e+02 1.852509530957595407e+00
1.904296875000000000e+00 9.709276106614751489e-01 4.905289138891558832e+04 4.926782033216146033e+02 1.852509530957595407e+00
1.908203125000000000e+00 9.566966283505964341e-01 4.803430715165736910e+04 4.949200293356956877e+02 1.866733702671485640e+00
1.912109375000000000e+00 9.566966283505964341e-01 4.803430715165736910e+04 4.949200293356956877e+02 1.866733702671485640e+00
1.916015625000000000e+00 9.424599384427767568e-01 4.702082466119596938e+04 4.972239610084408241e+02 1.881370628138627321e+00
1.919921875000000000e+00 9.424599384427767568e-01 4.702082466119596938e+04 4.972239610084408241e+02 1.881370628138627321e+00
1.923828125000000000e+00 9.283934113806427968e-01 4.602524114472479414e+04 4.995395899140988263e+02 1.896155209986197576e+00
1.927734375000000000e+00 9.283934113806427968e-01 4.602524114472479414e+04 4.995395899140988263e+02 1.896155209986197576e+00
1.931640625000000000e+00 9.148121207435666591e-01 4.506959599178942153e+04 5.017898444093452213e+02 1.910653667158043412e+00
1.935546875000000000e+00 9.148121207435666591e-01 4.506959599178942153e+04 5.017898444093452213e+02 1.910653667158043412e+00
1.939453125000000000e+00 9.020803208385476113e-01 4.417865265007853304e+04 5.038731670551161415e+02 1.924303565043627540e+00
1.943359375000000000e+00 9.020803208385476113e-01 4.417865265007853304e+04 5.038731670551161415e+02 1.924303565043627540e+00
1.947265625000000000e+00 8.905822261860260047e-01 4.337779311598082859e+04 5.057189813405115046e+02 1.936638323875316647e+00
1.951171875000000000e+00 8.905822261860260047e-01 4.337779311598082859e+04 5.057189813405115046e+02 1.936638323875316647e+00
1.955078125000000000e+00 8.805344149502286610e-01 4.268052941091154935e+04 5.072629123133626763e+02 1.947275327948070345e+00
1.958984375000000000e+00 8.805344149502286610e-01 4.268052941091154935e+04 5.072629123133626763e+02 1.947275327948070345e+00
1.962890625000000000e+00 8.721191487020418798e-01 4.209785144417656556e+04 5.085302619750881377e+02 1.956188628421854592e+00
1.966796875000000000e+00 8.721191487020418798e-01 4.209785144417656556e+04 5.085302619750881377e+02 1.956188628421854592e+00
1.970703125000000000e+00 8.650273483177977063e-01 4.160798573819028388e+04 5.095164120003728954e+02 1.963454008355933311e+00
1.974609375000000000e+00 8.650273483177977063e-01 4.160798573819028388e+04 5.095164120003728954e+02 1.963454008355933311e+00
1.978515625000000000e+00 8.592570332964406532e-01 4.120990231872399454e+04 5.103774440525481282e+02 1.969646143660192861e+00
1.982421875000000000e+00 8.592570332964406532e-01 4.120990231872399454e+04 5.103774440525481282e+02 1.969646143660192861e+00
1.986328125000000000e+00 8.541263269790587698e-01 4.085790393879235489e+04 5.109762621895816324e+02 1.974511738577283682e+00
1.990234375000000000e+00 8.541263269790587698e-01 4.085790393879235489e+04 5.109762621895816324e+02 1.974511738577283682e+00
1.994140625000000000e+00 8.493923052022588349e-01 4.053459850542985077e+04 5.117964566088332958e+02 1.980042354494855772e+00
1.998046875000000000e+00 8.493923052022588349e-01 4.053459850542985077e+04 5.117964566088332958e+02 1.980042354494855772e+00
2.001953125000000000e+00 8.409472376690334539e-01 3.996681733914001961e+04 5.129108470493473533e+02 1.988439845250270510e+00
2.005859375000000000e+00 8.409472376690334539e-01 3.996681733914001961e+04 5.129108470493473533e+02 1.988439845250270510e+00
2.009765625000000000e+00 8.409472376690334539e-01 3.996681733914001961e+04 5.129108470493473533e+02 1.988439845250270510e+00
2.013671875000000000e+00 8.409472376690334539e-01 3.996681733914001961e+04 5.129108470493473533e+02 1.988439845250270510e+00
2.017578125000000000e+00 8.289270898737490789e-01 3.917014728316233959e+04 5.149189672173297367e+02 2.001960184404233178e+00
2.021484375000000000e+00 8.289270898737490789e-01 3.917014728316233959e+04 5.149189672173297367e+02 2.001960184404233178e+00
2.025390625000000000e+00 8.289270898737490789e-01 3.917014728316233959e+04 5.149189672173297367e+02 2.001960184404233178e+00
2.029296875000000000e+00 8.289270898737490789e-01 3.917014728316233959e+04 5.149189672173297367e+02 2.001960184404233178e+00
2.033203125000000000e+00 8.150402144394580661e-01 3.826027562906256935e+04 5.175607918374820429e+02 2.018890769336791902e+00
2.037109375000000000e+00 8.150402144394580661e-01 3.826027562906256935e+04 5.175607918374820429e+02 2.018890769336791902e+00
2.041015625000000000e+00 8.150402144394580661e-01 3.826027562906256935e+04 5.175607918374820429e+02 2.018890769336791902e+00
2.044921875000000000e+00 8.150402144394580661e-01 3.826027562906256935e+04 5.175607918374820429e+02 2.018890769336791902e+00
2.048828125000000000e+00 8.020911316976805372e-01 3.742250893764481589e+04 5.202710048638891749e+02 2.035687041370836337e+00
2.052734375000000000e+00 8.020911316976805372e-01 3.742250893764481589e+04 5.202710048638891749e+02 2.035687041370836337e+00
2.056640625000000000e+00 8.020911316976805372e-01 3.742250893764481589e+04 5.202710048638891749e+02 2.035687041370836337e+00
2.060546875000000000e+00 8.020911316976805372e-01 3.742250893764481589e+04 5.202710048638891749e+02 2.035687041370836337e+00
2.064453125000000000e+00 7.930814694306208557e-01 3.684229017280737025e+04 5.223274813181212721e+02 2.048162687649573765e+00
2.068359375000000000e+00 7.930814694306208557e-01 3.684229017280737025e+04 5.223274813181212721e+02 2.048162687649573765e+00
2.072265625000000000e+00 7.930814694306208557e-01 3.684229017280737025e+04 5.223274813181212721e+02 2.048162687649573765e+00
2.076171875000000000e+00 7.930814694306208557e-01 3.684229017280737025e+04 5.223274813181212721e+02 2.048162687649573765e+00
2.080078125000000000e+00 7.897797672527682167e-01 3.663435822581296088e+04 5.234237599730878401e+02 2.053989045001756608e+00
2.083984375000000000e+00 7.897797672527682167e-01 3.663435822581296088e+04 5.234237599730878401e+02 2.053989045001756608e+00
2.087890625000000000e+00 7.897797672527682167e-01 3.663435822581296088e+04 5.234237599730878401e+02 2.053989045001756608e+00
2.091796875000000000e+00 7.897797672527682167e-01 3.663435822581296088e+04 5.234237599730878401e+02 2.053989045001756608e+00
2.095703125000000000e+00 8.002612188204487609e-01 3.733894029639918153e+04 5.224344898627899738e+02 2.044102709715169830e+00
2.099609375000000000e+00 8.002612188204487609e-01 3.733894029639918153e+04 5.224344898627899738e+02 2.044102709715169830e+00
2.103515625000000000e+00 8.002612188204487609e-01 3.733894029639918153e+04 5.224344898627899738e+02 2.044102709715169830e+00
2.107421875000000000e+00 8.002612188204487609e-01 3.733894029639918153e+04 5.224344898627899738e+02 2.044102709715169830e+00
2.111328125000000000e+00 8.630892983493411164e-01 4.145453827500018815e+04 5.129771958730550523e+02 1.978225820319848838e+00
2.115234375000000000e+00 8.630892983493411164e-01 4.145453827500018815e+04 5.129771958730550523e+02 1.978225820319848838e+00
2.119140625000000000e+00 8.630892983493411164e-01 4.145453827500018815e+04 5.129771958730550523e+02 1.978225820319848838e+00
2.123046875000000000e+00 8.630892983493411164e-01 4.145453827500018815e+04 5.129771958730550523e+02 1.978225820319848838e+00
2.126953125000000000e+00 1.106316140505097412e+00 5.888388279657276144e+04 4.748179983245013318e+02 1.739420401127213411e+00
2.130859375000000000e+00 1.106316140505097412e+00 5.888388279657276144e+04 4.748179983245013318e+02 1.739420401127213411e+00
2.134765625000000000e+00 1.106316140505097412e+00 5.888388279657276144e+04 4.748179983245013318e+02 1.739420401127213411e+00
2.138671875000000000e+00 1.106316140505097412e+00 5.888388279657276144e+04 4.748179983245013318e+02 1.739420401127213411e+00
2.142578125000000000e+00 1.474098558340082743e+00 8.866618114302014874e+04 4.253028338527838628e+02 1.465610330447164156e+00
2.146484375000000000e+00 1.474098558340082743e+00 8.866618114302014874e+04 4.253028338527838628e+02 1.465610330447164156e+00
2.150390625000000000e+00 1.474098558340082743e+00 8.866618114302014874e+04 4.253028338527838628e+02 1.465610330447164156e+00
2.154296875000000000e+00 1.474098558340082743e+00 8.866618114302014874e+04 4.253028338527838628e+02 1.465610330447164156e+00
2.158203125000000000e+00 1.685921568281555816e+00 1.061594335169524857e+05 4.048459600892805383e+02 1.363531511935376583e+00
2.162109375000000000e+00 1.685921568281555816e+00 1.061594335169524857e+05 4.048459600892805383e+02 1.363531511935376583e+00
2.166015625000000000e+00 1.685921568281555816e+00 1.061594335169524857e+05 4.048459600892805383e+02 1.363531511935376583e+00
2.169921875000000000e+00 1.685921568281555816e+00 1.061594335169524857e+05 4.048459600892805383e+02 1.363531511935376583e+00
2.173828125000000000e+00 1.682419153182759697e+00 1.058885068727991311e+05 4.056806157970639788e+02 1.366667694630739893e+00
2.177734375000000000e+00 1.682419153182759697e+00 1.058885068727991311e+05 4.056806157970639788e+02 1.366667694630739893e+00
2.181640625000000000e+00 1.682419153182759697e+00 1.058885068727991311e+05 4.056806157970639788e+02 1.366667694630739893e+00
2.185546875000000000e+00 1.682419153182759697e+00 1.058885068727991311e+05 4.056806157970639788e+02 1.366667694630739893e+00
2.189453125000000000e+00 1.635525732957727296e+00 1.018722022124685318e+05 4.104382030683049720e+02 1.389903354985566830e+00
2.193359375000000000e+00 1.635525732957727296e+00 1.018722022124685318e+05 4.104382030683049720e+02 1.389903354985566830e+00
2.197265625000000000e+00 1.635525732957727296e+00 1.018722022124685318e+05 4.104382030683049720e+02 1.389903354985566830e+00
2.201171875000000000e+00 1.635525732957727296e+00 1.018722022124685318e+05 4.104382030683049720e+02 1.389903354985566830e+00
2.205078125000000000e+00 1.611988235588242890e+00 9.981532993452232040e+04 4.125795047856522615e+02 1.401283289680731459e+00
2.208984375000000000e+00 1.611988235588242890e+00 9.981532993452232040e+04 4.125795047856522615e+02 1.401283289680731459e+00
2.212890625000000000e+00 1.611988235588242890e+00 9.981532993452232040e+04 4.125795047856522615e+02 1.401283289680731459e+00
2.216796875000000000e+00 1.611988235588242890e+00 9.981532993452232040e+04 4.125795047856522615e+02 1.401283289680731459e+00
2.220703125000000000e+00 1.627452077212691472e+00 1.010268686616524938e+05 4.103570900541436117e+02 1.391981880288587492e+00
2.224609375000000000e+00 1.627452077212691472e+00 1.010268686616524938e+05 4.103570900541436117e+02 1.391981880288587492e+00
2.228515625000000000e+00 1.627452077212691472e+00 1.010268686616524938e+05 4.103570900541436117e+02 1.391981880288587492e+00
2.232421875000000000e+00 1.627452077212691472e+00 1.010268686616524938e+05 4.103570900541436117e+02 1.391981880288587492e+00
2.236328125000000000e+00 1.683616596399375664e+00 1.057686664916340524e+05 4.026505240833888024e+02 1.357710996542426551e+00
2.240234375000000000e+00 1.683616596399375664e+00 1.057686664916340524e+05 4.026505240833888024e+02 1.357710996542426551e+00
2.244140625000000000e+00 1.683616596399375664e+00 1.057686664916340524e+05 4.026505240833888024e+02 1.357710996542426551e+00
2.248046875000000000e+00 1.683616596399375664e+00 1.057686664916340524e+05 4.026505240833888024e+02 1.357710996542426551e+00
2.251953125000000000e+00 1.767753599646150864e+00 1.132129070134481590e+05 3.897696390224900256e+02 1.301687945828285287e+00
2.255859375000000000e+00 1.767753599646150864e+00 1.132129070134481590e+05 3.897696390224900256e+02 1.301687945828285287e+00
2.259765625000000000e+00 1.767753599646150864e+00 1.132129070134481590e+05 3.897696390224900256e+02 1.301687945828285287e+00
2.263671875000000000e+00 1.767753599646150864e+00 1.132129070134481590e+05 3.897696390224900256e+02 1.301687945828285287e+00
2.267578125000000000e+00 1.858083950233863524e+00 1.215169774997788627e+05 3.754377142625906458e+02 1.240760805124812904e+00
2.271484375000000000e+00 1.858083950233863524e+00 1.215169774997788627e+05 3.754377142625906458e+02 1.240760805124812904e+00
2.275390625000000000e+00 1.858083950233863524e+00 1.215169774997788627e+05 3.754377142625906458e+02 1.240760805124812904e+00
2.279296875000000000e+00 1.858083950233863524e+00 1.215169774997788627e+05 3.754377142625906458e+02 1.240760805124812904e+00
2.283203125000000000e+00 1.930486187165861622e+00 1.282071128669226018e+05 3.639320466886783834e+02 1.193530636041043369e+00
2.287109375000000000e+00 1.930486187165861622e+00 1.282071128669226018e+05 3.639320466886783834e+02 1.193530636041043369e+00
2.291015625000000000e+00 1.930486187165861622e+00 1.282071128669226018e+05 3.639320466886783834e+02 1.193530636041043369e+00
2.294921875000000000e+00 1.930486187165861622e+00 1.282071128669226018e+05 3.639320466886783834e+02 1.193530636041043369e+00
2.298828125000000000e+00 1.976400092433440836e+00 1.324845944713998761e+05 3.568372846172140953e+02 1.164825717141198425e+00
2.302734375000000000e+00 1.976400092433440836e+00 1.324845944713998761e+05 3.568372846172140953e+02 1.164825717141198425e+00
2.306640625000000000e+00 1.976400092433440836e+00 1.324845944713998761e+05 3.568372846172140953e+02 1.164825717141198425e+00
2.310546875000000000e+00 1.976400092433440836e+00 1.324845944713998761e+05 3.568372846172140953e+02 1.164825717141198425e+00
2.314453125000000000e+00 2.001526875851910692e+00 1.348628128277632059e+05 3.529269606205552918e+02 1.149093649384931748e+00
2.318359375000000000e+00 2.001526875851910692e+00 1.348628128277632059e+05 3.529269606205552918e+02 1.149093649384931748e+00
2.322265625000000000e+00 2.001526875851910692e+00 1.348628128277632059e+05 3.529269606205552918e+02 1.149093649384931748e+00
2.326171875000000000e+00 2.001526875851910692e+00 1.348628128277632059e+05 3.529269606205552918e+02 1.149093649384931748e+00
2.330078125000000000e+00 2.017302546826517773e+00 1.363532245456644159e+05 3.504038090241927534e+02 1.139088881109027618e+00
2.333984375000000000e+00 2.017302546826517773e+00 1.363532245456644159e+05 3.504038090241927534e+02 1.139088881109027618e+00
2.337890625000000000e+00 2.017302546826517773e+00 1.363532245456644159e+05 3.504038090241927534e+02 1.139088881109027618e+00
2.341796875000000000e+00 2.017302546826517773e+00 1.363532245456644159e+05 3.504038090241927534e+02 1.139088881109027618e+00
2.345703125000000000e+00 2.031576698724353314e+00 1.376874522890656081e+05 3.482461873493658118e+02 1.130555226545965741e+00
2.349609375000000000e+00 2.031576698724353314e+00 1.376874522890656081e+05 3.482461873493658118e+02 1.130555226545965741e+00
2.353515625000000000e+00 2.031576698724353314e+00 1.376874522890656081e+05 3.482461873493658118e+02 1.130555226545965741e+00
2.357421875000000000e+00 2.031576698724353314e+00 1.376874522890656081e+05 3.482461873493658118e+02 1.130555226545965741e+00
2.361328125000000000e+00 2.047674605083783739e+00 1.391640395027456980e+05 3.461253973288983730e+02 1.122112520779758649e+00
2.365234375000000000e+00 2.047674605083783739e+00 1.391640395027456980e+05 3.461253973288983730e+02 1.122112520779758649e+00
2.369140625000000000e+00 2.047674605083783739e+00 1.391640395027456980e+05 3.461253973288983730e+02 1.122112520779758649e+00
2.373046875000000000e+00 2.047674605083783739e+00 1.391640395027456980e+05 3.461253973288983730e+02 1.122112520779758649e+00
2.376953125000000000e+00 2.065592652315869859e+00 1.408047720201032062e+05 3.437667274663220383e+02 1.112790668529886506e+00
2.380859375000000000e+00 2.065592652315869859e+00 1.408047720201032062e+05 3.437667274663220383e+02 1.112790668529886506e+00
2.384765625000000000e+00 2.065592652315869859e+00 1.408047720201032062e+05 3.437667274663220383e+02 1.112790668529886506e+00
2.388671875000000000e+00 2.065592652315869859e+00 1.408047720201032062e+05 3.437667274663220383e+02 1.112790668529886506e+00
2.392578125000000000e+00 2.084880718280885503e+00 1.425871392305060581e+05 3.409387251200433866e+02 1.101825308121862079e+00
2.396484375000000000e+00 2.084880718280885503e+00 1.425871392305060581e+05 3.409387251200433866e+02 1.101825308121862079e+00
2.400390625000000000e+00 2.084880718280885503e+00 1.425871392305060581e+05 3.409387251200433866e+02 1.101825308121862079e+00
2.404296875000000000e+00 2.084880718280885503e+00 1.425871392305060581e+05 3.409387251200433866e+02 1.101825308121862079e+00
2.408203125000000000e+00 2.103984580452916919e+00 1.443570471054186928e+05 3.375472858040356527e+02 1.089112854201929714e+00
2.412109375000000000e+00 2.103984580452916919e+00 1.443570471054186928e+05 3.375472858040356527e+02 1.089112854201929714e+00
2.416015625000000000e+00 2.103984580452916919e+00 1.443570471054186928e+05 3.375472858040356527e+02 1.089112854201929714e+00
2.419921875000000000e+00 2.103984580452916919e+00 1.443570471054186928e+05 3.375472858040356527e+02 1.089112854201929714e+00
2.423828125000000000e+00 2.121427952740659428e+00 1.459763919278323883e+05 3.338147252281640931e+02 1.075509630259189997e+00
2.427734375000000000e+00 2.121427952740659428e+00 1.459763919278323883e+05 3.338147252281640931e+02 1.075509630259189997e+00
2.431640625000000000e+00 2.121427952740659428e+00 1.459763919278323883e+05 3.338147252281640931e+02 1.075509630259189997e+00
2.435546875000000000e+00 2.121427952740659428e+00 1.459763919278323883e+05 3.338147252281640931e+02 1.075509630259189997e+00
2.439453125000000000e+00 2.136128972855791286e+00 1.473881265357139637e+05 3.303586391534842619e+02 1.062928707495191416e+00
2.443359375000000000e+00 2.136128972855791286e+00 1.473881265357139637e+05 3.303586391534842619e+02 1.062928707495191416e+00
2.447265625000000000e+00 2.136128972855791286e+00 1.473881265357139637e+05 3.303586391534842619e+02 1.062928707495191416e+00
2.451171875000000000e+00 2.136128972855791286e+00 1.473881265357139637e+05 3.303586391534842619e+02 1.062928707495191416e+00
2.455078125000000000e+00 2.146218618224222663e+00 1.485080822172148328e+05 3.277945115823478091e+02 1.053172702491390611e+00
2.458984375000000000e+00 2.146218618224222663e+00 1.485080822172148328e+05 3.277945115823478091e+02 1.053172702491390611e+00
2.462890625000000000e+00 2.146218618224222663e+00 1.485080822172148328e+05 3.277945115823478091e+02 1.053172702491390611e+00
2.466796875000000000e+00 2.146218618224222663e+00 1.485080822172148328e+05 3.277945115823478091e+02 1.053172702491390611e+00
2.470703125000000000e+00 2.149715407331554751e+00 1.491342289856869029e+05 3.263902517318989567e+02 1.047309346495394644e+00
2.474609375000000000e+00 2.149715407331554751e+00 1.491342289856869029e+05 3.263902517318989567e+02 1.047309346495394644e+00
2.478515625000000000e+00 2.149715407331554751e+00 1.491342289856869029e+05 3.263902517318989567e+02 1.047309346495394644e+00
2.482421875000000000e+00 2.149715407331554751e+00 1.491342289856869029e+05 3.263902517318989567e+02 1.047309346495394644e+00
2.486328125000000000e+00 2.147410774686101753e+00 1.491711162254761730e+05 3.262296191834761885e+02 1.046103284063363725e+00
2.490234375000000000e+00 2.147410774686101753e+00 1.491711162254761730e+05 3.262296191834761885e+02 1.046103284063363725e+00
2.494140625000000000e+00 2.147410774686101753e+00 1.491711162254761730e+05 3.262296191834761885e+02 1.046103284063363725e+00
2.498046875000000000e+00 2.147410774686101753e+00 1.491711162254761730e+05 3.262296191834761885e+02 1.046103284063363725e+00
2.501953125000000000e+00 2.139966317129380347e+00 1.485724672453924140e+05 3.270141684680194203e+02 1.048906684010704637e+00
2.505859375000000000e+00 2.139966317129380347e+00 1.485724672453924140e+05 3.270141684680194203e+02 1.048906684010704637e+00
2.509765625000000000e+00 2.139966317129380347e+00 1.485724672453924140e+05 3.270141684680194203e+02 1.048906684010704637e+00
2.513671875000000000e+00 2.139966317129380347e+00 1.485724672453924140e+05 3.270141684680194203e+02 1.048906684010704637e+00
2.517578125000000000e+00 2.128353745759310911e+00 1.474874268874785630e+05 3.284476400491243453e+02 1.054499879674820173e+00
2.521484375000000000e+00 2.128353745759310911e+00 1.474874268874785630e+05 3.284476400491243453e+02 1.054499879674820173e+00
2.525390625000000000e+00 2.128353745759310911e+00 1.474874268874785630e+05 3.284476400491243453e+02 1.054499879674820173e+00
2.529296875000000000e+00 2.128353745759310911e+00 1.474874268874785630e+05 3.284476400491243453e+02 1.054499879674820173e+00
2.533203125000000000e+00 2.113598562478447906e+00 1.460992150874088984e+05 3.301951435152478211e+02 1.061436394577752518e+00
2.537109375000000000e+00 2.113598562478447906e+00 1.460992150874088984e+05 3.301951435152478211e+02 1.061436394577752518e+00
2.541015625000000000e+00 2.113598562478447906e+00 1.460992150874088984e+05 3.301951435152478211e+02 1.061436394577752518e+00
2.544921875000000000e+00 2.113598562478447906e+00 1.460992150874088984e+05 3.301951435152478211e+02 1.061436394577752518e+00
2.548828125000000000e+00 2.096942394187380820e+00 1.445700787342602853e+05 3.319534505119494270e+02 1.068482000970759627e+00
2.552734375000000000e+00 2.096942394187380820e+00 1.445700787342602853e+05 3.319534505119494270e+02 1.068482000970759627e+00
2.556640625000000000e+00 2.096942394187380820e+00 1.445700787342602853e+05 3.319534505119494270e+02 1.068482000970759627e+00
2.560546875000000000e+00 2.096942394187380820e+00 1.445700787342602853e+05 3.319534505119494270e+02 1.068482000970759627e+00
2.564453125000000000e+00 2.079362883457580136e+00 1.430267021681673650e+05 3.335698011537278944e+02 1.074927786751389780e+00
2.568359375000000000e+00 2.079362883457580136e+00 1.430267021681673650e+05 3.335698011537278944e+02 1.074927786751389780e+00
2.572265625000000000e+00 2.079362883457580136e+00 1.430267021681673650e+05 3.335698011537278944e+02 1.074927786751389780e+00
2.576171875000000000e+00 2.079362883457580136e+00 1.430267021681673650e+05 3.335698011537278944e+02 1.074927786751389780e+00
2.580078125000000000e+00 2.062242268134535372e+00 1.415740537809148955e+05 3.349941945492792570e+02 1.080565932211280833e+00
2.583984375000000000e+00 2.062242268134535372e+00 1.415740537809148955e+05 3.349941945492792570e+02 1.080565932211280833e+00
2.587890625000000000e+00 2.062242268134535372e+00 1.415740537809148955e+05 3.349941945492792570e+02 1.080565932211280833e+00
2.591796875000000000e+00 2.062242268134535372e+00 1.415740537809148955e+05 3.349941945492792570e+02 1.080565932211280833e+00
2.595703125000000000e+00 2.047417635396861613e+00 1.403214072701431869e+05 3.361810986887778085e+02 1.085301812893790796e+00
2.599609375000000000e+00 2.047417635396861613e+00 1.403214072701431869e+05 3.361810986887778085e+02 1.085301812893790796e+00
2.603515625000000000e+00 2.047417635396861613e+00 1.403214072701431869e+05 3.361810986887778085e+02 1.085301812893790796e+00
2.607421875000000000e+00 2.047417635396861613e+00 1.403214072701431869e+05 3.361810986887778085e+02 1.085301812893790796e+00
2.611328125000000000e+00 2.036946973018261442e+00 1.394120022040211770e+05 3.370706167113453944e+02 1.088921711844789808e+00
2.615234375000000000e+00 2.036946973018261442e+00 1.394120022040211770e+05 3.370706167113453944e+02 1.088921711844789808e+00
2.619140625000000000e+00 2.036946973018261442e+00 1.394120022040211770e+05 3.370706167113453944e+02 1.088921711844789808e+00
2.623046875000000000e+00 2.036946973018261442e+00 1.394120022040211770e+05 3.370706167113453944e+02 1.088921711844789808e+00
2.626953125000000000e+00 2.032762739196758872e+00 1.390181227575902303e+05 3.375797563611394594e+02 1.090988099792523425e+00
2.630859375000000000e+00 2.032762739196758872e+00 1.390181227575902303e+05 3.375797563611394594e+02 1.090988099792523425e+00
2.634765625000000000e+00 2.032762739196758872e+00 1.390181227575902303e+05 3.375797563611394594e+02 1.090988099792523425e+00
2.638671875000000000e+00 2.032762739196758872e+00 1.390181227575902303e+05 3.375797563611394594e+02 1.090988099792523425e+00
2.642578125000000000e+00 2.034193950355571712e+00 1.391008877574241487e+05 3.377540196174084031e+02 1.091610581329146124e+00
2.646484375000000000e+00 2.034193950355571712e+00 1.391008877574241487e+05 3.377540196174084031e+02 1.091610581329146124e+00
2.650390625000000000e+00 2.034193950355571712e+00 1.391008877574241487e+05 3.377540196174084031e+02 1.091610581329146124e+00
2.654296875000000000e+00 2.034193950355571712e+00 1.391008877574241487e+05 3.377540196174084031e+02 1.091610581329146124e+00
2.658203125000000000e+00 2.038059525855849596e+00 1.393890704053121444e+05 3.377786262749522166e+02 1.091596711266043407e+00
2.662109375000000000e+00 2.038059525855849596e+00 1.393890704053121444e+05 3.377786262749522166e+02 1.091596711266043407e+00
2.666015625000000000e+00 2.038059525855849596e+00 1.393890704053121444e+05 3.377786262749522166e+02 1.091596711266043407e+00
2.669921875000000000e+00 2.038059525855849596e+00 1.393890704053121444e+05 3.377786262749522166e+02 1.091596711266043407e+00
2.673828125000000000e+00 2.041620207865365355e+00 1.396525987303876027e+05 3.378094173172815431e+02 1.091618033652875575e+00
2.677734375000000000e+00 2.041620207865365355e+00 1.396525987303876027e+05 3.378094173172815431e+02 1.091618033652875575e+00
2.681640625000000000e+00 2.041620207865365355e+00 1.396525987303876027e+05 3.378094173172815431e+02 1.091618033652875575e+00
2.685546875000000000e+00 2.041620207865365355e+00 1.396525987303876027e+05 3.378094173172815431e+02 1.091618033652875575e+00
2.689453125000000000e+00 2.042781300211010453e+00 1.397162330470690504e+05 3.380125133421450982e+02 1.092336041363785926e+00
2.693359375000000000e+00 2.042781300211010453e+00 1.397162330470690504e+05 3.380125133421450982e+02 1.092336041363785926e+00
2.697265625000000000e+00 2.042781300211010453e+00 1.397162330470690504e+05 3.380125133421450982e+02 1.092336041363785926e+00
2.701171875000000000e+00 2.042781300211010453e+00 1.397162330470690504e+05 3.380125133421450982e+02 1.092336041363785926e+00
2.705078125000000000e+00 2.039994214915762605e+00 1.394394622560997377e+05 3.386561998751690794e+02 1.094754228205465862e+00
2.708984375000000000e+00 2.039994214915762605e+00 1.394394622560997377e+05 3.386561998751690794e+02 1.094754228205465862e+00
2.712890625000000000e+00 2.039994214915762605e+00 1.394394622560997377e+05 3.386561998751690794e+02 1.094754228205465862e+00
2.716796875000000000e+00 2.039994214915762605e+00 1.394394622560997377e+05 3.386561998751690794e+02 1.094754228205465862e+00
2.720703125000000000e+00 2.032792119359712046e+00 1.387685273836861015e+05 3.400090645915528853e+02 1.099834837662192033e+00
2.724609375000000000e+00 2.032792119359712046e+00 1.387685273836861015e+05 3.400090645915528853e+02 1.099834837662192033e+00
2.728515625000000000e+00 2.032792119359712046e+00 1.387685273836861015e+05 3.400090645915528853e+02 1.099834837662192033e+00
2.732421875000000000e+00 2.032792119359712046e+00 1.387685273836861015e+05 3.400090645915528853e+02 1.099834837662192033e+00
2.736328125000000000e+00 2.021283945757066824e+00 1.377019474599850073e+05 3.423110551440670974e+02 1.108410240285654602e+00
2.740234375000000000e+00 2.021283945757066824e+00 1.377019474599850073e+05 3.423110551440670974e+02 1.108410240285654602e+00
2.744140625000000000e+00 2.021283945757066824e+00 1.377019474599850073e+05 3.423110551440670974e+02 1.108410240285654602e+00
2.748046875000000000e+00 2.021283945757066824e+00 1.377019474599850073e+05 3.423110551440670974e+02 1.108410240285654602e+00
2.751953125000000000e+00 2.004497155970634381e+00 1.361404527528196923e+05 3.457059297626351508e+02 1.121119581333714033e+00
2.755859375000000000e+00 2.004497155970634381e+00 1.361404527528196923e+05 3.457059297626351508e+02 1.121119581333714033e+00
2.759765625000000000e+00 2.004497155970634381e+00 1.361404527528196923e+05 3.457059297626351508e+02 1.121119581333714033e+00
2.763671875000000000e+00 2.004497155970634381e+00 1.361404527528196923e+05 3.457059297626351508e+02 1.121119581333714033e+00
2.767578125000000000e+00 1.980638710142684999e+00 1.339119918763061578e+05 3.500756384298197190e+02 1.137865076073207860e+00
2.771484375000000000e+00 1.980638710142684999e+00 1.339119918763061578e+05 3.500756384298197190e+02 1.137865076073207860e+00
2.775390625000000000e+00 1.980638710142684999e+00 1.339119918763061578e+05 3.500756384298197190e+02 1.137865076073207860e+00
2.779296875000000000e+00 1.980638710142684999e+00 1.339119918763061578e+05 3.500756384298197190e+02 1.137865076073207860e+00
2.783203125000000000e+00 1.948859824993225853e+00 1.309393654140708240e+05 3.551068472038280674e+02 1.157844439158119298e+00
2.787109375000000000e+00 1.948859824993225853e+00 1.309393654140708240e+05 3.551068472038280674e+02 1.157844439158119298e+00
2.791015625000000000e+00 1.948859824993225853e+00 1.309393654140708240e+05 3.551068472038280674e+02 1.157844439158119298e+00
2.794921875000000000e+00 1.948859824993225853e+00 1.309393654140708240e+05 3.551068472038280674e+02 1.157844439158119298e+00
2.798828125000000000e+00 1.910454403312725091e+00 1.273495538687313820e+05 3.605230778465113985e+02 1.180153983677562968e+00
2.802734375000000000e+00 1.910454403312725091e+00 1.273495538687313820e+05 3.605230778465113985e+02 1.180153983677562968e+00
2.806640625000000000e+00 1.910454403312725091e+00 1.273495538687313820e+05 3.605230778465113985e+02 1.180153983677562968e+00
2.810546875000000000e+00 1.910454403312725091e+00 1.273495538687313820e+05 3.605230778465113985e+02 1.180153983677562968e+00
2.814453125000000000e+00 1.868309540995359841e+00 1.234167196006370505e+05 3.662309116876265307e+02 1.204282558924741897e+00
2.818359375000000000e+00 1.868309540995359841e+00 1.234167196006370505e+05 3.662309116876265307e+02 1.204282558924741897e+00
2.822265625000000000e+00 1.868309540995359841e+00 1.234167196006370505e+05 3.662309116876265307e+02 1.204282558924741897e+00
2.826171875000000000e+00 1.868309540995359841e+00 1.234167196006370505e+05 3.662309116876265307e+02 1.204282558924741897e+00
2.830078125000000000e+00 1.824992437645775789e+00 1.193823734954187385e+05 3.722155409934865702e+02 1.229959791962121907e+00
2.833984375000000000e+00 1.824992437645775789e+00 1.193823734954187385e+05 3.722155409934865702e+02 1.229959791962121907e+00
2.837890625000000000e+00 1.824992437645775789e+00 1.193823734954187385e+05 3.722155409934865702e+02 1.229959791962121907e+00
2.841796875000000000e+00 1.824992437645775789e+00 1.193823734954187385e+05 3.722155409934865702e+02 1.229959791962121907e+00
2.845703125000000000e+00 1.781800159135290773e+00 1.153744060969930288e+05 3.784328315092665775e+02 1.256896586756572454e+00
2.849609375000000000e+00 1.781800159135290773e+00 1.153744060969930288e+05 3.784328315092665775e+02 1.256896586756572454e+00
2.853515625000000000e+00 1.781800159135290773e+00 1.153744060969930288e+05 3.784328315092665775e+02 1.256896586756572454e+00
2.857421875000000000e+00 1.781800159135290773e+00 1.153744060969930288e+05 3.784328315092665775e+02 1.256896586756572454e+00
2.861328125000000000e+00 1.738730706156827344e+00 1.114082559635818034e+05 3.847595467651264016e+02 1.284644200905640465e+00
2.865234375000000000e+00 1.738730706156827344e+00 1.114082559635818034e+05 3.847595467651264016e+02 1.284644200905640465e+00
2.869140625000000000e+00 1.738730706156827344e+00 1.114082559635818034e+05 3.847595467651264016e+02 1.284644200905640465e+00
2.873046875000000000e+00 1.738730706156827344e+00 1.114082559635818034e+05 3.847595467651264016e+02 1.284644200905640465e+00
2.876953125000000000e+00 1.695305938266932877e+00 1.074594132654414570e+05 3.910486432469571696e+02 1.312709338344231869e+00
2.880859375000000000e+00 1.695305938266932877e+00 1.074594132654414570e+05 3.910486432469571696e+02 1.312709338344231869e+00
2.884765625000000000e+00 1.695305938266932877e+00 1.074594132654414570e+05 3.910486432469571696e+02 1.312709338344231869e+00
2.888671875000000000e+00 1.695305938266932877e+00 1.074594132654414570e+05 3.910486432469571696e+02 1.312709338344231869e+00
2.892578125000000000e+00 1.651372665475912216e+00 1.035287253805111686e+05 3.972199893260803378e+02 1.340785145578416548e+00
2.896484375000000000e+00 1.651372665475912216e+00 1.035287253805111686e+05 3.972199893260803378e+02 1.340785145578416548e+00
2.900390625000000000e+00 1.651372665475912216e+00 1.035287253805111686e+05 3.972199893260803378e+02 1.340785145578416548e+00
2.904296875000000000e+00 1.651372665475912216e+00 1.035287253805111686e+05 3.972199893260803378e+02 1.340785145578416548e+00
2.908203125000000000e+00 1.607308272020373741e+00 9.965460562665472389e+04 4.032831822419319110e+02 1.368822061114589816e+00
2.912109375000000000e+00 1.607308272020373741e+00 9.965460562665472389e+04 4.032831822419319110e+02 1.368822061114589816e+00
2.916015625000000000e+00 1.607308272020373741e+00 9.965460562665472389e+04 4.032831822419319110e+02 1.368822061114589816e+00
2.919921875000000000e+00 1.607308272020373741e+00 9.965460562665472389e+04 4.032831822419319110e+02 1.368822061114589816e+00
2.923828125000000000e+00 1.563734958216774773e+00 9.588682078433384595e+04 4.092871365713373848e+02 1.396902808516507610e+00
2.927734375000000000e+00 1.563734958216774773e+00 9.588682078433384595e+04 4.092871365713373848e+02 1.396902808516507610e+00
2.931640625000000000e+00 1.563734958216774773e+00 9.588682078433384595e+04 4.092871365713373848e+02 1.396902808516507610e+00
2.935546875000000000e+00 1.563734958216774773e+00 9.588682078433384595e+04 4.092871365713373848e+02 1.396902808516507610e+00
2.939453125000000000e+00 1.521148943992753466e+00 9.225785918074192887e+04 4.152592725188555960e+02 1.425080851978724583e+00
2.943359375000000000e+00 1.521148943992753466e+00 9.225785918074192887e+04 4.152592725188555960e+02 1.425080851978724583e+00
2.947265625000000000e+00 1.521148943992753466e+00 9.225785918074192887e+04 4.152592725188555960e+02 1.425080851978724583e+00
2.951171875000000000e+00 1.521148943992753466e+00 9.225785918074192887e+04 4.152592725188555960e+02 1.425080851978724583e+00
2.955078125000000000e+00 1.479750258969507293e+00 8.877384699582471512e+04 4.211800480074856523e+02 1.453300637531694139e+00
2.958984375000000000e+00 1.479750258969507293e+00 8.877384699582471512e+04 4.211800480074856523e+02 1.453300637531694139e+00
2.962890625000000000e+00 1.479750258969507293e+00 8.877384699582471512e+04 4.211800480074856523e+02 1.453300637531694139e+00
2.966796875000000000e+00 1.479750258969507293e+00 8.877384699582471512e+04 4.211800480074856523e+02 1.453300637531694139e+00
2.970703125000000000e+00 1.439495612889112985e+00 8.542285673887368466e+04 4.269982834464383927e+02 1.481426941493343419e+00
2.974609375000000000e+00 1.439495612889112985e+00 8.542285673887368466e+04 4.269982834464383927e+02 1.481426941493343419e+00
2.978515625000000000e+00 1.439495612889112985e+00 8.542285673887368466e+04 4.269982834464383927e+02 1.481426941493343419e+00
2.982421875000000000e+00 1.439495612889112985e+00 8.542285673887368466e+04 4.269982834464383927e+02 1.481426941493343419e+00
2.986328125000000000e+00 1.400251667328312299e+00 8.218866036130931752e+04 4.326645043308949994e+02 1.509330498668717491e+00
2.990234375000000000e+00 1.400251667328312299e+00 8.218866036130931752e+04 4.326645043308949994e+02 1.509330498668717491e+00
2.994140625000000000e+00 1.400251667328312299e+00 8.218866036130931752e+04 4.326645043308949994e+02 1.509330498668717491e+00
2.998046875000000000e+00 1.400251667328312299e+00 8.218866036130931752e+04 4.326645043308949994e+02 1.509330498668717491e+00
3.001953125000000000e+00 1.361917893820522307e+00 7.906023216239780595e+04 4.381554117412950404e+02 1.536952984500611796e+00
3.005859375000000000e+00 1.361917893820522307e+00 7.906023216239780595e+04 4.381554117412950404e+02 1.536952984500611796e+00
3.009765625000000000e+00 1.361917893820522307e+00 7.906023216239780595e+04 4.381554117412950404e+02 1.536952984500611796e+00
3.013671875000000000e+00 1.361917893820522307e+00 7.906023216239780595e+04 4.381554117412950404e+02 1.536952984500611796e+00
3.017578125000000000e+00 1.324485002568576375e+00 7.603546946897546877e+04 4.434765204889050665e+02 1.564307113470634114e+00
3.021484375000000000e+00 1.324485002568576375e+00 7.603546946897546877e+04 4.434765204889050665e+02 1.564307113470634114e+00
3.025390625000000000e+00 1.324485002568576375e+00 7.603546946897546877e+04 4.434765204889050665e+02 1.564307113470634114e+00
3.029296875000000000e+00 1.324485002568576375e+00 7.603546946897546877e+04 4.434765204889050665e+02 1.564307113470634114e+00
3.033203125000000000e+00 1.288057760213534131e+00 7.312205476438622281e+04 4.486447449222572459e+02 1.591409854929195067e+00
3.037109375000000000e+00 1.288057760213534131e+00 7.312205476438622281e+04 4.486447449222572459e+02 1.591409854929195067e+00
3.041015625000000000e+00 1.288057760213534131e+00 7.312205476438622281e+04 4.486447449222572459e+02 1.591409854929195067e+00
3.044921875000000000e+00 1.288057760213534131e+00 7.312205476438622281e+04 4.486447449222572459e+02 1.591409854929195067e+00
3.048828125000000000e+00 1.252865648415153910e+00 7.033735737020145461e+04 4.536622933536277742e+02 1.618183964449223522e+00
3.052734375000000000e+00 1.252865648415153910e+00 7.033735737020145461e+04 4.536622933536277742e+02 1.618183964449223522e+00
3.056640625000000000e+00 1.252865648415153910e+00 7.033735737020145461e+04 4.536622933536277742e+02 1.618183964449223522e+00
3.060546875000000000e+00 1.252865648415153910e+00 7.033735737020145461e+04 4.536622933536277742e+02 1.618183964449223522e+00
3.064453125000000000e+00 1.219249519299830053e+00 6.770637191403532051e+04 4.584943887092310888e+02 1.644377525178392085e+00
3.068359375000000000e+00 1.219249519299830053e+00 6.770637191403532051e+04 4.584943887092310888e+02 1.644377525178392085e+00
3.072265625000000000e+00 1.219249519299830053e+00 6.770637191403532051e+04 4.584943887092310888e+02 1.644377525178392085e+00
3.076171875000000000e+00 1.219249519299830053e+00 6.770637191403532051e+04 4.584943887092310888e+02 1.644377525178392085e+00
3.080078125000000000e+00 1.187594745796539897e+00 6.525573565068675089e+04 4.630714229585805128e+02 1.669585835472832347e+00
3.083984375000000000e+00 1.187594745796539897e+00 6.525573565068675089e+04 4.630714229585805128e+02 1.669585835472832347e+00
3.087890625000000000e+00 1.187594745796539897e+00 6.525573565068675089e+04 4.630714229585805128e+02 1.669585835472832347e+00
3.091796875000000000e+00 1.187594745796539897e+00 6.525573565068675089e+04 4.630714229585805128e+02 1.669585835472832347e+00
3.095703125000000000e+00 1.158215452925504207e+00 6.300463500118123920e+04 4.673157865319330426e+02 1.693381699410946073e+00
3.099609375000000000e+00 1.158215452925504207e+00 6.300463500118123920e+04 4.673157865319330426e+02 1.693381699410946073e+00
3.103515625000000000e+00 1.158215452925504207e+00 6.300463500118123920e+04 4.673157865319330426e+02 1.693381699410946073e+00
3.107421875000000000e+00 1.158215452925504207e+00 6.300463500118123920e+04 4.673157865319330426e+02 1.693381699410946073e+00
3.111328125000000000e+00 1.131244721507470574e+00 6.095718770447610586e+04 4.711780366365530881e+02 1.715484672294073087e+00
3.115234375000000000e+00 1.131244721507470574e+00 6.095718770447610586e+04 4.711780366365530881e+02 1.715484672294073087e+00
3.119140625000000000e+00 1.131244721507470574e+00 6.095718770447610586e+04 4.711780366365530881e+02 1.715484672294073087e+00
3.123046875000000000e+00 1.131244721507470574e+00 6.095718770447610586e+04 4.711780366365530881e+02 1.715484672294073087e+00
3.126953125000000000e+00 1.106598830790424426e+00 5.910128727982197597e+04 4.746576063176755724e+02 1.735853463376382022e+00
3.130859375000000000e+00 1.106598830790424426e+00 5.910128727982197597e+04 4.746576063176755724e+02 1.735853463376382022e+00
3.134765625000000000e+00 1.106598830790424426e+00 5.910128727982197597e+04 4.746576063176755724e+02 1.735853463376382022e+00
3.138671875000000000e+00 1.106598830790424426e+00 5.910128727982197597e+04 4.746576063176755724e+02 1.735853463376382022e+00
3.142578125000000000e+00 1.084072852195969716e+00 5.741686016394512262e+04 4.778000360512850193e+02 1.754654744346773931e+00
3.146484375000000000e+00 1.084072852195969716e+00 5.741686016394512262e+04 4.778000360512850193e+02 1.754654744346773931e+00
3.150390625000000000e+00 1.084072852195969716e+00 5.741686016394512262e+04 4.778000360512850193e+02 1.754654744346773931e+00
3.154296875000000000e+00 1.084072852195969716e+00 5.741686016394512262e+04 4.778000360512850193e+02 1.754654744346773931e+00
3.158203125000000000e+00 1.063668575084368850e+00 5.590115539042495220e+04 4.806189855018415074e+02 1.771861113034883362e+00
3.162109375000000000e+00 1.063668575084368850e+00 5.590115539042495220e+04 4.806189855018415074e+02 1.771861113034883362e+00
3.166015625000000000e+00 1.063668575084368850e+00 5.590115539042495220e+04 4.806189855018415074e+02 1.771861113034883362e+00
3.169921875000000000e+00 1.063668575084368850e+00 5.590115539042495220e+04 4.806189855018415074e+02 1.771861113034883362e+00
3.173828125000000000e+00 1.046296040846881548e+00 5.461852798846815858e+04 4.829627294188476299e+02 1.786515936599314402e+00
3.177734375000000000e+00 1.046296040846881548e+00 5.461852798846815858e+04 4.829627294188476299e+02 1.786515936599314402e+00
3.181640625000000000e+00 1.046296040846881548e+00 5.461852798846815858e+04 4.829627294188476299e+02 1.786515936599314402e+00
3.185546875000000000e+00 1.046296040846881548e+00 5.461852798846815858e+04 4.829627294188476299e+02 1.786515936599314402e+00
3.189453125000000000e+00 1.033842979682185748e+00 5.370183865241713647e+04 4.845119531552851413e+02 1.796690170175151424e+00
3.193359375000000000e+00 1.033842979682185748e+00 5.370183865241713647e+04 4.845119531552851413e+02 1.796690170175151424e+00
3.197265625000000000e+00 1.033842979682185748e+00 5.370183865241713647e+04 4.845119531552851413e+02 1.796690170175151424e+00
3.201171875000000000e+00 1.033842979682185748e+00 5.370183865241713647e+04 4.845119531552851413e+02 1.796690170175151424e+00
3.205078125000000000e+00 1.027937439738807468e+00 5.326471632444517309e+04 4.849591102035848849e+02 1.800547725423445211e+00
3.208984375000000000e+00 1.027937439738807468e+00 5.326471632444517309e+04 4.849591102035848849e+02 1.800547725423445211e+00
3.212890625000000000e+00 1.027937439738807468e+00 5.326471632444517309e+04 4.849591102035848849e+02 1.800547725423445211e+00
3.216796875000000000e+00 1.027937439738807468e+00 5.326471632444517309e+04 4.849591102035848849e+02 1.800547725423445211e+00
3.220703125000000000e+00 1.028291944684401882e+00 5.328251987051517062e+04 4.843480409893990668e+02 1.798288507217478571e+00
3.224609375000000000e+00 1.028291944684401882e+00 5.328251987051517062e+04 4.843480409893990668e+02 1.798288507217478571e+00
3.228515625000000000e+00 1.028291944684401882e+00 5.328251987051517062e+04 4.843480409893990668e+02 1.798288507217478571e+00
3.232421875000000000e+00 1.028291944684401882e+00 5.328251987051517062e+04 4.843480409893990668e+02 1.798288507217478571e+00
3.236328125000000000e+00 1.032553281041365789e+00 5.358269494459050475e+04 4.830860651030174608e+02 1.792274193468518018e+00
3.240234375000000000e+00 1.032553281041365789e+00 5.358269494459050475e+04 4.830860651030174608e+02 1.792274193468518018e+00
3.244140625000000000e+00 1.032553281041365789e+00 5.358269494459050475e+04 4.830860651030174608e+02 1.792274193468518018e+00
3.248046875000000000e+00 1.032553281041365789e+00 5.358269494459050475e+04 4.830860651030174608e+02 1.792274193468518018e+00
3.251953125000000000e+00 1.038341895852919139e+00 5.399258627430519846e+04 4.816639522197052656e+02 1.785185087874249676e+00
3.255859375000000000e+00 1.038341895852919139e+00 5.399258627430519846e+04 4.816639522197052656e+02 1.785185087874249676e+00
3.259765625000000000e+00 1.038341895852919139e+00 5.399258627430519846e+04 4.816639522197052656e+02 1.785185087874249676e+00
3.263671875000000000e+00 1.038341895852919139e+00 5.399258627430519846e+04 4.816639522197052656e+02 1.785185087874249676e+00
3.267578125000000000e+00 1.043943470903076376e+00 5.438880435920898890e+04 4.803464858330236211e+02 1.778583812397410258e+00
3.271484375000000000e+00 1.043943470903076376e+00 5.438880435920898890e+04 4.803464858330236211e+02 1.778583812397410258e+00
3.275390625000000000e+00 1.043943470903076376e+00 5.438880435920898890e+04 4.803464858330236211e+02 1.778583812397410258e+00
3.279296875000000000e+00 1.043943470903076376e+00 5.438880435920898890e+04 4.803464858330236211e+02 1.778583812397410258e+00
3.283203125000000000e+00 1.048928001970454549e+00 5.474198093277766748e+04 4.792285513237549708e+02 1.772928623887823241e+00
3.287109375000000000e+00 1.048928001970454549e+00 5.474198093277766748e+04 4.792285513237549708e+02 1.772928623887823241e+00
3.291015625000000000e+00 1.048928001970454549e+00 5.474198093277766748e+04 4.792285513237549708e+02 1.772928623887823241e+00
3.294921875000000000e+00 1.048928001970454549e+00 5.474198093277766748e+04 4.792285513237549708e+02 1.772928623887823241e+00
3.298828125000000000e+00 1.053565585502272306e+00 5.507178160119435051e+04 4.783004768646003413e+02 1.768084516133750395e+00
3.302734375000000000e+00 1.053565585502272306e+00 5.507178160119435051e+04 4.783004768646003413e+02 1.768084516133750395e+00
3.306640625000000000e+00 1.053565585502272306e+00 5.507178160119435051e+04 4.783004768646003413e+02 1.768084516133750395e+00
3.310546875000000000e+00 1.053565585502272306e+00 5.507178160119435051e+04 4.783004768646003413e+02 1.768084516133750395e+00
3.314453125000000000e+00 1.058145804789407451e+00 5.539734059184436046e+04 4.775270492062285257e+02 1.763852472064569854e+00
3.318359375000000000e+00 1.058145804789407451e+00 5.539734059184436046e+04 4.775270492062285257e+02 1.763852472064569854e+00
3.322265625000000000e+00 1.058145804789407451e+00 5.539734059184436046e+04 4.775270492062285257e+02 1.763852472064569854e+00
3.326171875000000000e+00 1.058145804789407451e+00 5.539734059184436046e+04 4.775270492062285257e+02 1.763852472064569854e+00
3.330078125000000000e+00 1.063057479300195451e+00 5.574577821330105508e+04 4.769079086886094956e+02 1.760122477348651904e+00
3.333984375000000000e+00 1.063057479300195451e+00 5.574577821330105508e+04 4.769079086886094956e+02 1.760122477348651904e+00
3.337890625000000000e+00 1.063057479300195451e+00 5.574577821330105508e+04 4.769079086886094956e+02 1.760122477348651904e+00
3.341796875000000000e+00 1.063057479300195451e+00 5.574577821330105508e+04 4.769079086886094956e+02 1.760122477348651904e+00
3.345703125000000000e+00 1.069091853620442345e+00 5.617613676278095227e+04 4.762428302523344996e+02 1.755884754556617633e+00
3.349609375000000000e+00 1.069091853620442345e+00 5.617613676278095227e+04 4.762428302523344996e+02 1.755884754556617633e+00
3.353515625000000000e+00 1.069091853620442345e+00 5.617613676278095227e+04 4.762428302523344996e+02 1.755884754556617633e+00
3.357421875000000000e+00 1.069091853620442345e+00 5.617613676278095227e+04 4.762428302523344996e+02 1.755884754556617633e+00
3.361328125000000000e+00 1.077968616804338309e+00 5.681872021328123083e+04 4.752724242383276305e+02 1.749588574549619135e+00
3.365234375000000000e+00 1.077968616804338309e+00 5.681872021328123083e+04 4.752724242383276305e+02 1.749588574549619135e+00
3.369140625000000000e+00 1.077968616804338309e+00 5.681872021328123083e+04 4.752724242383276305e+02 1.749588574549619135e+00
3.373046875000000000e+00 1.077968616804338309e+00 5.681872021328123083e+04 4.752724242383276305e+02 1.749588574549619135e+00
3.376953125000000000e+00 1.089130947423300633e+00 5.762868592996615916e+04 4.740455878577134854e+02 1.741713755824294552e+00
3.380859375000000000e+00 1.089130947423300633e+00 5.762868592996615916e+04 4.740455878577134854e+02 1.741713755824294552e+00
3.384765625000000000e+00 1.089130947423300633e+00 5.762868592996615916e+04 4.740455878577134854e+02 1.741713755824294552e+00
3.388671875000000000e+00 1.089130947423300633e+00 5.762868592996615916e+04 4.740455878577134854e+02 1.741713755824294552e+00
3.392578125000000000e+00 1.102550534136009119e+00 5.860926652635533537e+04 4.727355274766960633e+02 1.732887356421911162e+00
3.396484375000000000e+00 1.102550534136009119e+00 5.860926652635533537e+04 4.727355274766960633e+02 1.732887356421911162e+00
3.400390625000000000e+00 1.102550534136009119e+00 5.860926652635533537e+04 4.727355274766960633e+02 1.732887356421911162e+00
3.404296875000000000e+00 1.102550534136009119e+00 5.860926652635533537e+04 4.727355274766960633e+02 1.732887356421911162e+00
3.408203125000000000e+00 1.135655468040603244e+00 6.101484088390346005e+04 4.673076844943466881e+02 1.703901406855640621e+00
3.412109375000000000e+00 1.135655468040603244e+00 6.101484088390346005e+04 4.673076844943466881e+02 1.703901406855640621e+00
3.416015625000000000e+00 1.135655468040603244e+00 6.101484088390346005e+04 4.673076844943466881e+02 1.703901406855640621e+00
3.419921875000000000e+00 1.135655468040603244e+00 6.101484088390346005e+04 4.673076844943466881e+02 1.703901406855640621e+00
3.423828125000000000e+00 1.351380500501074833e+00 7.775893634895553987e+04 4.294810384670460621e+02 1.513190635893418401e+00
3.427734375000000000e+00 1.351380500501074833e+00 7.775893634895553987e+04 4.294810384670460621e+02 1.513190635893418401e+00
3.431640625000000000e+00 1.351380500501074833e+00 7.775893634895553987e+04 4.294810384670460621e+02 1.513190635893418401e+00
3.435546875000000000e+00 1.351380500501074833e+00 7.775893634895553987e+04 4.294810384670460621e+02 1.513190635893418401e+00
3.439453125000000000e+00 1.701987495728481292e+00 1.086515949940298160e+05 3.729943469380363013e+02 1.247666060444468483e+00
3.443359375000000000e+00 1.701987495728481292e+00 1.086515949940298160e+05 3.729943469380363013e+02 1.247666060444468483e+00
3.447265625000000000e+00 1.701987495728481292e+00 1.086515949940298160e+05 3.729943469380363013e+02 1.247666060444468483e+00
3.451171875000000000e+00 1.701987495728481292e+00 1.086515949940298160e+05 3.729943469380363013e+02 1.247666060444468483e+00
3.455078125000000000e+00 1.848634338078906980e+00 1.219583161112952512e+05 3.557356428020162298e+02 1.170531651589380218e+00
3.458984375000000000e+00 1.848634338078906980e+00 1.219583161112952512e+05 3.557356428020162298e+02 1.170531651589380218e+00
3.462890625000000000e+00 1.848634338078906980e+00 1.219583161112952512e+05 3.557356428020162298e+02 1.170531651589380218e+00
3.466796875000000000e+00 1.848634338078906980e+00 1.219583161112952512e+05 3.557356428020162298e+02 1.170531651589380218e+00
3.470703125000000000e+00 1.872209126622979891e+00 1.240735556757764862e+05 3.563176466459216840e+02 1.169798010280550082e+00
3.474609375000000000e+00 1.872209126622979891e+00 1.240735556757764862e+05 3.563176466459216840e+02 1.169798010280550082e+00
3.478515625000000000e+00 1.872209126622979891e+00 1.240735556757764862e+05 3.563176466459216840e+02 1.169798010280550082e+00
3.482421875000000000e+00 1.872209126622979891e+00 1.240735556757764862e+05 3.563176466459216840e+02 1.169798010280550082e+00
3.486328125000000000e+00 1.882086001096709094e+00 1.249318008463339647e+05 3.580547070349277874e+02 1.174542136586647301e+00
3.490234375000000000e+00 1.882086001096709094e+00 1.249318008463339647e+05 3.580547070349277874e+02 1.174542136586647301e+00
3.494140625000000000e+00 1.882086001096709094e+00 1.249318008463339647e+05 3.580547070349277874e+02 1.174542136586647301e+00
3.498046875000000000e+00 1.882086001096709094e+00 1.249318008463339647e+05 3.580547070349277874e+02 1.174542136586647301e+00
3.501953125000000000e+00 1.888665958230439257e+00 1.254634016600330942e+05 3.600124762049826472e+02 1.180517911329336256e+00
3.505859375000000000e+00 1.888665958230439257e+00 1.254634016600330942e+05 3.600124762049826472e+02 1.180517911329336256e+00
3.509765625000000000e+00 1.888665958230439257e+00 1.254634016600330942e+05 3.600124762049826472e+02 1.180517911329336256e+00
3.513671875000000000e+00 1.888665958230439257e+00 1.254634016600330942e+05 3.600124762049826472e+02 1.180517911329336256e+00
3.517578125000000000e+00 1.890990497872479636e+00 1.255526281114802696e+05 3.623609095273452567e+02 1.188527110556703459e+00
3.521484375000000000e+00 1.890990497872479636e+00 1.255526281114802696e+05 3.623609095273452567e+02 1.188527110556703459e+00
3.525390625000000000e+00 1.890990497872479636e+00 1.255526281114802696e+05 3.623609095273452567e+02 1.188527110556703459e+00
3.529296875000000000e+00 1.890990497872479636e+00 1.255526281114802696e+05 3.623609095273452567e+02 1.188527110556703459e+00
3.533203125000000000e+00 1.891437692788346059e+00 1.254068786056234239e+05 3.648558114866976325e+02 1.197547065500508490e+00
3.537109375000000000e+00 1.891437692788346059e+00 1.254068786056234239e+05 3.648558114866976325e+02 1.197547065500508490e+00
3.541015625000000000e+00 1.891437692788346059e+00 1.254068786056234239e+05 3.648558114866976325e+02 1.197547065500508490e+00
3.544921875000000000e+00 1.891437692788346059e+00 1.254068786056234239e+05 3.648558114866976325e+02 1.197547065500508490e+00
3.548828125000000000e+00 1.895592769231814634e+00 1.255937202359705843e+05 3.664729389031277833e+02 1.203279318764010952e+00
3.552734375000000000e+00 1.895592769231814634e+00 1.255937202359705843e+05 3.664729389031277833e+02 1.203279318764010952e+00
3.556640625000000000e+00 1.895592769231814634e+00 1.255937202359705843e+05 3.664729389031277833e+02 1.203279318764010952e+00
3.560546875000000000e+00 1.895592769231814634e+00 1.255937202359705843e+05 3.664729389031277833e+02 1.203279318764010952e+00
3.564453125000000000e+00 1.933281053199162214e+00 1.288795329991303588e+05 3.626339216236324319e+02 1.187025173535768197e+00
3.568359375000000000e+00 1.933281053199162214e+00 1.288795329991303588e+05 3.626339216236324319e+02 1.187025173535768197e+00
3.572265625000000000e+00 1.933281053199162214e+00 1.288795329991303588e+05 3.626339216236324319e+02 1.187025173535768197e+00
3.576171875000000000e+00 1.933281053199162214e+00 1.288795329991303588e+05 3.626339216236324319e+02 1.187025173535768197e+00
3.580078125000000000e+00 2.063105403729597942e+00 1.410868382054941612e+05 3.441951811299676933e+02 1.112392944751168233e+00
3.583984375000000000e+00 2.063105403729597942e+00 1.410868382054941612e+05 3.441951811299676933e+02 1.112392944751168233e+00
3.587890625000000000e+00 2.063105403729597942e+00 1.410868382054941612e+05 3.441951811299676933e+02 1.112392944751168233e+00
3.591796875000000000e+00 2.063105403729597942e+00 1.410868382054941612e+05 3.441951811299676933e+02 1.112392944751168233e+00
3.595703125000000000e+00 2.192195699872626857e+00 1.535939019413647475e+05 3.261172123641580356e+02 1.041267653691873685e+00
3.599609375000000000e+00 2.192195699872626857e+00 1.535939019413647475e+05 3.261172123641580356e+02 1.041267653691873685e+00
3.603515625000000000e+00 2.192195699872626857e+00 1.535939019413647475e+05 3.261172123641580356e+02 1.041267653691873685e+00
3.607421875000000000e+00 2.192195699872626857e+00 1.535939019413647475e+05 3.261172123641580356e+02 1.041267653691873685e+00
3.611328125000000000e+00 2.235036300155959665e+00 1.576268884467616153e+05 3.207568671058110112e+02 1.020796293246263975e+00
3.615234375000000000e+00 2.235036300155959665e+00 1.576268884467616153e+05 3.207568671058110112e+02 1.020796293246263975e+00
3.619140625000000000e+00 2.235036300155959665e+00 1.576268884467616153e+05 3.207568671058110112e+02 1.020796293246263975e+00
3.623046875000000000e+00 2.235036300155959665e+00 1.576268884467616153e+05 3.207568671058110112e+02 1.020796293246263975e+00
3.626953125000000000e+00 2.239707844421362282e+00 1.579587319368710159e+05 3.204186673563824570e+02 1.019712300746128619e+00
3.630859375000000000e+00 2.239707844421362282e+00 1.579587319368710159e+05 3.204186673563824570e+02 1.019712300746128619e+00
3.634765625000000000e+00 2.239707844421362282e+00 1.579587319368710159e+05 3.204186673563824570e+02 1.019712300746128619e+00
3.638671875000000000e+00 2.239707844421362282e+00 1.579587319368710159e+05 3.204186673563824570e+02 1.019712300746128619e+00
3.642578125000000000e+00 2.237321487875664872e+00 1.577054843207059894e+05 3.206825346839132180e+02 1.020826859332183201e+00
3.646484375000000000e+00 2.237321487875664872e+00 1.577054843207059894e+05 3.206825346839132180e+02 1.020826859332183201e+00
3.650390625000000000e+00 2.237321487875664872e+00 1.577054843207059894e+05 3.206825346839132180e+02 1.020826859332183201e+00
3.654296875000000000e+00 2.237321487875664872e+00 1.577054843207059894e+05 3.206825346839132180e+02 1.020826859332183201e+00
3.658203125000000000e+00 2.231333958421033881e+00 1.571867693430739746e+05 3.212818116042988095e+02 1.023048953901663172e+00
3.662109375000000000e+00 2.231333958421033881e+00 1.571867693430739746e+05 3.212818116042988095e+02 1.023048953901663172e+00
3.666015625000000000e+00 2.231333958421033881e+00 1.571867693430739746e+05 3.212818116042988095e+02 1.023048953901663172e+00
3.669921875000000000e+00 2.231333958421033881e+00 1.571867693430739746e+05 3.212818116042988095e+02 1.023048953901663172e+00
3.673828125000000000e+00 2.222710193435952775e+00 1.564469640493568731e+05 3.221891383118360750e+02 1.026371840363178078e+00
3.677734375000000000e+00 2.222710193435952775e+00 1.564469640493568731e+05 3.221891383118360750e+02 1.026371840363178078e+00
3.681640625000000000e+00 2.222710193435952775e+00 1.564469640493568731e+05 3.221891383118360750e+02 1.026371840363178078e+00
3.685546875000000000e+00 2.222710193435952775e+00 1.564469640493568731e+05 3.221891383118360750e+02 1.026371840363178078e+00
3.689453125000000000e+00 2.212425670915425524e+00 1.555284658363526687e+05 3.234158546808217807e+02 1.030924092092611710e+00
3.693359375000000000e+00 2.212425670915425524e+00 1.555284658363526687e+05 3.234158546808217807e+02 1.030924092092611710e+00
3.697265625000000000e+00 2.212425670915425524e+00 1.555284658363526687e+05 3.234158546808217807e+02 1.030924092092611710e+00
3.701171875000000000e+00 2.212425670915425524e+00 1.555284658363526687e+05 3.234158546808217807e+02 1.030924092092611710e+00
3.705078125000000000e+00 2.201320029978649728e+00 1.544747512914916733e+05 3.248774702185704655e+02 1.036497877665823797e+00
3.708984375000000000e+00 2.201320029978649728e+00 1.544747512914916733e+05 3.248774702185704655e+02 1.036497877665823797e+00
3.712890625000000000e+00 2.201320029978649728e+00 1.544747512914916733e+05 3.248774702185704655e+02 1.036497877665823797e+00
3.716796875000000000e+00 2.201320029978649728e+00 1.544747512914916733e+05 3.248774702185704655e+02 1.036497877665823797e+00
3.720703125000000000e+00 2.189428049870566273e+00 1.533037151016178832e+05 3.264635337948135998e+02 1.042700684417897650e+00
3.724609375000000000e+00 2.189428049870566273e+00 1.533037151016178832e+05 3.264635337948135998e+02 1.042700684417897650e+00
3.728515625000000000e+00 2.189428049870566273e+00 1.533037151016178832e+05 3.264635337948135998e+02 1.042700684417897650e+00
3.732421875000000000e+00 2.189428049870566273e+00 1.533037151016178832e+05 3.264635337948135998e+02 1.042700684417897650e+00
3.736328125000000000e+00 2.176240875643359107e+00 1.519983738135990279e+05 3.280835807503004276e+02 1.049190837451690506e+00
3.740234375000000000e+00 2.176240875643359107e+00 1.519983738135990279e+05 3.280835807503004276e+02 1.049190837451690506e+00
3.744140625000000000e+00 2.176240875643359107e+00 1.519983738135990279e+05 3.280835807503004276e+02 1.049190837451690506e+00
3.748046875000000000e+00 2.176240875643359107e+00 1.519983738135990279e+05 3.280835807503004276e+02 1.049190837451690506e+00
3.751953125000000000e+00 2.161280961633500919e+00 1.505251634478013730e+05 3.297359228998097365e+02 1.055974196570062640e+00
3.755859375000000000e+00 2.161280961633500919e+00 1.505251634478013730e+05 3.297359228998097365e+02 1.055974196570062640e+00
3.759765625000000000e+00 2.161280961633500919e+00 1.505251634478013730e+05 3.297359228998097365e+02 1.055974196570062640e+00
3.763671875000000000e+00 2.161280961633500919e+00 1.505251634478013730e+05 3.297359228998097365e+02 1.055974196570062640e+00
3.767578125000000000e+00 2.144383444585022058e+00 1.488697811676594720e+05 3.315468350149989192e+02 1.063478750032895492e+00
3.771484375000000000e+00 2.144383444585022058e+00 1.488697811676594720e+05 3.315468350149989192e+02 1.063478750032895492e+00
3.775390625000000000e+00 2.144383444585022058e+00 1.488697811676594720e+05 3.315468350149989192e+02 1.063478750032895492e+00
3.779296875000000000e+00 2.144383444585022058e+00 1.488697811676594720e+05 3.315468350149989192e+02 1.063478750032895492e+00
3.783203125000000000e+00 2.125484544661850439e+00 1.470213172097016650e+05 3.336946236478825085e+02 1.072319028453945222e+00
3.787109375000000000e+00 2.125484544661850439e+00 1.470213172097016650e+05 3.336946236478825085e+02 1.072319028453945222e+00
3.791015625000000000e+00 2.125484544661850439e+00 1.470213172097016650e+05 3.336946236478825085e+02 1.072319028453945222e+00
3.794921875000000000e+00 2.125484544661850439e+00 1.470213172097016650e+05 3.336946236478825085e+02 1.072319028453945222e+00
3.798828125000000000e+00 2.104219839646205514e+00 1.449494869708048645e+05 3.362856379723957616e+02 1.082882951332613919e+00
3.802734375000000000e+00 2.104219839646205514e+00 1.449494869708048645e+05 3.362856379723957616e+02 1.082882951332613919e+00
3.806640625000000000e+00 2.104219839646205514e+00 1.449494869708048645e+05 3.362856379723957616e+02 1.082882951332613919e+00
3.810546875000000000e+00 2.104219839646205514e+00 1.449494869708048645e+05 3.362856379723957616e+02 1.082882951332613919e+00
3.814453125000000000e+00 2.080513051975900751e+00 1.426652415641883854e+05 3.393060876483775132e+02 1.095099972460458648e+00
3.818359375000000000e+00 2.080513051975900751e+00 1.426652415641883854e+05 3.393060876483775132e+02 1.095099972460458648e+00
3.822265625000000000e+00 2.080513051975900751e+00 1.426652415641883854e+05 3.393060876483775132e+02 1.095099972460458648e+00
3.826171875000000000e+00 2.080513051975900751e+00 1.426652415641883854e+05 3.393060876483775132e+02 1.095099972460458648e+00
3.830078125000000000e+00 2.054933924066526529e+00 1.402472637316791515e+05 3.427152768140890089e+02 1.108718204784249206e+00
3.833984375000000000e+00 2.054933924066526529e+00 1.402472637316791515e+05 3.427152768140890089e+02 1.108718204784249206e+00
3.837890625000000000e+00 2.054933924066526529e+00 1.402472637316791515e+05 3.427152768140890089e+02 1.108718204784249206e+00
3.841796875000000000e+00 2.054933924066526529e+00 1.402472637316791515e+05 3.427152768140890089e+02 1.108718204784249206e+00
3.845703125000000000e+00 2.027494000962152043e+00 1.377008701370462659e+05 3.465291065409221005e+02 1.123795134915361427e+00
3.849609375000000000e+00 2.027494000962152043e+00 1.377008701370462659e+05 3.465291065409221005e+02 1.123795134915361427e+00
3.853515625000000000e+00 2.027494000962152043e+00 1.377008701370462659e+05 3.465291065409221005e+02 1.123795134915361427e+00
3.857421875000000000e+00 2.027494000962152043e+00 1.377008701370462659e+05 3.465291065409221005e+02 1.123795134915361427e+00
3.861328125000000000e+00 1.998005272894430862e+00 1.349849222500137694e+05 3.507283963743026334e+02 1.140414147479162033e+00
3.865234375000000000e+00 1.998005272894430862e+00 1.349849222500137694e+05 3.507283963743026334e+02 1.140414147479162033e+00
3.869140625000000000e+00 1.998005272894430862e+00 1.349849222500137694e+05 3.507283963743026334e+02 1.140414147479162033e+00
3.873046875000000000e+00 1.998005272894430862e+00 1.349849222500137694e+05 3.507283963743026334e+02 1.140414147479162033e+00
3.876953125000000000e+00 1.966279570509751773e+00 1.320601390516874089e+05 3.552747124007311186e+02 1.158609371706786018e+00
3.880859375000000000e+00 1.966279570509751773e+00 1.320601390516874089e+05 3.552747124007311186e+02 1.158609371706786018e+00
3.884765625000000000e+00 1.966279570509751773e+00 1.320601390516874089e+05 3.552747124007311186e+02 1.158609371706786018e+00
3.888671875000000000e+00 1.966279570509751773e+00 1.320601390516874089e+05 3.552747124007311186e+02 1.158609371706786018e+00
3.892578125000000000e+00 1.932295448919718162e+00 1.289198817836427334e+05 3.601244344084852287e+02 1.178325801896240588e+00
3.896484375000000000e+00 1.932295448919718162e+00 1.289198817836427334e+05 3.601244344084852287e+02 1.178325801896240588e+00
3.900390625000000000e+00 1.932295448919718162e+00 1.289198817836427334e+05 3.601244344084852287e+02 1.178325801896240588e+00
3.904296875000000000e+00 1.932295448919718162e+00 1.289198817836427334e+05 3.601244344084852287e+02 1.178325801896240588e+00
3.908203125000000000e+00 1.896433339927623862e+00 1.256082308357373549e+05 3.652137646948703491e+02 1.199341498957059216e+00
3.912109375000000000e+00 1.896433339927623862e+00 1.256082308357373549e+05 3.652137646948703491e+02 1.199341498957059216e+00
3.916015625000000000e+00 1.896433339927623862e+00 1.256082308357373549e+05 3.652137646948703491e+02 1.199341498957059216e+00
3.919921875000000000e+00 1.896433339927623862e+00 1.256082308357373549e+05 3.652137646948703491e+02 1.199341498957059216e+00
3.923828125000000000e+00 1.859432432300075044e+00 1.222075031924737123e+05 3.704585823648880591e+02 1.221284676118618462e+00
3.927734375000000000e+00 1.859432432300075044e+00 1.222075031924737123e+05 3.704585823648880591e+02 1.221284676118618462e+00
3.931640625000000000e+00 1.859432432300075044e+00 1.222075031924737123e+05 3.704585823648880591e+02 1.221284676118618462e+00
3.935546875000000000e+00 1.859432432300075044e+00 1.222075031924737123e+05 3.704585823648880591e+02 1.221284676118618462e+00
3.939453125000000000e+00 1.821954461329246211e+00 1.187945981361977028e+05 3.757533515702630780e+02 1.243681739305803280e+00
3.943359375000000000e+00 1.821954461329246211e+00 1.187945981361977028e+05 3.757533515702630780e+02 1.243681739305803280e+00
3.947265625000000000e+00 1.821954461329246211e+00 1.187945981361977028e+05 3.757533515702630780e+02 1.243681739305803280e+00
3.951171875000000000e+00 1.821954461329246211e+00 1.187945981361977028e+05 3.757533515702630780e+02 1.243681739305803280e+00
3.955078125000000000e+00 1.784364911733496539e+00 1.154075867667341809e+05 3.810145643303155225e+02 1.266199729768701099e+00
3.958984375000000000e+00 1.784364911733496539e+00 1.154075867667341809e+05 3.810145643303155225e+02 1.266199729768701099e+00
3.962890625000000000e+00 1.784364911733496539e+00 1.154075867667341809e+05 3.810145643303155225e+02 1.266199729768701099e+00
3.966796875000000000e+00 1.784364911733496539e+00 1.154075867667341809e+05 3.810145643303155225e+02 1.266199729768701099e+00
3.970703125000000000e+00 1.746478218634589741e+00 1.120268581719588983e+05 3.862144907268872771e+02 1.288798599021713898e+00
3.974609375000000000e+00 1.746478218634589741e+00 1.120268581719588983e+05 3.862144907268872771e+02 1.288798599021713898e+00
3.978515625000000000e+00 1.746478218634589741e+00 1.120268581719588983e+05 3.862144907268872771e+02 1.288798599021713898e+00
3.982421875000000000e+00 1.746478218634589741e+00 1.120268581719588983e+05 3.862144907268872771e+02 1.288798599021713898e+00
3.986328125000000000e+00 1.708278396510680031e+00 1.086467756797396869e+05 3.913560561304261682e+02 1.311532159424452670e+00
3.990234375000000000e+00 1.708278396510680031e+00 1.086467756797396869e+05 3.913560561304261682e+02 1.311532159424452670e+00
3.994140625000000000e+00 1.708278396510680031e+00 1.086467756797396869e+05 3.913560561304261682e+02 1.311532159424452670e+00
3.998046875000000000e+00 1.708278396510680031e+00 1.086467756797396869e+05 3.913560561304261682e+02 1.311532159424452670e+00
4.001953125000000000e+00 1.670129682244707370e+00 1.052962616445781459e+05 3.964486782730114669e+02 1.334417034831939741e+00
4.005859375000000000e+00 1.670129682244707370e+00 1.052962616445781459e+05 3.964486782730114669e+02 1.334417034831939741e+00
4.009765625000000000e+00 1.670129682244707370e+00 1.052962616445781459e+05 3.964486782730114669e+02 1.334417034831939741e+00
4.013671875000000000e+00 1.670129682244707370e+00 1.052962616445781459e+05 3.964486782730114669e+02 1.334417034831939741e+00
4.017578125000000000e+00 1.632705331684995764e+00 1.020323030473659746e+05 4.014771268944706435e+02 1.357318756007093175e+00
4.021484375000000000e+00 1.632705331684995764e+00 1.020323030473659746e+05 4.014771268944706435e+02 1.357318756007093175e+00
4.025390625000000000e+00 1.632705331684995764e+00 1.020323030473659746e+05 4.014771268944706435e+02 1.357318756007093175e+00
4.029296875000000000e+00 1.632705331684995764e+00 1.020323030473659746e+05 4.014771268944706435e+02 1.357318756007093175e+00
4.033203125000000000e+00 1.596593840355516436e+00 9.890476354956942669e+04 4.063825856477580487e+02 1.379938373102593818e+00
4.037109375000000000e+00 1.596593840355516436e+00 9.890476354956942669e+04 4.063825856477580487e+02 1.379938373102593818e+00
4.041015625000000000e+00 1.596593840355516436e+00 9.890476354956942669e+04 4.063825856477580487e+02 1.379938373102593818e+00
4.044921875000000000e+00 1.596593840355516436e+00 9.890476354956942669e+04 4.063825856477580487e+02 1.379938373102593818e+00
4.048828125000000000e+00 1.561945953758282490e+00 9.592562719990954793e+04 4.110767375196608668e+02 1.401924290886409352e+00
4.052734375000000000e+00 1.561945953758282490e+00 9.592562719990954793e+04 4.110767375196608668e+02 1.401924290886409352e+00
4.056640625000000000e+00 1.561945953758282490e+00 9.592562719990954793e+04 4.110767375196608668e+02 1.401924290886409352e+00
4.060546875000000000e+00 1.561945953758282490e+00 9.592562719990954793e+04 4.110767375196608668e+02 1.401924290886409352e+00
4.064453125000000000e+00 1.528504316511218430e+00 9.307193430743481440e+04 4.154839441486142277e+02 1.423030448125402359e+00
4.068359375000000000e+00 1.528504316511218430e+00 9.307193430743481440e+04 4.154839441486142277e+02 1.423030448125402359e+00
4.072265625000000000e+00 1.528504316511218430e+00 9.307193430743481440e+04 4.154839441486142277e+02 1.423030448125402359e+00
4.076171875000000000e+00 1.528504316511218430e+00 9.307193430743481440e+04 4.154839441486142277e+02 1.423030448125402359e+00
4.080078125000000000e+00 1.496002214775649319e+00 9.031997206723246200e+04 4.195783244457595060e+02 1.443189124258025036e+00
4.083984375000000000e+00 1.496002214775649319e+00 9.031997206723246200e+04 4.195783244457595060e+02 1.443189124258025036e+00
4.087890625000000000e+00 1.496002214775649319e+00 9.031997206723246200e+04 4.195783244457595060e+02 1.443189124258025036e+00
4.091796875000000000e+00 1.496002214775649319e+00 9.031997206723246200e+04 4.195783244457595060e+02 1.443189124258025036e+00
4.095703125000000000e+00 1.464555700923544146e+00 8.767800318748038262e+04 4.233840820293476099e+02 1.462440243868392109e+00
4.099609375000000000e+00 1.464555700923544146e+00 8.767800318748038262e+04 4.233840820293476099e+02 1.462440243868392109e+00
4.103515625000000000e+00 1.464555700923544146e+00 8.767800318748038262e+04 4.233840820293476099e+02 1.462440243868392109e+00
4.107421875000000000e+00 1.464555700923544146e+00 8.767800318748038262e+04 4.233840820293476099e+02 1.462440243868392109e+00
4.111328125000000000e+00 1.434673311960985576e+00 8.518633541802190302e+04 4.269374946651716414e+02 1.480784368316429012e+00
4.115234375000000000e+00 1.434673311960985576e+00 8.518633541802190302e+04 4.269374946651716414e+02 1.480784368316429012e+00
4.119140625000000000e+00 1.434673311960985576e+00 8.518633541802190302e+04 4.269374946651716414e+02 1.480784368316429012e+00
4.123046875000000000e+00 1.434673311960985576e+00 8.518633541802190302e+04 4.269374946651716414e+02 1.480784368316429012e+00
4.126953125000000000e+00 1.406876620640179931e+00 8.288548938753179391e+04 4.302439548563768312e+02 1.498095544684593383e+00
4.130859375000000000e+00 1.406876620640179931e+00 8.288548938753179391e+04 4.302439548563768312e+02 1.498095544684593383e+00
4.134765625000000000e+00 1.406876620640179931e+00 8.288548938753179391e+04 4.302439548563768312e+02 1.498095544684593383e+00
4.138671875000000000e+00 1.406876620640179931e+00 8.288548938753179391e+04 4.302439548563768312e+02 1.498095544684593383e+00
4.142578125000000000e+00 1.381317665944659989e+00 8.078513830411634990e+04 4.332607583493971788e+02 1.514141226212230462e+00
4.146484375000000000e+00 1.381317665944659989e+00 8.078513830411634990e+04 4.332607583493971788e+02 1.514141226212230462e+00
4.150390625000000000e+00 1.381317665944659989e+00 8.078513830411634990e+04 4.332607583493971788e+02 1.514141226212230462e+00
4.154296875000000000e+00 1.381317665944659989e+00 8.078513830411634990e+04 4.332607583493971788e+02 1.514141226212230462e+00
4.158203125000000000e+00 1.357754902899387606e+00 7.886300715439609485e+04 4.359215509844719918e+02 1.528686201424265700e+00
4.162109375000000000e+00 1.357754902899387606e+00 7.886300715439609485e+04 4.359215509844719918e+02 1.528686201424265700e+00
4.166015625000000000e+00 1.357754902899387606e+00 7.886300715439609485e+04 4.359215509844719918e+02 1.528686201424265700e+00
4.169921875000000000e+00 1.357754902899387606e+00 7.886300715439609485e+04 4.359215509844719918e+02 1.528686201424265700e+00
4.173828125000000000e+00 1.335789654163119122e+00 7.708484226002829382e+04 4.381860926284275024e+02 1.541626316810633224e+00
4.177734375000000000e+00 1.335789654163119122e+00 7.708484226002829382e+04 4.381860926284275024e+02 1.541626316810633224e+00
4.181640625000000000e+00 1.335789654163119122e+00 7.708484226002829382e+04 4.381860926284275024e+02 1.541626316810633224e+00
4.185546875000000000e+00 1.335789654163119122e+00 7.708484226002829382e+04 4.381860926284275024e+02 1.541626316810633224e+00
4.189453125000000000e+00 1.315119042291964302e+00 7.542541511592027382e+04 4.400666859224466521e+02 1.553023950565104672e+00
4.193359375000000000e+00 1.315119042291964302e+00 7.542541511592027382e+04 4.400666859224466521e+02 1.553023950565104672e+00
4.197265625000000000e+00 1.315119042291964302e+00 7.542541511592027382e+04 4.400666859224466521e+02 1.553023950565104672e+00
4.201171875000000000e+00 1.315119042291964302e+00 7.542541511592027382e+04 4.400666859224466521e+02 1.553023950565104672e+00
4.205078125000000000e+00 1.295685259996253391e+00 7.388030475485784700e+04 4.416128411112149479e+02 1.563014818075376011e+00
4.208984375000000000e+00 1.295685259996253391e+00 7.388030475485784700e+04 4.416128411112149479e+02 1.563014818075376011e+00
4.212890625000000000e+00 1.295685259996253391e+00 7.388030475485784700e+04 4.416128411112149479e+02 1.563014818075376011e+00
4.216796875000000000e+00 1.295685259996253391e+00 7.388030475485784700e+04 4.416128411112149479e+02 1.563014818075376011e+00
4.220703125000000000e+00 1.277641155045630805e+00 7.246170460807137715e+04 4.428718433447012899e+02 1.571680356546450552e+00
4.224609375000000000e+00 1.277641155045630805e+00 7.246170460807137715e+04 4.428718433447012899e+02 1.571680356546450552e+00
4.228515625000000000e+00 1.277641155045630805e+00 7.246170460807137715e+04 4.428718433447012899e+02 1.571680356546450552e+00
4.232421875000000000e+00 1.277641155045630805e+00 7.246170460807137715e+04 4.428718433447012899e+02 1.571680356546450552e+00
4.236328125000000000e+00 1.261255718748666155e+00 7.118953274707800301e+04 4.438488396879949960e+02 1.578936171564925939e+00
4.240234375000000000e+00 1.261255718748666155e+00 7.118953274707800301e+04 4.438488396879949960e+02 1.578936171564925939e+00
4.244140625000000000e+00 1.261255718748666155e+00 7.118953274707800301e+04 4.438488396879949960e+02 1.578936171564925939e+00
4.248046875000000000e+00 1.261255718748666155e+00 7.118953274707800301e+04 4.438488396879949960e+02 1.578936171564925939e+00
4.251953125000000000e+00 1.246885153923402267e+00 7.008905635201453697e+04 4.444907684194992612e+02 1.584480316013186174e+00
4.255859375000000000e+00 1.246885153923402267e+00 7.008905635201453697e+04 4.444907684194992612e+02 1.584480316013186174e+00
4.259765625000000000e+00 1.246885153923402267e+00 7.008905635201453697e+04 4.444907684194992612e+02 1.584480316013186174e+00
4.263671875000000000e+00 1.246885153923402267e+00 7.008905635201453697e+04 4.444907684194992612e+02 1.584480316013186174e+00
4.267578125000000000e+00 1.234933987387643262e+00 6.918850054002330580e+04 4.447093886110923222e+02 1.587878223570621028e+00
4.271484375000000000e+00 1.234933987387643262e+00 6.918850054002330580e+04 4.447093886110923222e+02 1.587878223570621028e+00
4.275390625000000000e+00 1.234933987387643262e+00 6.918850054002330580e+04 4.447093886110923222e+02 1.587878223570621028e+00
4.279296875000000000e+00 1.234933987387643262e+00 6.918850054002330580e+04 4.447093886110923222e+02 1.587878223570621028e+00
4.283203125000000000e+00 1.225749839347123782e+00 6.851111710283475986e+04 4.444270557432329269e+02 1.588754779849872234e+00
4.287109375000000000e+00 1.225749839347123782e+00 6.851111710283475986e+04 4.444270557432329269e+02 1.588754779849872234e+00
4.291015625000000000e+00 1.225749839347123782e+00 6.851111710283475986e+04 4.444270557432329269e+02 1.588754779849872234e+00
4.294921875000000000e+00 1.225749839347123782e+00 6.851111710283475986e+04 4.444270557432329269e+02 1.588754779849872234e+00
4.298828125000000000e+00 1.219548465657088077e+00 6.806965585648645356e+04 4.436045472042990809e+02 1.586918876165191339e+00
4.302734375000000000e+00 1.219548465657088077e+00 6.806965585648645356e+04 4.436045472042990809e+02 1.586918876165191339e+00
4.306640625000000000e+00 1.219548465657088077e+00 6.806965585648645356e+04 4.436045472042990809e+02 1.586918876165191339e+00
4.310546875000000000e+00 1.219548465657088077e+00 6.806965585648645356e+04 4.436045472042990809e+02 1.586918876165191339e+00
4.314453125000000000e+00 1.216485076100946694e+00 6.787286093921812426e+04 4.422265533957190655e+02 1.582290108392362615e+00
4.318359375000000000e+00 1.216485076100946694e+00 6.787286093921812426e+04 4.422265533957190655e+02 1.582290108392362615e+00
4.322265625000000000e+00 1.216485076100946694e+00 6.787286093921812426e+04 4.422265533957190655e+02 1.582290108392362615e+00
4.326171875000000000e+00 1.216485076100946694e+00 6.787286093921812426e+04 4.422265533957190655e+02 1.582290108392362615e+00
4.330078125000000000e+00 1.216818008243249594e+00 6.793895918592360977e+04 4.402643099414659105e+02 1.574718147715230776e+00
4.333984375000000000e+00 1.216818008243249594e+00 6.793895918592360977e+04 4.402643099414659105e+02 1.574718147715230776e+00
4.337890625000000000e+00 1.216818008243249594e+00 6.793895918592360977e+04 4.402643099414659105e+02 1.574718147715230776e+00
4.341796875000000000e+00 1.216818008243249594e+00 6.793895918592360977e+04 4.402643099414659105e+02 1.574718147715230776e+00
4.345703125000000000e+00 1.220980736323843407e+00 6.830142803226194519e+04 4.376713656195352087e+02 1.563952758137699073e+00
4.349609375000000000e+00 1.220980736323843407e+00 6.830142803226194519e+04 4.376713656195352087e+02 1.563952758137699073e+00
4.353515625000000000e+00 1.220980736323843407e+00 6.830142803226194519e+04 4.376713656195352087e+02 1.563952758137699073e+00
4.357421875000000000e+00 1.220980736323843407e+00 6.830142803226194519e+04 4.376713656195352087e+02 1.563952758137699073e+00
4.361328125000000000e+00 1.229390186905005677e+00 6.899384014592379390e+04 4.344407851674748713e+02 1.549909299791021322e+00
4.365234375000000000e+00 1.229390186905005677e+00 6.899384014592379390e+04 4.344407851674748713e+02 1.549909299791021322e+00
4.369140625000000000e+00 1.229390186905005677e+00 6.899384014592379390e+04 4.344407851674748713e+02 1.549909299791021322e+00
4.373046875000000000e+00 1.229390186905005677e+00 6.899384014592379390e+04 4.344407851674748713e+02 1.549909299791021322e+00
4.376953125000000000e+00 1.242066690738635737e+00 7.001836898269371886e+04 4.306756418648690214e+02 1.533037415369790102e+00
4.380859375000000000e+00 1.242066690738635737e+00 7.001836898269371886e+04 4.306756418648690214e+02 1.533037415369790102e+00
4.384765625000000000e+00 1.242066690738635737e+00 7.001836898269371886e+04 4.306756418648690214e+02 1.533037415369790102e+00
4.388671875000000000e+00 1.242066690738635737e+00 7.001836898269371886e+04 4.306756418648690214e+02 1.533037415369790102e+00
4.392578125000000000e+00 1.258399664391005812e+00 7.132475962988969695e+04 4.266129940968581877e+02 1.514464857163626776e+00
4.396484375000000000e+00 1.258399664391005812e+00 7.132475962988969695e+04 4.266129940968581877e+02 1.514464857163626776e+00
4.400390625000000000e+00 1.258399664391005812e+00 7.132475962988969695e+04 4.266129940968581877e+02 1.514464857163626776e+00
4.404296875000000000e+00 1.258399664391005812e+00 7.132475962988969695e+04 4.266129940968581877e+02 1.514464857163626776e+00
4.408203125000000000e+00 1.277109163828706651e+00 7.280801681411176105e+04 4.225604963338466860e+02 1.495716504454127627e+00
4.412109375000000000e+00 1.277109163828706651e+00 7.280801681411176105e+04 4.225604963338466860e+02 1.495716504454127627e+00
4.416015625000000000e+00 1.277109163828706651e+00 7.280801681411176105e+04 4.225604963338466860e+02 1.495716504454127627e+00
4.419921875000000000e+00 1.277109163828706651e+00 7.280801681411176105e+04 4.225604963338466860e+02 1.495716504454127627e+00
4.423828125000000000e+00 1.296609151502309709e+00 7.434089885161476559e+04 4.188250533005523835e+02 1.478288750294393550e+00
4.427734375000000000e+00 1.296609151502309709e+00 7.434089885161476559e+04 4.188250533005523835e+02 1.478288750294393550e+00
4.431640625000000000e+00 1.296609151502309709e+00 7.434089885161476559e+04 4.188250533005523835e+02 1.478288750294393550e+00
4.435546875000000000e+00 1.296609151502309709e+00 7.434089885161476559e+04 4.188250533005523835e+02 1.478288750294393550e+00
4.439453125000000000e+00 1.315438443663851764e+00 7.581029170336268726e+04 4.155938474220952230e+02 1.463107622085925152e+00
4.443359375000000000e+00 1.315438443663851764e+00 7.581029170336268726e+04 4.155938474220952230e+02 1.463107622085925152e+00
4.447265625000000000e+00 1.315438443663851764e+00 7.581029170336268726e+04 4.155938474220952230e+02 1.463107622085925152e+00
4.451171875000000000e+00 1.315438443663851764e+00 7.581029170336268726e+04 4.155938474220952230e+02 1.463107622085925152e+00
4.455078125000000000e+00 1.332930473874513799e+00 7.716894685451002442e+04 4.129993690148612018e+02 1.450667335306536909e+00
4.458984375000000000e+00 1.332930473874513799e+00 7.716894685451002442e+04 4.129993690148612018e+02 1.450667335306536909e+00
4.462890625000000000e+00 1.332930473874513799e+00 7.716894685451002442e+04 4.129993690148612018e+02 1.450667335306536909e+00
4.466796875000000000e+00 1.332930473874513799e+00 7.716894685451002442e+04 4.129993690148612018e+02 1.450667335306536909e+00
4.470703125000000000e+00 1.348089228408064333e+00 7.833374182073085103e+04 4.109934917506271290e+02 1.440972889335541574e+00
4.474609375000000000e+00 1.348089228408064333e+00 7.833374182073085103e+04 4.109934917506271290e+02 1.440972889335541574e+00
4.478515625000000000e+00 1.348089228408064333e+00 7.833374182073085103e+04 4.109934917506271290e+02 1.440972889335541574e+00
4.482421875000000000e+00 1.348089228408064333e+00 7.833374182073085103e+04 4.109934917506271290e+02 1.440972889335541574e+00
4.486328125000000000e+00 1.362581808391753135e+00 7.945423753803357249e+04 4.096005657383054199e+02 1.433571277324139137e+00
4.490234375000000000e+00 1.362581808391753135e+00 7.945423753803357249e+04 4.096005657383054199e+02 1.433571277324139137e+00
4.494140625000000000e+00 1.362581808391753135e+00 7.945423753803357249e+04 4.096005657383054199e+02 1.433571277324139137e+00
4.498046875000000000e+00 1.362581808391753135e+00 7.945423753803357249e+04 4.096005657383054199e+02 1.433571277324139137e+00
4.501953125000000000e+00 1.385197958180620414e+00 8.113295684026709932e+04 4.064061515466542573e+02 1.419232424108114010e+00
4.505859375000000000e+00 1.385197958180620414e+00 8.113295684026709932e+04 4.064061515466542573e+02 1.419232424108114010e+00
4.509765625000000000e+00 1.385197958180620414e+00 8.113295684026709932e+04 4.064061515466542573e+02 1.419232424108114010e+00
4.513671875000000000e+00 1.385197958180620414e+00 8.113295684026709932e+04 4.064061515466542573e+02 1.419232424108114010e+00
4.517578125000000000e+00 1.385197958180620414e+00 8.113295684026709932e+04 4.064061515466542573e+02 1.419232424108114010e+00
4.521484375000000000e+00 1.385197958180620414e+00 8.113295684026709932e+04 4.064061515466542573e+02 1.419232424108114010e+00
4.525390625000000000e+00 1.385197958180620414e+00 8.113295684026709932e+04 4.064061515466542573e+02 1.419232424108114010e+00
4.529296875000000000e+00 1.385197958180620414e+00 8.113295684026709932e+04 4.064061515466542573e+02 1.419232424108114010e+00
4.533203125000000000e+00 1.402817131782902793e+00 8.245216349556551722e+04 4.052873332782327793e+02 1.412858001264586161e+00
4.537109375000000000e+00 1.402817131782902793e+00 8.245216349556551722e+04 4.052873332782327793e+02 1.412858001264586161e+00
4.541015625000000000e+00 1.402817131782902793e+00 8.245216349556551722e+04 4.052873332782327793e+02 1.412858001264586161e+00
4.544921875000000000e+00 1.402817131782902793e+00 8.245216349556551722e+04 4.052873332782327793e+02 1.412858001264586161e+00
4.548828125000000000e+00 1.402817131782902793e+00 8.245216349556551722e+04 4.052873332782327793e+02 1.412858001264586161e+00
4.552734375000000000e+00 1.402817131782902793e+00 8.245216349556551722e+04 4.052873332782327793e+02 1.412858001264586161e+00
4.556640625000000000e+00 1.402817131782902793e+00 8.245216349556551722e+04 4.052873332782327793e+02 1.412858001264586161e+00
4.560546875000000000e+00 1.402817131782902793e+00 8.245216349556551722e+04 4.052873332782327793e+02 1.412858001264586161e+00
4.564453125000000000e+00 1.416679487044403274e+00 8.348383729778473207e+04 4.050210464699047179e+02 1.410094357815487642e+00
4.568359375000000000e+00 1.416679487044403274e+00 8.348383729778473207e+04 4.050210464699047179e+02 1.410094357815487642e+00
4.572265625000000000e+00 1.416679487044403274e+00 8.348383729778473207e+04 4.050210464699047179e+02 1.410094357815487642e+00
4.576171875000000000e+00 1.416679487044403274e+00 8.348383729778473207e+04 4.050210464699047179e+02 1.410094357815487642e+00
4.580078125000000000e+00 1.416679487044403274e+00 8.348383729778473207e+04 4.050210464699047179e+02 1.410094357815487642e+00
4.583984375000000000e+00 1.416679487044403274e+00 8.348383729778473207e+04 4.050210464699047179e+02 1.410094357815487642e+00
4.587890625000000000e+00 1.416679487044403274e+00 8.348383729778473207e+04 4.050210464699047179e+02 1.410094357815487642e+00
4.591796875000000000e+00 1.416679487044403274e+00 8.348383729778473207e+04 4.050210464699047179e+02 1.410094357815487642e+00
4.595703125000000000e+00 1.425399086483035038e+00 8.413214484682257171e+04 4.055712477292815379e+02 1.410881044471665291e+00
4.599609375000000000e+00 1.425399086483035038e+00 8.413214484682257171e+04 4.055712477292815379e+02 1.410881044471665291e+00
4.603515625000000000e+00 1.425399086483035038e+00 8.413214484682257171e+04 4.055712477292815379e+02 1.410881044471665291e+00
4.607421875000000000e+00 1.425399086483035038e+00 8.413214484682257171e+04 4.055712477292815379e+02 1.410881044471665291e+00
4.611328125000000000e+00 1.425399086483035038e+00 8.413214484682257171e+04 4.055712477292815379e+02 1.410881044471665291e+00
4.615234375000000000e+00 1.425399086483035038e+00 8.413214484682257171e+04 4.055712477292815379e+02 1.410881044471665291e+00
4.619140625000000000e+00 1.425399086483035038e+00 8.413214484682257171e+04 4.055712477292815379e+02 1.410881044471665291e+00
4.623046875000000000e+00 1.425399086483035038e+00 8.413214484682257171e+04 4.055712477292815379e+02 1.410881044471665291e+00
4.626953125000000000e+00 1.429237472365066930e+00 8.439531205447796674e+04 4.071271168702765522e+02 1.415986286388161153e+00
4.630859375000000000e+00 1.429237472365066930e+00 8.439531205447796674e+04 4.071271168702765522e+02 1.415986286388161153e+00
4.634765625000000000e+00 1.429237472365066930e+00 8.439531205447796674e+04 4.071271168702765522e+02 1.415986286388161153e+00
4.638671875000000000e+00 1.429237472365066930e+00 8.439531205447796674e+04 4.071271168702765522e+02 1.415986286388161153e+00
4.642578125000000000e+00 1.429237472365066930e+00 8.439531205447796674e+04 4.071271168702765522e+02 1.415986286388161153e+00
4.646484375000000000e+00 1.429237472365066930e+00 8.439531205447796674e+04 4.071271168702765522e+02 1.415986286388161153e+00
4.650390625000000000e+00 1.429237472365066930e+00 8.439531205447796674e+04 4.071271168702765522e+02 1.415986286388161153e+00
4.654296875000000000e+00 1.429237472365066930e+00 8.439531205447796674e+04 4.071271168702765522e+02 1.415986286388161153e+00
4.658203125000000000e+00 1.431546522487856743e+00 8.449397325382991403e+04 4.094217357350656243e+02 1.424284486785776460e+00
4.662109375000000000e+00 1.431546522487856743e+00 8.449397325382991403e+04 4.094217357350656243e+02 1.424284486785776460e+00
4.666015625000000000e+00 1.431546522487856743e+00 8.449397325382991403e+04 4.094217357350656243e+02 1.424284486785776460e+00
4.669921875000000000e+00 1.431546522487856743e+00 8.449397325382991403e+04 4.094217357350656243e+02 1.424284486785776460e+00
4.673828125000000000e+00 1.431546522487856743e+00 8.449397325382991403e+04 4.094217357350656243e+02 1.424284486785776460e+00
4.677734375000000000e+00 1.431546522487856743e+00 8.449397325382991403e+04 4.094217357350656243e+02 1.424284486785776460e+00
4.681640625000000000e+00 1.431546522487856743e+00 8.449397325382991403e+04 4.094217357350656243e+02 1.424284486785776460e+00
4.685546875000000000e+00 1.431546522487856743e+00 8.449397325382991403e+04 4.094217357350656243e+02 1.424284486785776460e+00
4.689453125000000000e+00 1.443272722396655494e+00 8.535007615525697474e+04 4.097990001828403592e+02 1.424226695857440994e+00
4.693359375000000000e+00 1.443272722396655494e+00 8.535007615525697474e+04 4.097990001828403592e+02 1.424226695857440994e+00
4.697265625000000000e+00 1.443272722396655494e+00 8.535007615525697474e+04 4.097990001828403592e+02 1.424226695857440994e+00
4.701171875000000000e+00 1.443272722396655494e+00 8.535007615525697474e+04 4.097990001828403592e+02 1.424226695857440994e+00
4.705078125000000000e+00 1.443272722396655494e+00 8.535007615525697474e+04 4.097990001828403592e+02 1.424226695857440994e+00
4.708984375000000000e+00 1.443272722396655494e+00 8.535007615525697474e+04 4.097990001828403592e+02 1.424226695857440994e+00
4.712890625000000000e+00 1.443272722396655494e+00 8.535007615525697474e+04 4.097990001828403592e+02 1.424226695857440994e+00
4.716796875000000000e+00 1.443272722396655494e+00 8.535007615525697474e+04 4.097990001828403592e+02 1.424226695857440994e+00
4.720703125000000000e+00 1.540187465626636332e+00 9.324032926138846960e+04 3.984539044544238209e+02 1.368670674673370113e+00
4.724609375000000000e+00 1.540187465626636332e+00 9.324032926138846960e+04 3.984539044544238209e+02 1.368670674673370113e+00
4.728515625000000000e+00 1.540187465626636332e+00 9.324032926138846960e+04 3.984539044544238209e+02 1.368670674673370113e+00
4.732421875000000000e+00 1.540187465626636332e+00 9.324032926138846960e+04 3.984539044544238209e+02 1.368670674673370113e+00
4.736328125000000000e+00 1.540187465626636332e+00 9.324032926138846960e+04 3.984539044544238209e+02 1.368670674673370113e+00
4.740234375000000000e+00 1.540187465626636332e+00 9.324032926138846960e+04 3.984539044544238209e+02 1.368670674673370113e+00
4.744140625000000000e+00 1.540187465626636332e+00 9.324032926138846960e+04 3.984539044544238209e+02 1.368670674673370113e+00
4.748046875000000000e+00 1.540187465626636332e+00 9.324032926138846960e+04 3.984539044544238209e+02 1.368670674673370113e+00
4.751953125000000000e+00 1.770964429087019010e+00 1.133771622816360468e+05 3.704336098815532523e+02 1.237338407169013221e+00
4.755859375000000000e+00 1.770964429087019010e+00 1.133771622816360468e+05 3.704336098815532523e+02 1.237338407169013221e+00
4.759765625000000000e+00 1.770964429087019010e+00 1.133771622816360468e+05 3.704336098815532523e+02 1.237338407169013221e+00
4.763671875000000000e+00 1.770964429087019010e+00 1.133771622816360468e+05 3.704336098815532523e+02 1.237338407169013221e+00
4.767578125000000000e+00 1.770964429087019010e+00 1.133771622816360468e+05 3.704336098815532523e+02 1.237338407169013221e+00
4.771484375000000000e+00 1.770964429087019010e+00 1.133771622816360468e+05 3.704336098815532523e+02 1.237338407169013221e+00
4.775390625000000000e+00 1.770964429087019010e+00 1.133771622816360468e+05 3.704336098815532523e+02 1.237338407169013221e+00
4.779296875000000000e+00 1.770964429087019010e+00 1.133771622816360468e+05 3.704336098815532523e+02 1.237338407169013221e+00
4.783203125000000000e+00 1.929070713238659751e+00 1.277262675552314759e+05 3.543819988126520002e+02 1.163969495328903925e+00
4.787109375000000000e+00 1.929070713238659751e+00 1.277262675552314759e+05 3.543819988126520002e+02 1.163969495328903925e+00
4.791015625000000000e+00 1.929070713238659751e+00 1.277262675552314759e+05 3.543819988126520002e+02 1.163969495328903925e+00
4.794921875000000000e+00 1.929070713238659751e+00 1.277262675552314759e+05 3.543819988126520002e+02 1.163969495328903925e+00
4.798828125000000000e+00 1.929070713238659751e+00 1.277262675552314759e+05 3.543819988126520002e+02 1.163969495328903925e+00
4.802734375000000000e+00 1.929070713238659751e+00 1.277262675552314759e+05 3.543819988126520002e+02 1.163969495328903925e+00
4.806640625000000000e+00 1.929070713238659751e+00 1.277262675552314759e+05 3.543819988126520002e+02 1.163969495328903925e+00
4.810546875000000000e+00 1.929070713238659751e+00 1.277262675552314759e+05 3.543819988126520002e+02 1.163969495328903925e+00
4.814453125000000000e+00 1.969096828511031960e+00 1.312457317586961726e+05 3.538688497598174081e+02 1.158428566609984056e+00
4.818359375000000000e+00 1.969096828511031960e+00 1.312457317586961726e+05 3.538688497598174081e+02 1.158428566609984056e+00
4.822265625000000000e+00 1.969096828511031960e+00 1.312457317586961726e+05 3.538688497598174081e+02 1.158428566609984056e+00
4.826171875000000000e+00 1.969096828511031960e+00 1.312457317586961726e+05 3.538688497598174081e+02 1.158428566609984056e+00
4.830078125000000000e+00 1.969096828511031960e+00 1.312457317586961726e+05 3.538688497598174081e+02 1.158428566609984056e+00
4.833984375000000000e+00 1.969096828511031960e+00 1.312457317586961726e+05 3.538688497598174081e+02 1.158428566609984056e+00
4.837890625000000000e+00 1.969096828511031960e+00 1.312457317586961726e+05 3.538688497598174081e+02 1.158428566609984056e+00
4.841796875000000000e+00 1.969096828511031960e+00 1.312457317586961726e+05 3.538688497598174081e+02 1.158428566609984056e+00
4.845703125000000000e+00 1.979913912812197641e+00 1.320460192058430112e+05 3.571617890689387309e+02 1.168857234190654237e+00
4.849609375000000000e+00 1.979913912812197641e+00 1.320460192058430112e+05 3.571617890689387309e+02 1.168857234190654237e+00
4.853515625000000000e+00 1.979913912812197641e+00 1.320460192058430112e+05 3.571617890689387309e+02 1.168857234190654237e+00
4.857421875000000000e+00 1.979913912812197641e+00 1.320460192058430112e+05 3.571617890689387309e+02 1.168857234190654237e+00
4.861328125000000000e+00 1.979913912812197641e+00 1.320460192058430112e+05 3.571617890689387309e+02 1.168857234190654237e+00
4.865234375000000000e+00 1.979913912812197641e+00 1.320460192058430112e+05 3.571617890689387309e+02 1.168857234190654237e+00
4.869140625000000000e+00 1.979913912812197641e+00 1.320460192058430112e+05 3.571617890689387309e+02 1.168857234190654237e+00
4.873046875000000000e+00 1.979913912812197641e+00 1.320460192058430112e+05 3.571617890689387309e+02 1.168857234190654237e+00
4.876953125000000000e+00 1.987272190550631645e+00 1.324995161651032395e+05 3.607874465777701403e+02 1.180888604222270377e+00
4.880859375000000000e+00 1.987272190550631645e+00 1.324995161651032395e+05 3.607874465777701403e+02 1.180888604222270377e+00
4.884765625000000000e+00 1.987272190550631645e+00 1.324995161651032395e+05 3.607874465777701403e+02 1.180888604222270377e+00
4.888671875000000000e+00 1.987272190550631645e+00 1.324995161651032395e+05 3.607874465777701403e+02 1.180888604222270377e+00
4.892578125000000000e+00 1.987272190550631645e+00 1.324995161651032395e+05 3.607874465777701403e+02 1.180888604222270377e+00
4.896484375000000000e+00 1.987272190550631645e+00 1.324995161651032395e+05 3.607874465777701403e+02 1.180888604222270377e+00
4.900390625000000000e+00 1.987272190550631645e+00 1.324995161651032395e+05 3.607874465777701403e+02 1.180888604222270377e+00
4.904296875000000000e+00 1.987272190550631645e+00 1.324995161651032395e+05 3.607874465777701403e+02 1.180888604222270377e+00
4.908203125000000000e+00 1.994624632991446767e+00 1.329697204857784091e+05 3.640158948819949956e+02 1.191545253513784708e+00
4.912109375000000000e+00 1.994624632991446767e+00 1.329697204857784091e+05 3.640158948819949956e+02 1.191545253513784708e+00
4.916015625000000000e+00 1.994624632991446767e+00 1.329697204857784091e+05 3.640158948819949956e+02 1.191545253513784708e+00
4.919921875000000000e+00 1.994624632991446767e+00 1.329697204857784091e+05 3.640158948819949956e+02 1.191545253513784708e+00
4.923828125000000000e+00 1.994624632991446767e+00 1.329697204857784091e+05 3.640158948819949956e+02 1.191545253513784708e+00
4.927734375000000000e+00 1.994624632991446767e+00 1.329697204857784091e+05 3.640158948819949956e+02 1.191545253513784708e+00
4.931640625000000000e+00 1.994624632991446767e+00 1.329697204857784091e+05 3.640158948819949956e+02 1.191545253513784708e+00
4.935546875000000000e+00 1.994624632991446767e+00 1.329697204857784091e+05 3.640158948819949956e+02 1.191545253513784708e+00
4.939453125000000000e+00 1.999852020590217716e+00 1.332847368939776206e+05 3.668420988228283477e+02 1.200947086111190387e+00
4.943359375000000000e+00 1.999852020590217716e+00 1.332847368939776206e+05 3.668420988228283477e+02 1.200947086111190387e+00
4.947265625000000000e+00 1.999852020590217716e+00 1.332847368939776206e+05 3.668420988228283477e+02 1.200947086111190387e+00
4.951171875000000000e+00 1.999852020590217716e+00 1.332847368939776206e+05 3.668420988228283477e+02 1.200947086111190387e+00
4.955078125000000000e+00 1.999852020590217716e+00 1.332847368939776206e+05 3.668420988228283477e+02 1.200947086111190387e+00
4.958984375000000000e+00 1.999852020590217716e+00 1.332847368939776206e+05 3.668420988228283477e+02 1.200947086111190387e+00
4.962890625000000000e+00 1.999852020590217716e+00 1.332847368939776206e+05 3.668420988228283477e+02 1.200947086111190387e+00
4.966796875000000000e+00 1.999852020590217716e+00 1.332847368939776206e+05 3.668420988228283477e+02 1.200947086111190387e+00
4.970703125000000000e+00 2.001135521397185535e+00 1.332766570651840884e+05 3.694443466335653170e+02 1.209890906035180569e+00
4.974609375000000000e+00 2.001135521397185535e+00 1.332766570651840884e+05 3.694443466335653170e+02 1.209890906035180569e+00
4.978515625000000000e+00 2.001135521397185535e+00 1.332766570651840884e+05 3.694443466335653170e+02 1.209890906035180569e+00
4.982421875000000000e+00 2.001135521397185535e+00 1.332766570651840884e+05 3.694443466335653170e+02 1.209890906035180569e+00
4.986328125000000000e+00 2.001135521397185535e+00 1.332766570651840884e+05 3.694443466335653170e+02 1.209890906035180569e+00
4.990234375000000000e+00 2.001135521397185535e+00 1.332766570651840884e+05 3.694443466335653170e+02 1.209890906035180569e+00
4.994140625000000000e+00 2.001135521397185535e+00 1.332766570651840884e+05 3.694443466335653170e+02 1.209890906035180569e+00
4.998046875000000000e+00 2.001135521397185535e+00 1.332766570651840884e+05 3.694443466335653170e+02 1.209890906035180569e+00
5.001953125000000000e+00 1.995238626950709193e+00 1.326228099634713435e+05 3.724824514644193982e+02 1.221040610604787302e+00
5.005859375000000000e+00 1.995238626950709193e+00 1.326228099634713435e+05 3.724824514644193982e+02 1.221040610604787302e+00
5.009765625000000000e+00 1.995238626950709193e+00 1.326228099634713435e+05 3.724824514644193982e+02 1.221040610604787302e+00
5.013671875000000000e+00 1.995238626950709193e+00 1.326228099634713435e+05 3.724824514644193982e+02 1.221040610604787302e+00
5.017578125000000000e+00 1.995238626950709193e+00 1.326228099634713435e+05 3.724824514644193982e+02 1.221040610604787302e+00
5.021484375000000000e+00 1.995238626950709193e+00 1.326228099634713435e+05 3.724824514644193982e+02 1.221040610604787302e+00
5.025390625000000000e+00 1.995238626950709193e+00 1.326228099634713435e+05 3.724824514644193982e+02 1.221040610604787302e+00
5.029296875000000000e+00 1.995238626950709193e+00 1.326228099634713435e+05 3.724824514644193982e+02 1.221040610604787302e+00
5.033203125000000000e+00 1.977964466352529538e+00 1.309123860177886090e+05 3.769182627783969792e+02 1.238232037008952791e+00
5.037109375000000000e+00 1.977964466352529538e+00 1.309123860177886090e+05 3.769182627783969792e+02 1.238232037008952791e+00
5.041015625000000000e+00 1.977964466352529538e+00 1.309123860177886090e+05 3.769182627783969792e+02 1.238232037008952791e+00
5.044921875000000000e+00 1.977964466352529538e+00 1.309123860177886090e+05 3.769182627783969792e+02 1.238232037008952791e+00
5.048828125000000000e+00 1.977964466352529538e+00 1.309123860177886090e+05 3.769182627783969792e+02 1.238232037008952791e+00
5.052734375000000000e+00 1.977964466352529538e+00 1.309123860177886090e+05 3.769182627783969792e+02 1.238232037008952791e+00
5.056640625000000000e+00 1.977964466352529538e+00 1.309123860177886090e+05 3.769182627783969792e+02 1.238232037008952791e+00
5.060546875000000000e+00 1.977964466352529538e+00 1.309123860177886090e+05 3.769182627783969792e+02 1.238232037008952791e+00
5.064453125000000000e+00 1.949364175724742632e+00 1.281587416488346789e+05 3.830530573143984725e+02 1.262604370092127448e+00
5.068359375000000000e+00 1.949364175724742632e+00 1.281587416488346789e+05 3.830530573143984725e+02 1.262604370092127448e+00
5.072265625000000000e+00 1.949364175724742632e+00 1.281587416488346789e+05 3.830530573143984725e+02 1.262604370092127448e+00
5.076171875000000000e+00 1.949364175724742632e+00 1.281587416488346789e+05 3.830530573143984725e+02 1.262604370092127448e+00
5.080078125000000000e+00 1.949364175724742632e+00 1.281587416488346789e+05 3.830530573143984725e+02 1.262604370092127448e+00
5.083984375000000000e+00 1.949364175724742632e+00 1.281587416488346789e+05 3.830530573143984725e+02 1.262604370092127448e+00
5.087890625000000000e+00 1.949364175724742632e+00 1.281587416488346789e+05 3.830530573143984725e+02 1.262604370092127448e+00
5.091796875000000000e+00 1.949364175724742632e+00 1.281587416488346789e+05 3.830530573143984725e+02 1.262604370092127448e+00
5.095703125000000000e+00 1.913882224426211698e+00 1.248019487964643049e+05 3.903735895612550166e+02 1.292002432210623386e+00
5.099609375000000000e+00 1.913882224426211698e+00 1.248019487964643049e+05 3.903735895612550166e+02 1.292002432210623386e+00
5.103515625000000000e+00 1.913882224426211698e+00 1.248019487964643049e+05 3.903735895612550166e+02 1.292002432210623386e+00
5.107421875000000000e+00 1.913882224426211698e+00 1.248019487964643049e+05 3.903735895612550166e+02 1.292002432210623386e+00
5.111328125000000000e+00 1.913882224426211698e+00 1.248019487964643049e+05 3.903735895612550166e+02 1.292002432210623386e+00
5.115234375000000000e+00 1.913882224426211698e+00 1.248019487964643049e+05 3.903735895612550166e+02 1.292002432210623386e+00
5.119140625000000000e+00 1.913882224426211698e+00 1.248019487964643049e+05 3.903735895612550166e+02 1.292002432210623386e+00
5.123046875000000000e+00 1.913882224426211698e+00 1.248019487964643049e+05 3.903735895612550166e+02 1.292002432210623386e+00
5.126953125000000000e+00 1.876705611500694371e+00 1.213345494459011825e+05 3.980603436127897226e+02 1.323094094791998909e+00
5.130859375000000000e+00 1.876705611500694371e+00 1.213345494459011825e+05 3.980603436127897226e+02 1.323094094791998909e+00
5.134765625000000000e+00 1.876705611500694371e+00 1.213345494459011825e+05 3.980603436127897226e+02 1.323094094791998909e+00
5.138671875000000000e+00 1.876705611500694371e+00 1.213345494459011825e+05 3.980603436127897226e+02 1.323094094791998909e+00
5.142578125000000000e+00 1.876705611500694371e+00 1.213345494459011825e+05 3.980603436127897226e+02 1.323094094791998909e+00
5.146484375000000000e+00 1.876705611500694371e+00 1.213345494459011825e+05 3.980603436127897226e+02 1.323094094791998909e+00
5.150390625000000000e+00 1.876705611500694371e+00 1.213345494459011825e+05 3.980603436127897226e+02 1.323094094791998909e+00
5.154296875000000000e+00 1.876705611500694371e+00 1.213345494459011825e+05 3.980603436127897226e+02 1.323094094791998909e+00
5.158203125000000000e+00 1.840655242957541127e+00 1.180174250413896516e+05 4.055313514218656792e+02 1.353547732997480546e+00
5.162109375000000000e+00 1.840655242957541127e+00 1.180174250413896516e+05 4.055313514218656792e+02 1.353547732997480546e+00
5.166015625000000000e+00 1.840655242957541127e+00 1.180174250413896516e+05 4.055313514218656792e+02 1.353547732997480546e+00
5.169921875000000000e+00 1.840655242957541127e+00 1.180174250413896516e+05 4.055313514218656792e+02 1.353547732997480546e+00
5.173828125000000000e+00 1.840655242957541127e+00 1.180174250413896516e+05 4.055313514218656792e+02 1.353547732997480546e+00
5.177734375000000000e+00 1.840655242957541127e+00 1.180174250413896516e+05 4.055313514218656792e+02 1.353547732997480546e+00
5.181640625000000000e+00 1.840655242957541127e+00 1.180174250413896516e+05 4.055313514218656792e+02 1.353547732997480546e+00
5.185546875000000000e+00 1.840655242957541127e+00 1.180174250413896516e+05 4.055313514218656792e+02 1.353547732997480546e+00
5.189453125000000000e+00 1.804992697829176151e+00 1.147883975215122482e+05 4.127073146675519979e+02 1.383142341855667201e+00
5.193359375000000000e+00 1.804992697829176151e+00 1.147883975215122482e+05 4.127073146675519979e+02 1.383142341855667201e+00
5.197265625000000000e+00 1.804992697829176151e+00 1.147883975215122482e+05 4.127073146675519979e+02 1.383142341855667201e+00
5.201171875000000000e+00 1.804992697829176151e+00 1.147883975215122482e+05 4.127073146675519979e+02 1.383142341855667201e+00
5.205078125000000000e+00 1.804992697829176151e+00 1.147883975215122482e+05 4.127073146675519979e+02 1.383142341855667201e+00
5.208984375000000000e+00 1.804992697829176151e+00 1.147883975215122482e+05 4.127073146675519979e+02 1.383142341855667201e+00
5.212890625000000000e+00 1.804992697829176151e+00 1.147883975215122482e+05 4.127073146675519979e+02 1.383142341855667201e+00
5.216796875000000000e+00 1.804992697829176151e+00 1.147883975215122482e+05 4.127073146675519979e+02 1.383142341855667201e+00
5.220703125000000000e+00 1.766768612857099630e+00 1.113910056469114934e+05 4.198018740191650977e+02 1.413009658266209501e+00
5.224609375000000000e+00 1.766768612857099630e+00 1.113910056469114934e+05 4.198018740191650977e+02 1.413009658266209501e+00
5.228515625000000000e+00 1.766768612857099630e+00 1.113910056469114934e+05 4.198018740191650977e+02 1.413009658266209501e+00
5.232421875000000000e+00 1.766768612857099630e+00 1.113910056469114934e+05 4.198018740191650977e+02 1.413009658266209501e+00
5.236328125000000000e+00 1.766768612857099630e+00 1.113910056469114934e+05 4.198018740191650977e+02 1.413009658266209501e+00
5.240234375000000000e+00 1.766768612857099630e+00 1.113910056469114934e+05 4.198018740191650977e+02 1.413009658266209501e+00
5.244140625000000000e+00 1.766768612857099630e+00 1.113910056469114934e+05 4.198018740191650977e+02 1.413009658266209501e+00
5.248046875000000000e+00 1.766768612857099630e+00 1.113910056469114934e+05 4.198018740191650977e+02 1.413009658266209501e+00
5.251953125000000000e+00 1.723967905657672217e+00 1.076542006252198189e+05 4.269220900483070409e+02 1.443888665023726592e+00
5.255859375000000000e+00 1.723967905657672217e+00 1.076542006252198189e+05 4.269220900483070409e+02 1.443888665023726592e+00
5.259765625000000000e+00 1.723967905657672217e+00 1.076542006252198189e+05 4.269220900483070409e+02 1.443888665023726592e+00
5.263671875000000000e+00 1.723967905657672217e+00 1.076542006252198189e+05 4.269220900483070409e+02 1.443888665023726592e+00
5.267578125000000000e+00 1.723967905657672217e+00 1.076542006252198189e+05 4.269220900483070409e+02 1.443888665023726592e+00
5.271484375000000000e+00 1.723967905657672217e+00 1.076542006252198189e+05 4.269220900483070409e+02 1.443888665023726592e+00
5.275390625000000000e+00 1.723967905657672217e+00 1.076542006252198189e+05 4.269220900483070409e+02 1.443888665023726592e+00
5.279296875000000000e+00 1.723967905657672217e+00 1.076542006252198189e+05 4.269220900483070409e+02 1.443888665023726592e+00
5.283203125000000000e+00 1.677283598112662144e+00 1.036502494132360152e+05 4.337803360708553555e+02 1.474768719199806011e+00
5.287109375000000000e+00 1.677283598112662144e+00 1.036502494132360152e+05 4.337803360708553555e+02 1.474768719199806011e+00
5.291015625000000000e+00 1.677283598112662144e+00 1.036502494132360152e+05 4.337803360708553555e+02 1.474768719199806011e+00
5.294921875000000000e+00 1.677283598112662144e+00 1.036502494132360152e+05 4.337803360708553555e+02 1.474768719199806011e+00
5.298828125000000000e+00 1.677283598112662144e+00 1.036502494132360152e+05 4.337803360708553555e+02 1.474768719199806011e+00
5.302734375000000000e+00 1.677283598112662144e+00 1.036502494132360152e+05 4.337803360708553555e+02 1.474768719199806011e+00
5.306640625000000000e+00 1.677283598112662144e+00 1.036502494132360152e+05 4.337803360708553555e+02 1.474768719199806011e+00
5.310546875000000000e+00 1.677283598112662144e+00 1.036502494132360152e+05 4.337803360708553555e+02 1.474768719199806011e+00
5.314453125000000000e+00 1.629931489595890959e+00 9.967264658892840089e+04 4.397065419540293192e+02 1.502780632358872825e+00
5.318359375000000000e+00 1.629931489595890959e+00 9.967264658892840089e+04 4.397065419540293192e+02 1.502780632358872825e+00
5.322265625000000000e+00 1.629931489595890959e+00 9.967264658892840089e+04 4.397065419540293192e+02 1.502780632358872825e+00
5.326171875000000000e+00 1.629931489595890959e+00 9.967264658892840089e+04 4.397065419540293192e+02 1.502780632358872825e+00
5.330078125000000000e+00 1.629931489595890959e+00 9.967264658892840089e+04 4.397065419540293192e+02 1.502780632358872825e+00
5.333984375000000000e+00 1.629931489595890959e+00 9.967264658892840089e+04 4.397065419540293192e+02 1.502780632358872825e+00
5.337890625000000000e+00 1.629931489595890959e+00 9.967264658892840089e+04 4.397065419540293192e+02 1.502780632358872825e+00
5.341796875000000000e+00 1.629931489595890959e+00 9.967264658892840089e+04 4.397065419540293192e+02 1.502780632358872825e+00
5.345703125000000000e+00 1.586276548043401791e+00 9.609456359305586375e+04 4.439417870738049601e+02 1.524410917672540222e+00
5.349609375000000000e+00 1.586276548043401791e+00 9.609456359305586375e+04 4.439417870738049601e+02 1.524410917672540222e+00
5.353515625000000000e+00 1.586276548043401791e+00 9.609456359305586375e+04 4.439417870738049601e+02 1.524410917672540222e+00
5.357421875000000000e+00 1.586276548043401791e+00 9.609456359305586375e+04 4.439417870738049601e+02 1.524410917672540222e+00
5.361328125000000000e+00 1.586276548043401791e+00 9.609456359305586375e+04 4.439417870738049601e+02 1.524410917672540222e+00
5.365234375000000000e+00 1.586276548043401791e+00 9.609456359305586375e+04 4.439417870738049601e+02 1.524410917672540222e+00
5.369140625000000000e+00 1.586276548043401791e+00 9.609456359305586375e+04 4.439417870738049601e+02 1.524410917672540222e+00
5.373046875000000000e+00 1.586276548043401791e+00 9.609456359305586375e+04 4.439417870738049601e+02 1.524410917672540222e+00
5.376953125000000000e+00 1.550534431191302298e+00 9.324517775748721033e+04 4.459984842870508714e+02 1.537081450926014226e+00
5.380859375000000000e+00 1.550534431191302298e+00 9.324517775748721033e+04 4.459984842870508714e+02 1.537081450926014226e+00
5.384765625000000000e+00 1.550534431191302298e+00 9.324517775748721033e+04 4.459984842870508714e+02 1.537081450926014226e+00
5.388671875000000000e+00 1.550534431191302298e+00 9.324517775748721033e+04 4.459984842870508714e+02 1.537081450926014226e+00
5.392578125000000000e+00 1.550534431191302298e+00 9.324517775748721033e+04 4.459984842870508714e+02 1.537081450926014226e+00
5.396484375000000000e+00 1.550534431191302298e+00 9.324517775748721033e+04 4.459984842870508714e+02 1.537081450926014226e+00
5.400390625000000000e+00 1.550534431191302298e+00 9.324517775748721033e+04 4.459984842870508714e+02 1.537081450926014226e+00
5.404296875000000000e+00 1.550534431191302298e+00 9.324517775748721033e+04 4.459984842870508714e+02 1.537081450926014226e+00
5.408203125000000000e+00 1.524406432421980151e+00 9.123754092877380026e+04 4.458540563716214820e+02 1.540253856832786150e+00
5.412109375000000000e+00 1.524406432421980151e+00 9.123754092877380026e+04 4.458540563716214820e+02 1.540253856832786150e+00
5.416015625000000000e+00 1.524406432421980151e+00 9.123754092877380026e+04 4.458540563716214820e+02 1.540253856832786150e+00
5.419921875000000000e+00 1.524406432421980151e+00 9.123754092877380026e+04 4.458540563716214820e+02 1.540253856832786150e+00
5.423828125000000000e+00 1.524406432421980151e+00 9.123754092877380026e+04 4.458540563716214820e+02 1.540253856832786150e+00
5.427734375000000000e+00 1.524406432421980151e+00 9.123754092877380026e+04 4.458540563716214820e+02 1.540253856832786150e+00
5.431640625000000000e+00 1.524406432421980151e+00 9.123754092877380026e+04 4.458540563716214820e+02 1.540253856832786150e+00
5.435546875000000000e+00 1.524406432421980151e+00 9.123754092877380026e+04 4.458540563716214820e+02 1.540253856832786150e+00
5.439453125000000000e+00 1.507013888982028593e+00 8.999347105949952675e+04 4.438459020014139469e+02 1.535045746420503399e+00
5.443359375000000000e+00 1.507013888982028593e+00 8.999347105949952675e+04 4.438459020014139469e+02 1.535045746420503399e+00
5.447265625000000000e+00 1.507013888982028593e+00 8.999347105949952675e+04 4.438459020014139469e+02 1.535045746420503399e+00
5.451171875000000000e+00 1.507013888982028593e+00 8.999347105949952675e+04 4.438459020014139469e+02 1.535045746420503399e+00
5.455078125000000000e+00 1.507013888982028593e+00 8.999347105949952675e+04 4.438459020014139469e+02 1.535045746420503399e+00
5.458984375000000000e+00 1.507013888982028593e+00 8.999347105949952675e+04 4.438459020014139469e+02 1.535045746420503399e+00
5.462890625000000000e+00 1.507013888982028593e+00 8.999347105949952675e+04 4.438459020014139469e+02 1.535045746420503399e+00
5.466796875000000000e+00 1.507013888982028593e+00 8.999347105949952675e+04 4.438459020014139469e+02 1.535045746420503399e+00
5.470703125000000000e+00 1.496486820704818532e+00 8.937940925455791876e+04 4.402530700291290486e+02 1.522495730963456806e+00
5.474609375000000000e+00 1.496486820704818532e+00 8.937940925455791876e+04 4.402530700291290486e+02 1.522495730963456806e+00
5.478515625000000000e+00 1.496486820704818532e+00 8.937940925455791876e+04 4.402530700291290486e+02 1.522495730963456806e+00
5.482421875000000000e+00 1.496486820704818532e+00 8.937940925455791876e+04 4.402530700291290486e+02 1.522495730963456806e+00
5.486328125000000000e+00 1.496486820704818532e+00 8.937940925455791876e+04 4.402530700291290486e+02 1.522495730963456806e+00
5.490234375000000000e+00 1.496486820704818532e+00 8.937940925455791876e+04 4.402530700291290486e+02 1.522495730963456806e+00
5.494140625000000000e+00 1.496486820704818532e+00 8.937940925455791876e+04 4.402530700291290486e+02 1.522495730963456806e+00
5.498046875000000000e+00 1.496486820704818532e+00 8.937940925455791876e+04 4.402530700291290486e+02 1.522495730963456806e+00
5.501953125000000000e+00 1.491881912959579726e+00 8.935649370099764201e+04 4.350647830567164647e+02 1.502429413027245975e+00
5.505859375000000000e+00 1.491881912959579726e+00 8.935649370099764201e+04 4.350647830567164647e+02 1.502429413027245975e+00
5.509765625000000000e+00 1.491881912959579726e+00 8.935649370099764201e+04 4.350647830567164647e+02 1.502429413027245975e+00
5.513671875000000000e+00 1.491881912959579726e+00 8.935649370099764201e+04 4.350647830567164647e+02 1.502429413027245975e+00
5.517578125000000000e+00 1.491881912959579726e+00 8.935649370099764201e+04 4.350647830567164647e+02 1.502429413027245975e+00
5.521484375000000000e+00 1.491881912959579726e+00 8.935649370099764201e+04 4.350647830567164647e+02 1.502429413027245975e+00
5.525390625000000000e+00 1.491881912959579726e+00 8.935649370099764201e+04 4.350647830567164647e+02 1.502429413027245975e+00
5.529296875000000000e+00 1.491881912959579726e+00 8.935649370099764201e+04 4.350647830567164647e+02 1.502429413027245975e+00
5.533203125000000000e+00 1.491225148348687357e+00 8.979030176778649911e+04 4.285608707609126782e+02 1.476064692141586310e+00
5.537109375000000000e+00 1.491225148348687357e+00 8.979030176778649911e+04 4.285608707609126782e+02 1.476064692141586310e+00
5.541015625000000000e+00 1.491225148348687357e+00 8.979030176778649911e+04 4.285608707609126782e+02 1.476064692141586310e+00
5.544921875000000000e+00 1.491225148348687357e+00 8.979030176778649911e+04 4.285608707609126782e+02 1.476064692141586310e+00
5.548828125000000000e+00 1.491225148348687357e+00 8.979030176778649911e+04 4.285608707609126782e+02 1.476064692141586310e+00
5.552734375000000000e+00 1.491225148348687357e+00 8.979030176778649911e+04 4.285608707609126782e+02 1.476064692141586310e+00
5.556640625000000000e+00 1.491225148348687357e+00 8.979030176778649911e+04 4.285608707609126782e+02 1.476064692141586310e+00
5.560546875000000000e+00 1.491225148348687357e+00 8.979030176778649911e+04 4.285608707609126782e+02 1.476064692141586310e+00
5.564453125000000000e+00 1.489421021853037042e+00 9.020675715146587754e+04 4.218759881360649615e+02 1.448805192669300190e+00
5.568359375000000000e+00 1.489421021853037042e+00 9.020675715146587754e+04 4.218759881360649615e+02 1.448805192669300190e+00
5.572265625000000000e+00 1.489421021853037042e+00 9.020675715146587754e+04 4.218759881360649615e+02 1.448805192669300190e+00
5.576171875000000000e+00 1.489421021853037042e+00 9.020675715146587754e+04 4.218759881360649615e+02 1.448805192669300190e+00
5.580078125000000000e+00 1.489421021853037042e+00 9.020675715146587754e+04 4.218759881360649615e+02 1.448805192669300190e+00
5.583984375000000000e+00 1.489421021853037042e+00 9.020675715146587754e+04 4.218759881360649615e+02 1.448805192669300190e+00
5.587890625000000000e+00 1.489421021853037042e+00 9.020675715146587754e+04 4.218759881360649615e+02 1.448805192669300190e+00
5.591796875000000000e+00 1.489421021853037042e+00 9.020675715146587754e+04 4.218759881360649615e+02 1.448805192669300190e+00
5.595703125000000000e+00 1.480759662212289385e+00 8.997995611178941908e+04 4.165990433737035232e+02 1.428313857035490519e+00
5.599609375000000000e+00 1.480759662212289385e+00 8.997995611178941908e+04 4.165990433737035232e+02 1.428313857035490519e+00
5.603515625000000000e+00 1.480759662212289385e+00 8.997995611178941908e+04 4.165990433737035232e+02 1.428313857035490519e+00
5.607421875000000000e+00 1.480759662212289385e+00 8.997995611178941908e+04 4.165990433737035232e+02 1.428313857035490519e+00
5.611328125000000000e+00 1.480759662212289385e+00 8.997995611178941908e+04 4.165990433737035232e+02 1.428313857035490519e+00
5.615234375000000000e+00 1.480759662212289385e+00 8.997995611178941908e+04 4.165990433737035232e+02 1.428313857035490519e+00
5.619140625000000000e+00 1.480759662212289385e+00 8.997995611178941908e+04 4.165990433737035232e+02 1.428313857035490519e+00
5.623046875000000000e+00 1.480759662212289385e+00 8.997995611178941908e+04 4.165990433737035232e+02 1.428313857035490519e+00
5.626953125000000000e+00 1.466414068652868163e+00 8.906411941203144670e+04 4.133104590073397162e+02 1.417389782369235629e+00
5.630859375000000000e+00 1.466414068652868163e+00 8.906411941203144670e+04 4.133104590073397162e+02 1.417389782369235629e+00
5.634765625000000000e+00 1.466414068652868163e+00 8.906411941203144670e+04 4.133104590073397162e+02 1.417389782369235629e+00
5.638671875000000000e+00 1.466414068652868163e+00 8.906411941203144670e+04 4.133104590073397162e+02 1.417389782369235629e+00
5.642578125000000000e+00 1.466414068652868163e+00 8.906411941203144670e+04 4.133104590073397162e+02 1.417389782369235629e+00
5.646484375000000000e+00 1.466414068652868163e+00 8.906411941203144670e+04 4.133104590073397162e+02 1.417389782369235629e+00
5.650390625000000000e+00 1.466414068652868163e+00 8.906411941203144670e+04 4.133104590073397162e+02 1.417389782369235629e+00
5.654296875000000000e+00 1.466414068652868163e+00 8.906411941203144670e+04 4.133104590073397162e+02 1.417389782369235629e+00
5.658203125000000000e+00 1.453984136307372887e+00 8.803443911886597925e+04 4.111501082805611418e+02 1.412179570471423729e+00
5.662109375000000000e+00 1.453984136307372887e+00 8.803443911886597925e+04 4.111501082805611418e+02 1.412179570471423729e+00
5.666015625000000000e+00 1.453984136307372887e+00 8.803443911886597925e+04 4.111501082805611418e+02 1.412179570471423729e+00
5.669921875000000000e+00 1.453984136307372887e+00 8.803443911886597925e+04 4.111501082805611418e+02 1.412179570471423729e+00
5.673828125000000000e+00 1.453984136307372887e+00 8.803443911886597925e+04 4.111501082805611418e+02 1.412179570471423729e+00
5.677734375000000000e+00 1.453984136307372887e+00 8.803443911886597925e+04 4.111501082805611418e+02 1.412179570471423729e+00
5.681640625000000000e+00 1.453984136307372887e+00 8.803443911886597925e+04 4.111501082805611418e+02 1.412179570471423729e+00
5.685546875000000000e+00 1.453984136307372887e+00 8.803443911886597925e+04 4.111501082805611418e+02 1.412179570471423729e+00
5.689453125000000000e+00 1.447365067610075551e+00 8.728203976894389780e+04 4.092392903513988927e+02 1.408445040374149970e+00
5.693359375000000000e+00 1.447365067610075551e+00 8.728203976894389780e+04 4.092392903513988927e+02 1.408445040374149970e+00
5.697265625000000000e+00 1.447365067610075551e+00 8.728203976894389780e+04 4.092392903513988927e+02 1.408445040374149970e+00
5.701171875000000000e+00 1.447365067610075551e+00 8.728203976894389780e+04 4.092392903513988927e+02 1.408445040374149970e+00
5.705078125000000000e+00 1.447365067610075551e+00 8.728203976894389780e+04 4.092392903513988927e+02 1.408445040374149970e+00
5.708984375000000000e+00 1.447365067610075551e+00 8.728203976894389780e+04 4.092392903513988927e+02 1.408445040374149970e+00
5.712890625000000000e+00 1.447365067610075551e+00 8.728203976894389780e+04 4.092392903513988927e+02 1.408445040374149970e+00
5.716796875000000000e+00 1.447365067610075551e+00 8.728203976894389780e+04 4.092392903513988927e+02 1.408445040374149970e+00
5.720703125000000000e+00 1.450179495438573385e+00 8.721338826401282859e+04 4.069908972735377120e+02 1.402619842834135877e+00
5.724609375000000000e+00 1.450179495438573385e+00 8.721338826401282859e+04 4.069908972735377120e+02 1.402619842834135877e+00
5.728515625000000000e+00 1.450179495438573385e+00 8.721338826401282859e+04 4.069908972735377120e+02 1.402619842834135877e+00
5.732421875000000000e+00 1.450179495438573385e+00 8.721338826401282859e+04 4.069908972735377120e+02 1.402619842834135877e+00
5.736328125000000000e+00 1.450179495438573385e+00 8.721338826401282859e+04 4.069908972735377120e+02 1.402619842834135877e+00
5.740234375000000000e+00 1.450179495438573385e+00 8.721338826401282859e+04 4.069908972735377120e+02 1.402619842834135877e+00
5.744140625000000000e+00 1.450179495438573385e+00 8.721338826401282859e+04 4.069908972735377120e+02 1.402619842834135877e+00
5.748046875000000000e+00 1.450179495438573385e+00 8.721338826401282859e+04 4.069908972735377120e+02 1.402619842834135877e+00
5.751953125000000000e+00 1.467626165917749859e+00 8.837228637061807967e+04 4.028045646441036070e+02 1.387330847522173949e+00
5.755859375000000000e+00 1.467626165917749859e+00 8.837228637061807967e+04 4.028045646441036070e+02 1.387330847522173949e+00
5.759765625000000000e+00 1.467626165917749859e+00 8.837228637061807967e+04 4.028045646441036070e+02 1.387330847522173949e+00
5.763671875000000000e+00 1.467626165917749859e+00 8.837228637061807967e+04 4.028045646441036070e+02 1.387330847522173949e+00
5.767578125000000000e+00 1.467626165917749859e+00 8.837228637061807967e+04 4.028045646441036070e+02 1.387330847522173949e+00
5.771484375000000000e+00 1.467626165917749859e+00 8.837228637061807967e+04 4.028045646441036070e+02 1.387330847522173949e+00
5.775390625000000000e+00 1.467626165917749859e+00 8.837228637061807967e+04 4.028045646441036070e+02 1.387330847522173949e+00
5.779296875000000000e+00 1.467626165917749859e+00 8.837228637061807967e+04 4.028045646441036070e+02 1.387330847522173949e+00
5.783203125000000000e+00 1.495872252020211013e+00 9.052105117020090984e+04 3.977055510309953092e+02 1.366375586608832959e+00
5.787109375000000000e+00 1.495872252020211013e+00 9.052105117020090984e+04 3.977055510309953092e+02 1.366375586608832959e+00
5.791015625000000000e+00 1.495872252020211013e+00 9.052105117020090984e+04 3.977055510309953092e+02 1.366375586608832959e+00
5.794921875000000000e+00 1.495872252020211013e+00 9.052105117020090984e+04 3.977055510309953092e+02 1.366375586608832959e+00
5.798828125000000000e+00 1.495872252020211013e+00 9.052105117020090984e+04 3.977055510309953092e+02 1.366375586608832959e+00
5.802734375000000000e+00 1.495872252020211013e+00 9.052105117020090984e+04 3.977055510309953092e+02 1.366375586608832959e+00
5.806640625000000000e+00 1.495872252020211013e+00 9.052105117020090984e+04 3.977055510309953092e+02 1.366375586608832959e+00
5.810546875000000000e+00 1.495872252020211013e+00 9.052105117020090984e+04 3.977055510309953092e+02 1.366375586608832959e+00
5.814453125000000000e+00 1.523443027103540182e+00 9.268312443173507927e+04 3.929756169042332772e+02 1.346524817836625809e+00
5.818359375000000000e+00 1.523443027103540182e+00 9.268312443173507927e+04 3.929756169042332772e+02 1.346524817836625809e+00
5.822265625000000000e+00 1.523443027103540182e+00 9.268312443173507927e+04 3.929756169042332772e+02 1.346524817836625809e+00
5.826171875000000000e+00 1.523443027103540182e+00 9.268312443173507927e+04 3.929756169042332772e+02 1.346524817836625809e+00
5.830078125000000000e+00 1.523443027103540182e+00 9.268312443173507927e+04 3.929756169042332772e+02 1.346524817836625809e+00
5.833984375000000000e+00 1.523443027103540182e+00 9.268312443173507927e+04 3.929756169042332772e+02 1.346524817836625809e+00
5.837890625000000000e+00 1.523443027103540182e+00 9.268312443173507927e+04 3.929756169042332772e+02 1.346524817836625809e+00
5.841796875000000000e+00 1.523443027103540182e+00 9.268312443173507927e+04 3.929756169042332772e+02 1.346524817836625809e+00
5.845703125000000000e+00 1.544945257111414616e+00 9.432578574473495246e+04 3.892765105698680941e+02 1.331482653106626390e+00
5.849609375000000000e+00 1.544945257111414616e+00 9.432578574473495246e+04 3.892765105698680941e+02 1.331482653106626390e+00
5.853515625000000000e+00 1.544945257111414616e+00 9.432578574473495246e+04 3.892765105698680941e+02 1.331482653106626390e+00
5.857421875000000000e+00 1.544945257111414616e+00 9.432578574473495246e+04 3.892765105698680941e+02 1.331482653106626390e+00
5.861328125000000000e+00 1.544945257111414616e+00 9.432578574473495246e+04 3.892765105698680941e+02 1.331482653106626390e+00
5.865234375000000000e+00 1.544945257111414616e+00 9.432578574473495246e+04 3.892765105698680941e+02 1.331482653106626390e+00
5.869140625000000000e+00 1.544945257111414616e+00 9.432578574473495246e+04 3.892765105698680941e+02 1.331482653106626390e+00
5.873046875000000000e+00 1.544945257111414616e+00 9.432578574473495246e+04 3.892765105698680941e+02 1.331482653106626390e+00
5.876953125000000000e+00 1.563357053187724999e+00 9.564285483205463970e+04 3.858306131323503791e+02 1.318364464698448701e+00
5.880859375000000000e+00 1.563357053187724999e+00 9.564285483205463970e+04 3.858306131323503791e+02 1.318364464698448701e+00
5.884765625000000000e+00 1.563357053187724999e+00 9.564285483205463970e+04 3.858306131323503791e+02 1.318364464698448701e+00
5.888671875000000000e+00 1.563357053187724999e+00 9.564285483205463970e+04 3.858306131323503791e+02 1.318364464698448701e+00
5.892578125000000000e+00 1.563357053187724999e+00 9.564285483205463970e+04 3.858306131323503791e+02 1.318364464698448701e+00
5.896484375000000000e+00 1.563357053187724999e+00 9.564285483205463970e+04 3.858306131323503791e+02 1.318364464698448701e+00
5.900390625000000000e+00 1.563357053187724999e+00 9.564285483205463970e+04 3.858306131323503791e+02 1.318364464698448701e+00
5.904296875000000000e+00 1.563357053187724999e+00 9.564285483205463970e+04 3.858306131323503791e+02 1.318364464698448701e+00
5.908203125000000000e+00 1.584782201108120958e+00 9.711895069039089140e+04 3.812674609863770456e+02 1.301662898253059808e+00
5.912109375000000000e+00 1.584782201108120958e+00 9.711895069039089140e+04 3.812674609863770456e+02 1.301662898253059808e+00
5.916015625000000000e+00 1.584782201108120958e+00 9.711895069039089140e+04 3.812674609863770456e+02 1.301662898253059808e+00
5.919921875000000000e+00 1.584782201108120958e+00 9.711895069039089140e+04 3.812674609863770456e+02 1.301662898253059808e+00
5.923828125000000000e+00 1.584782201108120958e+00 9.711895069039089140e+04 3.812674609863770456e+02 1.301662898253059808e+00
5.927734375000000000e+00 1.584782201108120958e+00 9.711895069039089140e+04 3.812674609863770456e+02 1.301662898253059808e+00
5.931640625000000000e+00 1.584782201108120958e+00 9.711895069039089140e+04 3.812674609863770456e+02 1.301662898253059808e+00
5.935546875000000000e+00 1.584782201108120958e+00 9.711895069039089140e+04 3.812674609863770456e+02 1.301662898253059808e+00
5.939453125000000000e+00 1.613433906951285968e+00 9.912017910310429579e+04 3.748448377331718007e+02 1.278150714462911175e+00
5.943359375000000000e+00 1.613433906951285968e+00 9.912017910310429579e+04 3.748448377331718007e+02 1.278150714462911175e+00
5.947265625000000000e+00 1.613433906951285968e+00 9.912017910310429579e+04 3.748448377331718007e+02 1.278150714462911175e+00
5.951171875000000000e+00 1.613433906951285968e+00 9.912017910310429579e+04 3.748448377331718007e+02 1.278150714462911175e+00
5.955078125000000000e+00 1.613433906951285968e+00 9.912017910310429579e+04 3.748448377331718007e+02 1.278150714462911175e+00
5.958984375000000000e+00 1.613433906951285968e+00 9.912017910310429579e+04 3.748448377331718007e+02 1.278150714462911175e+00
5.962890625000000000e+00 1.613433906951285968e+00 9.912017910310429579e+04 3.748448377331718007e+02 1.278150714462911175e+00
5.966796875000000000e+00 1.613433906951285968e+00 9.912017910310429579e+04 3.748448377331718007e+02 1.278150714462911175e+00
5.970703125000000000e+00 1.647596002279991367e+00 1.016020555032336561e+05 3.668193110854120960e+02 1.248424522175602513e+00
5.974609375000000000e+00 1.647596002279991367e+00 1.016020555032336561e+05 3.668193110854120960e+02 1.248424522175602513e+00
5.978515625000000000e+00 1.647596002279991367e+00 1.016020555032336561e+05 3.668193110854120960e+02 1.248424522175602513e+00
5.982421875000000000e+00 1.647596002279991367e+00 1.016020555032336561e+05 3.668193110854120960e+02 1.248424522175602513e+00
5.986328125000000000e+00 1.647596002279991367e+00 1.016020555032336561e+05 3.668193110854120960e+02 1.248424522175602513e+00
5.990234375000000000e+00 1.647596002279991367e+00 1.016020555032336561e+05 3.668193110854120960e+02 1.248424522175602513e+00
5.994140625000000000e+00 1.647596002279991367e+00 1.016020555032336561e+05 3.668193110854120960e+02 1.248424522175602513e+00
5.998046875000000000e+00 1.647596002279991367e+00 1.016020555032336561e+05 3.668193110854120960e+02 1.248424522175602513e+00
6.001953125000000000e+00 1.681330011961405635e+00 1.042362172739157977e+05 3.580875449887836908e+02 1.215464724555540332e+00
6.005859375000000000e+00 1.681330011961405635e+00 1.042362172739157977e+05 3.580875449887836908e+02 1.215464724555540332e+00
6.009765625000000000e+00 1.681330011961405635e+00 1.042362172739157977e+05 3.580875449887836908e+02 1.215464724555540332e+00
6.013671875000000000e+00 1.681330011961405635e+00 1.042362172739157977e+05 3.580875449887836908e+02 1.215464724555540332e+00
6.017578125000000000e+00 1.681330011961405635e+00 1.042362172739157977e+05 3.580875449887836908e+02 1.215464724555540332e+00
6.021484375000000000e+00 1.681330011961405635e+00 1.042362172739157977e+05 3.580875449887836908e+02 1.215464724555540332e+00
6.025390625000000000e+00 1.681330011961405635e+00 1.042362172739157977e+05 3.580875449887836908e+02 1.215464724555540332e+00
6.029296875000000000e+00 1.681330011961405635e+00 1.042362172739157977e+05 3.580875449887836908e+02 1.215464724555540332e+00
6.033203125000000000e+00 1.709447933610332093e+00 1.066324938854285574e+05 3.497772414057372430e+02 1.183615614954791617e+00
6.037109375000000000e+00 1.709447933610332093e+00 1.066324938854285574e+05 3.497772414057372430e+02 1.183615614954791617e+00
6.041015625000000000e+00 1.709447933610332093e+00 1.066324938854285574e+05 3.497772414057372430e+02 1.183615614954791617e+00
6.044921875000000000e+00 1.709447933610332093e+00 1.066324938854285574e+05 3.497772414057372430e+02 1.183615614954791617e+00
6.048828125000000000e+00 1.709447933610332093e+00 1.066324938854285574e+05 3.497772414057372430e+02 1.183615614954791617e+00
6.052734375000000000e+00 1.709447933610332093e+00 1.066324938854285574e+05 3.497772414057372430e+02 1.183615614954791617e+00
6.056640625000000000e+00 1.709447933610332093e+00 1.066324938854285574e+05 3.497772414057372430e+02 1.183615614954791617e+00
6.060546875000000000e+00 1.709447933610332093e+00 1.066324938854285574e+05 3.497772414057372430e+02 1.183615614954791617e+00
6.064453125000000000e+00 1.731009221040030299e+00 1.085069258417633391e+05 3.429689191449393775e+02 1.157741784565301080e+00
6.068359375000000000e+00 1.731009221040030299e+00 1.085069258417633391e+05 3.429689191449393775e+02 1.157741784565301080e+00
6.072265625000000000e+00 1.731009221040030299e+00 1.085069258417633391e+05 3.429689191449393775e+02 1.157741784565301080e+00
6.076171875000000000e+00 1.731009221040030299e+00 1.085069258417633391e+05 3.429689191449393775e+02 1.157741784565301080e+00
6.080078125000000000e+00 1.731009221040030299e+00 1.085069258417633391e+05 3.429689191449393775e+02 1.157741784565301080e+00
6.083984375000000000e+00 1.731009221040030299e+00 1.085069258417633391e+05 3.429689191449393775e+02 1.157741784565301080e+00
6.087890625000000000e+00 1.731009221040030299e+00 1.085069258417633391e+05 3.429689191449393775e+02 1.157741784565301080e+00
6.091796875000000000e+00 1.731009221040030299e+00 1.085069258417633391e+05 3.429689191449393775e+02 1.157741784565301080e+00
6.095703125000000000e+00 1.747267209939388222e+00 1.099056841449673520e+05 3.381357771480016368e+02 1.139453726771033626e+00
6.099609375000000000e+00 1.747267209939388222e+00 1.099056841449673520e+05 3.381357771480016368e+02 1.139453726771033626e+00
6.103515625000000000e+00 1.747267209939388222e+00 1.099056841449673520e+05 3.381357771480016368e+02 1.139453726771033626e+00
6.107421875000000000e+00 1.747267209939388222e+00 1.099056841449673520e+05 3.381357771480016368e+02 1.139453726771033626e+00
6.111328125000000000e+00 1.747267209939388222e+00 1.099056841449673520e+05 3.381357771480016368e+02 1.139453726771033626e+00
6.115234375000000000e+00 1.747267209939388222e+00 1.099056841449673520e+05 3.381357771480016368e+02 1.139453726771033626e+00
6.119140625000000000e+00 1.747267209939388222e+00 1.099056841449673520e+05 3.381357771480016368e+02 1.139453726771033626e+00
6.123046875000000000e+00 1.747267209939388222e+00 1.099056841449673520e+05 3.381357771480016368e+02 1.139453726771033626e+00
6.126953125000000000e+00 1.764100291879850291e+00 1.113517376674384286e+05 3.344695397301574644e+02 1.125137737389753534e+00
6.130859375000000000e+00 1.764100291879850291e+00 1.113517376674384286e+05 3.344695397301574644e+02 1.125137737389753534e+00
6.134765625000000000e+00 1.764100291879850291e+00 1.113517376674384286e+05 3.344695397301574644e+02 1.125137737389753534e+00
6.138671875000000000e+00 1.764100291879850291e+00 1.113517376674384286e+05 3.344695397301574644e+02 1.125137737389753534e+00
6.142578125000000000e+00 1.764100291879850291e+00 1.113517376674384286e+05 3.344695397301574644e+02 1.125137737389753534e+00
6.146484375000000000e+00 1.764100291879850291e+00 1.113517376674384286e+05 3.344695397301574644e+02 1.125137737389753534e+00
6.150390625000000000e+00 1.764100291879850291e+00 1.113517376674384286e+05 3.344695397301574644e+02 1.125137737389753534e+00
6.154296875000000000e+00 1.764100291879850291e+00 1.113517376674384286e+05 3.344695397301574644e+02 1.125137737389753534e+00
6.158203125000000000e+00 1.789024382408990199e+00 1.135532325033465604e+05 3.304412473961040178e+02 1.108507444282226473e+00
6.162109375000000000e+00 1.789024382408990199e+00 1.135532325033465604e+05 3.304412473961040178e+02 1.108507444282226473e+00
6.166015625000000000e+00 1.789024382408990199e+00 1.135532325033465604e+05 3.304412473961040178e+02 1.108507444282226473e+00
6.169921875000000000e+00 1.789024382408990199e+00 1.135532325033465604e+05 3.304412473961040178e+02 1.108507444282226473e+00
6.173828125000000000e+00 1.789024382408990199e+00 1.135532325033465604e+05 3.304412473961040178e+02 1.108507444282226473e+00
6.177734375000000000e+00 1.789024382408990199e+00 1.135532325033465604e+05 3.304412473961040178e+02 1.108507444282226473e+00
6.181640625000000000e+00 1.789024382408990199e+00 1.135532325033465604e+05 3.304412473961040178e+02 1.108507444282226473e+00
6.185546875000000000e+00 1.789024382408990199e+00 1.135532325033465604e+05 3.304412473961040178e+02 1.108507444282226473e+00
6.189453125000000000e+00 1.821793592092235015e+00 1.165620334490335954e+05 3.254744023785694367e+02 1.087486433750602721e+00
6.193359375000000000e+00 1.821793592092235015e+00 1.165620334490335954e+05 3.254744023785694367e+02 1.087486433750602721e+00
6.197265625000000000e+00 1.821793592092235015e+00 1.165620334490335954e+05 3.254744023785694367e+02 1.087486433750602721e+00
6.201171875000000000e+00 1.821793592092235015e+00 1.165620334490335954e+05 3.254744023785694367e+02 1.087486433750602721e+00
6.205078125000000000e+00 1.821793592092235015e+00 1.165620334490335954e+05 3.254744023785694367e+02 1.087486433750602721e+00
6.208984375000000000e+00 1.821793592092235015e+00 1.165620334490335954e+05 3.254744023785694367e+02 1.087486433750602721e+00
6.212890625000000000e+00 1.821793592092235015e+00 1.165620334490335954e+05 3.254744023785694367e+02 1.087486433750602721e+00
6.216796875000000000e+00 1.821793592092235015e+00 1.165620334490335954e+05 3.254744023785694367e+02 1.087486433750602721e+00
6.220703125000000000e+00 1.849234550973482660e+00 1.193738059986778098e+05 3.213601954241594285e+02 1.068979912202411731e+00
6.224609375000000000e+00 1.849234550973482660e+00 1.193738059986778098e+05 3.213601954241594285e+02 1.068979912202411731e+00
6.228515625000000000e+00 1.849234550973482660e+00 1.193738059986778098e+05 3.213601954241594285e+02 1.068979912202411731e+00
6.232421875000000000e+00 1.849234550973482660e+00 1.193738059986778098e+05 3.213601954241594285e+02 1.068979912202411731e+00
6.236328125000000000e+00 1.849234550973482660e+00 1.193738059986778098e+05 3.213601954241594285e+02 1.068979912202411731e+00
6.240234375000000000e+00 1.849234550973482660e+00 1.193738059986778098e+05 3.213601954241594285e+02 1.068979912202411731e+00
6.244140625000000000e+00 1.849234550973482660e+00 1.193738059986778098e+05 3.213601954241594285e+02 1.068979912202411731e+00
6.248046875000000000e+00 1.849234550973482660e+00 1.193738059986778098e+05 3.213601954241594285e+02 1.068979912202411731e+00
6.251953125000000000e+00 1.845068452337334186e+00 1.205881370433708653e+05 3.205582307761093830e+02 1.059733987943320965e+00
6.255859375000000000e+00 1.845068452337334186e+00 1.205881370433708653e+05 3.205582307761093830e+02 1.059733987943320965e+00
6.259765625000000000e+00 1.845068452337334186e+00 1.205881370433708653e+05 3.205582307761093830e+02 1.059733987943320965e+00
6.263671875000000000e+00 1.845068452337334186e+00 1.205881370433708653e+05 3.205582307761093830e+02 1.059733987943320965e+00
6.267578125000000000e+00 1.845068452337334186e+00 1.205881370433708653e+05 3.205582307761093830e+02 1.059733987943320965e+00
6.271484375000000000e+00 1.845068452337334186e+00 1.205881370433708653e+05 3.205582307761093830e+02 1.059733987943320965e+00
6.275390625000000000e+00 1.845068452337334186e+00 1.205881370433708653e+05 3.205582307761093830e+02 1.059733987943320965e+00
6.279296875000000000e+00 1.845068452337334186e+00 1.205881370433708653e+05 3.205582307761093830e+02 1.059733987943320965e+00
6.283203125000000000e+00 1.770656866434612953e+00 1.195229309366023663e+05 3.241505127619370796e+02 1.054445849952712289e+00
6.287109375000000000e+00 1.770656866434612953e+00 1.195229309366023663e+05 3.241505127619370796e+02 1.054445849952712289e+00
6.291015625000000000e+00 1.770656866434612953e+00 1.195229309366023663e+05 3.241505127619370796e+02 1.054445849952712289e+00
6.294921875000000000e+00 1.770656866434612953e+00 1.195229309366023663e+05 3.241505127619370796e+02 1.054445849952712289e+00
6.298828125000000000e+00 1.770656866434612953e+00 1.195229309366023663e+05 3.241505127619370796e+02 1.054445849952712289e+00
6.302734375000000000e+00 1.770656866434612953e+00 1.195229309366023663e+05 3.241505127619370796e+02 1.054445849952712289e+00
6.306640625000000000e+00 1.770656866434612953e+00 1.195229309366023663e+05 3.241505127619370796e+02 1.054445849952712289e+00
6.310546875000000000e+00 1.770656866434612953e+00 1.195229309366023663e+05 3.241505127619370796e+02 1.054445849952712289e+00
6.314453125000000000e+00 1.626698020896365060e+00 1.166950747733597673e+05 3.315125093457134540e+02 1.046075688173477847e+00
6.318359375000000000e+00 1.626698020896365060e+00 1.166950747733597673e+05 3.315125093457134540e+02 1.046075688173477847e+00
6.322265625000000000e+00 1.626698020896365060e+00 1.166950747733597673e+05 3.315125093457134540e+02 1.046075688173477847e+00
6.326171875000000000e+00 1.626698020896365060e+00 1.166950747733597673e+05 3.315125093457134540e+02 1.046075688173477847e+00
6.330078125000000000e+00 1.626698020896365060e+00 1.166950747733597673e+05 3.315125093457134540e+02 1.046075688173477847e+00
6.333984375000000000e+00 1.626698020896365060e+00 1.166950747733597673e+05 3.315125093457134540e+02 1.046075688173477847e+00
6.337890625000000000e+00 1.626698020896365060e+00 1.166950747733597673e+05 3.315125093457134540e+02 1.046075688173477847e+00
6.341796875000000000e+00 1.626698020896365060e+00 1.166950747733597673e+05 3.315125093457134540e+02 1.046075688173477847e+00
6.345703125000000000e+00 1.465870033973866393e+00 1.133663585232840851e+05 3.412592872216167734e+02 1.037113044123971761e+00
6.349609375000000000e+00 1.465870033973866393e+00 1.133663585232840851e+05 3.412592872216167734e+02 1.037113044123971761e+00
6.353515625000000000e+00 1.465870033973866393e+00 1.133663585232840851e+05 3.412592872216167734e+02 1.037113044123971761e+00
6.357421875000000000e+00 1.465870033973866393e+00 1.133663585232840851e+05 3.412592872216167734e+02 1.037113044123971761e+00
6.361328125000000000e+00 1.465870033973866393e+00 1.133663585232840851e+05 3.412592872216167734e+02 1.037113044123971761e+00
6.365234375000000000e+00 1.465870033973866393e+00 1.133663585232840851e+05 3.412592872216167734e+02 1.037113044123971761e+00
6.369140625000000000e+00 1.465870033973866393e+00 1.133663585232840851e+05 3.412592872216167734e+02 1.037113044123971761e+00
6.373046875000000000e+00 1.465870033973866393e+00 1.133663585232840851e+05 3.412592872216167734e+02 1.037113044123971761e+00
6.376953125000000000e+00 1.346941496045684028e+00 1.102306544634852762e+05 3.515542692963812783e+02 1.038607685457363594e+00
6.380859375000000000e+00 1.346941496045684028e+00 1.102306544634852762e+05 3.515542692963812783e+02 1.038607685457363594e+00
6.384765625000000000e+00 1.346941496045684028e+00 1.102306544634852762e+05 3.515542692963812783e+02 1.038607685457363594e+00
6.388671875000000000e+00 1.346941496045684028e+00 1.102306544634852762e+05 3.515542692963812783e+02 1.038607685457363594e+00
6.392578125000000000e+00 1.346941496045684028e+00 1.102306544634852762e+05 3.515542692963812783e+02 1.038607685457363594e+00
6.396484375000000000e+00 1.346941496045684028e+00 1.102306544634852762e+05 3.515542692963812783e+02 1.038607685457363594e+00
6.400390625000000000e+00 1.346941496045684028e+00 1.102306544634852762e+05 3.515542692963812783e+02 1.038607685457363594e+00
6.404296875000000000e+00 1.346941496045684028e+00 1.102306544634852762e+05 3.515542692963812783e+02 1.038607685457363594e+00
6.408203125000000000e+00 1.300139737569239617e+00 1.075831565134715929e+05 3.618323106472933546e+02 1.063080624060603663e+00
6.412109375000000000e+00 1.300139737569239617e+00 1.075831565134715929e+05 3.618323106472933546e+02 1.063080624060603663e+00
6.416015625000000000e+00 1.300139737569239617e+00 1.075831565134715929e+05 3.618323106472933546e+02 1.063080624060603663e+00
6.419921875000000000e+00 1.300139737569239617e+00 1.075831565134715929e+05 3.618323106472933546e+02 1.063080624060603663e+00
6.423828125000000000e+00 1.300139737569239617e+00 1.075831565134715929e+05 3.618323106472933546e+02 1.063080624060603663e+00
6.427734375000000000e+00 1.300139737569239617e+00 1.075831565134715929e+05 3.618323106472933546e+02 1.063080624060603663e+00
6.431640625000000000e+00 1.300139737569239617e+00 1.075831565134715929e+05 3.618323106472933546e+02 1.063080624060603663e+00
6.435546875000000000e+00 1.300139737569239617e+00 1.075831565134715929e+05 3.618323106472933546e+02 1.063080624060603663e+00
6.439453125000000000e+00 1.291399913231174645e+00 1.048111139213168790e+05 3.734708982713964929e+02 1.107948200637683511e+00
6.443359375000000000e+00 1.291399913231174645e+00 1.048111139213168790e+05 3.734708982713964929e+02 1.107948200637683511e+00
6.447265625000000000e+00 1.291399913231174645e+00 1.048111139213168790e+05 3.734708982713964929e+02 1.107948200637683511e+00
6.451171875000000000e+00 1.291399913231174645e+00 1.048111139213168790e+05 3.734708982713964929e+02 1.107948200637683511e+00
6.455078125000000000e+00 1.291399913231174645e+00 1.048111139213168790e+05 3.734708982713964929e+02 1.107948200637683511e+00
6.458984375000000000e+00 1.291399913231174645e+00 1.048111139213168790e+05 3.734708982713964929e+02 1.107948200637683511e+00
6.462890625000000000e+00 1.291399913231174645e+00 1.048111139213168790e+05 3.734708982713964929e+02 1.107948200637683511e+00
6.466796875000000000e+00 1.291399913231174645e+00 1.048111139213168790e+05 3.734708982713964929e+02 1.107948200637683511e+00
6.470703125000000000e+00 1.281550636786434882e+00 1.014900928862135042e+05 3.890301880554168292e+02 1.168356410204194562e+00
6.474609375000000000e+00 1.281550636786434882e+00 1.014900928862135042e+05 3.890301880554168292e+02 1.168356410204194562e+00
6.478515625000000000e+00 1.281550636786434882e+00 1.014900928862135042e+05 3.890301880554168292e+02 1.168356410204194562e+00
6.482421875000000000e+00 1.281550636786434882e+00 1.014900928862135042e+05 3.890301880554168292e+02 1.168356410204194562e+00
6.486328125000000000e+00 1.281550636786434882e+00 1.014900928862135042e+05 3.890301880554168292e+02 1.168356410204194562e+00
6.490234375000000000e+00 1.281550636786434882e+00 1.014900928862135042e+05 3.890301880554168292e+02 1.168356410204194562e+00
6.494140625000000000e+00 1.281550636786434882e+00 1.014900928862135042e+05 3.890301880554168292e+02 1.168356410204194562e+00
6.498046875000000000e+00 1.281550636786434882e+00 1.014900928862135042e+05 3.890301880554168292e+02 1.168356410204194562e+00
6.501953125000000000e+00 1.253180972964921702e+00 9.761971706625960360e+04 4.069121196740526898e+02 1.232181634310171914e+00
6.505859375000000000e+00 1.253180972964921702e+00 9.761971706625960360e+04 4.069121196740526898e+02 1.232181634310171914e+00
6.509765625000000000e+00 1.253180972964921702e+00 9.761971706625960360e+04 4.069121196740526898e+02 1.232181634310171914e+00
6.513671875000000000e+00 1.253180972964921702e+00 9.761971706625960360e+04 4.069121196740526898e+02 1.232181634310171914e+00
6.517578125000000000e+00 1.253180972964921702e+00 9.761971706625960360e+04 4.069121196740526898e+02 1.232181634310171914e+00
6.521484375000000000e+00 1.253180972964921702e+00 9.761971706625960360e+04 4.069121196740526898e+02 1.232181634310171914e+00
6.525390625000000000e+00 1.253180972964921702e+00 9.761971706625960360e+04 4.069121196740526898e+02 1.232181634310171914e+00
6.529296875000000000e+00 1.253180972964921702e+00 9.761971706625960360e+04 4.069121196740526898e+02 1.232181634310171914e+00
6.533203125000000000e+00 1.224615582827950355e+00 9.427464105415127415e+04 4.211511088513389041e+02 1.282851474135373815e+00
6.537109375000000000e+00 1.224615582827950355e+00 9.427464105415127415e+04 4.211511088513389041e+02 1.282851474135373815e+00
6.541015625000000000e+00 1.224615582827950355e+00 9.427464105415127415e+04 4.211511088513389041e+02 1.282851474135373815e+00
6.544921875000000000e+00 1.224615582827950355e+00 9.427464105415127415e+04 4.211511088513389041e+02 1.282851474135373815e+00
6.548828125000000000e+00 1.224615582827950355e+00 9.427464105415127415e+04 4.211511088513389041e+02 1.282851474135373815e+00
6.552734375000000000e+00 1.224615582827950355e+00 9.427464105415127415e+04 4.211511088513389041e+02 1.282851474135373815e+00
6.556640625000000000e+00 1.224615582827950355e+00 9.427464105415127415e+04 4.211511088513389041e+02 1.282851474135373815e+00
6.560546875000000000e+00 1.224615582827950355e+00 9.427464105415127415e+04 4.211511088513389041e+02 1.282851474135373815e+00
6.564453125000000000e+00 1.219253656012272646e+00 9.226928150480872137e+04 4.275362259884416289e+02 1.313491798194846849e+00
6.568359375000000000e+00 1.219253656012272646e+00 9.226928150480872137e+04 4.275362259884416289e+02 1.313491798194846849e+00
6.572265625000000000e+00 1.219253656012272646e+00 9.226928150480872137e+04 4.275362259884416289e+02 1.313491798194846849e+00
6.576171875000000000e+00 1.219253656012272646e+00 9.226928150480872137e+04 4.275362259884416289e+02 1.313491798194846849e+00
6.580078125000000000e+00 1.219253656012272646e+00 9.226928150480872137e+04 4.275362259884416289e+02 1.313491798194846849e+00
6.583984375000000000e+00 1.219253656012272646e+00 9.226928150480872137e+04 4.275362259884416289e+02 1.313491798194846849e+00
6.587890625000000000e+00 1.219253656012272646e+00 9.226928150480872137e+04 4.275362259884416289e+02 1.313491798194846849e+00
6.591796875000000000e+00 1.219253656012272646e+00 9.226928150480872137e+04 4.275362259884416289e+02 1.313491798194846849e+00
6.595703125000000000e+00 1.236881070315254183e+00 9.095025808507198235e+04 4.284181539702942700e+02 1.335260037265065591e+00
6.599609375000000000e+00 1.236881070315254183e+00 9.095025808507198235e+04 4.284181539702942700e+02 1.335260037265065591e+00
6.603515625000000000e+00 1.236881070315254183e+00 9.095025808507198235e+04 4.284181539702942700e+02 1.335260037265065591e+00
6.607421875000000000e+00 1.236881070315254183e+00 9.095025808507198235e+04 4.284181539702942700e+02 1.335260037265065591e+00
6.611328125000000000e+00 1.236881070315254183e+00 9.095025808507198235e+04 4.284181539702942700e+02 1.335260037265065591e+00
6.615234375000000000e+00 1.236881070315254183e+00 9.095025808507198235e+04 4.284181539702942700e+02 1.335260037265065591e+00
6.619140625000000000e+00 1.236881070315254183e+00 9.095025808507198235e+04 4.284181539702942700e+02 1.335260037265065591e+00
6.623046875000000000e+00 1.236881070315254183e+00 9.095025808507198235e+04 4.284181539702942700e+02 1.335260037265065591e+00
6.626953125000000000e+00 1.266370012094995223e+00 8.953102501021839271e+04 4.288403290410257114e+02 1.363091888237932370e+00
6.630859375000000000e+00 1.266370012094995223e+00 8.953102501021839271e+04 4.288403290410257114e+02 1.363091888237932370e+00
6.634765625000000000e+00 1.266370012094995223e+00 8.953102501021839271e+04 4.288403290410257114e+02 1.363091888237932370e+00
6.638671875000000000e+00 1.266370012094995223e+00 8.953102501021839271e+04 4.288403290410257114e+02 1.363091888237932370e+00
6.642578125000000000e+00 1.266370012094995223e+00 8.953102501021839271e+04 4.288403290410257114e+02 1.363091888237932370e+00
6.646484375000000000e+00 1.266370012094995223e+00 8.953102501021839271e+04 4.288403290410257114e+02 1.363091888237932370e+00
6.650390625000000000e+00 1.266370012094995223e+00 8.953102501021839271e+04 4.288403290410257114e+02 1.363091888237932370e+00
6.654296875000000000e+00 1.266370012094995223e+00 8.953102501021839271e+04 4.288403290410257114e+02 1.363091888237932370e+00
6.658203125000000000e+00 1.297914108615837669e+00 8.803240559361821215e+04 4.307001563083420592e+02 1.397695939164871337e+00
6.662109375000000000e+00 1.297914108615837669e+00 8.803240559361821215e+04 4.307001563083420592e+02 1.397695939164871337e+00
6.666015625000000000e+00 1.297914108615837669e+00 8.803240559361821215e+04 4.307001563083420592e+02 1.397695939164871337e+00
6.669921875000000000e+00 1.297914108615837669e+00 8.803240559361821215e+04 4.307001563083420592e+02 1.397695939164871337e+00
6.673828125000000000e+00 1.297914108615837669e+00 8.803240559361821215e+04 4.307001563083420592e+02 1.397695939164871337e+00
6.677734375000000000e+00 1.297914108615837669e+00 8.803240559361821215e+04 4.307001563083420592e+02 1.397695939164871337e+00
6.681640625000000000e+00 1.297914108615837669e+00 8.803240559361821215e+04 4.307001563083420592e+02 1.397695939164871337e+00
6.685546875000000000e+00 1.297914108615837669e+00 8.803240559361821215e+04 4.307001563083420592e+02 1.397695939164871337e+00
6.689453125000000000e+00 1.325654560887569167e+00 8.669349634237251303e+04 4.340397070605970384e+02 1.434456457308105559e+00
6.693359375000000000e+00 1.325654560887569167e+00 8.669349634237251303e+04 4.340397070605970384e+02 1.434456457308105559e+00
6.697265625000000000e+00 1.325654560887569167e+00 8.669349634237251303e+04 4.340397070605970384e+02 1.434456457308105559e+00
6.701171875000000000e+00 1.325654560887569167e+00 8.669349634237251303e+04 4.340397070605970384e+02 1.434456457308105559e+00
6.705078125000000000e+00 1.325654560887569167e+00 8.669349634237251303e+04 4.340397070605970384e+02 1.434456457308105559e+00
6.708984375000000000e+00 1.325654560887569167e+00 8.669349634237251303e+04 4.340397070605970384e+02 1.434456457308105559e+00
6.712890625000000000e+00 1.325654560887569167e+00 8.669349634237251303e+04 4.340397070605970384e+02 1.434456457308105559e+00
6.716796875000000000e+00 1.325654560887569167e+00 8.669349634237251303e+04 4.340397070605970384e+02 1.434456457308105559e+00
6.720703125000000000e+00 1.344920662655628929e+00 8.538540514837764204e+04 4.370035693564350368e+02 1.465809316201899692e+00
6.724609375000000000e+00 1.344920662655628929e+00 8.538540514837764204e+04 4.370035693564350368e+02 1.465809316201899692e+00
6.728515625000000000e+00 1.344920662655628929e+00 8.538540514837764204e+04 4.370035693564350368e+02 1.465809316201899692e+00
6.732421875000000000e+00 1.344920662655628929e+00 8.538540514837764204e+04 4.370035693564350368e+02 1.465809316201899692e+00
6.736328125000000000e+00 1.344920662655628929e+00 8.538540514837764204e+04 4.370035693564350368e+02 1.465809316201899692e+00
6.740234375000000000e+00 1.344920662655628929e+00 8.538540514837764204e+04 4.370035693564350368e+02 1.465809316201899692e+00
6.744140625000000000e+00 1.344920662655628929e+00 8.538540514837764204e+04 4.370035693564350368e+02 1.465809316201899692e+00
6.748046875000000000e+00 1.344920662655628929e+00 8.538540514837764204e+04 4.370035693564350368e+02 1.465809316201899692e+00
6.751953125000000000e+00 1.349271085467810494e+00 8.391139134272329102e+04 4.391809382313835499e+02 1.488396396978890479e+00
6.755859375000000000e+00 1.349271085467810494e+00 8.391139134272329102e+04 4.391809382313835499e+02 1.488396396978890479e+00
6.759765625000000000e+00 1.349271085467810494e+00 8.391139134272329102e+04 4.391809382313835499e+02 1.488396396978890479e+00
6.763671875000000000e+00 1.349271085467810494e+00 8.391139134272329102e+04 4.391809382313835499e+02 1.488396396978890479e+00
6.767578125000000000e+00 1.349271085467810494e+00 8.391139134272329102e+04 4.391809382313835499e+02 1.488396396978890479e+00
6.771484375000000000e+00 1.349271085467810494e+00 8.391139134272329102e+04 4.391809382313835499e+02 1.488396396978890479e+00
6.775390625000000000e+00 1.349271085467810494e+00 8.391139134272329102e+04 4.391809382313835499e+02 1.488396396978890479e+00
6.779296875000000000e+00 1.349271085467810494e+00 8.391139134272329102e+04 4.391809382313835499e+02 1.488396396978890479e+00
6.783203125000000000e+00 1.337737318112839136e+00 8.233040991088497685e+04 4.409614817976092809e+02 1.502248987070329500e+00
6.787109375000000000e+00 1.337737318112839136e+00 8.233040991088497685e+04 4.409614817976092809e+02 1.502248987070329500e+00
6.791015625000000000e+00 1.337737318112839136e+00 8.233040991088497685e+04 4.409614817976092809e+02 1.502248987070329500e+00
6.794921875000000000e+00 1.337737318112839136e+00 8.233040991088497685e+04 4.409614817976092809e+02 1.502248987070329500e+00
6.798828125000000000e+00 1.337737318112839136e+00 8.233040991088497685e+04 4.409614817976092809e+02 1.502248987070329500e+00
6.802734375000000000e+00 1.337737318112839136e+00 8.233040991088497685e+04 4.409614817976092809e+02 1.502248987070329500e+00
6.806640625000000000e+00 1.337737318112839136e+00 8.233040991088497685e+04 4.409614817976092809e+02 1.502248987070329500e+00
6.810546875000000000e+00 1.337737318112839136e+00 8.233040991088497685e+04 4.409614817976092809e+02 1.502248987070329500e+00
6.814453125000000000e+00 1.321073901934311179e+00 8.110092516405197966e+04 4.420691449360450065e+02 1.507914918839156293e+00
6.818359375000000000e+00 1.321073901934311179e+00 8.110092516405197966e+04 4.420691449360450065e+02 1.507914918839156293e+00
6.822265625000000000e+00 1.321073901934311179e+00 8.110092516405197966e+04 4.420691449360450065e+02 1.507914918839156293e+00
6.826171875000000000e+00 1.321073901934311179e+00 8.110092516405197966e+04 4.420691449360450065e+02 1.507914918839156293e+00
6.830078125000000000e+00 1.321073901934311179e+00 8.110092516405197966e+04 4.420691449360450065e+02 1.507914918839156293e+00
6.833984375000000000e+00 1.321073901934311179e+00 8.110092516405197966e+04 4.420691449360450065e+02 1.507914918839156293e+00
6.837890625000000000e+00 1.321073901934311179e+00 8.110092516405197966e+04 4.420691449360450065e+02 1.507914918839156293e+00
6.841796875000000000e+00 1.321073901934311179e+00 8.110092516405197966e+04 4.420691449360450065e+02 1.507914918839156293e+00
6.845703125000000000e+00 1.309123989973851154e+00 8.049011954101690208e+04 4.427716587790129665e+02 1.509158663530723032e+00
6.849609375000000000e+00 1.309123989973851154e+00 8.049011954101690208e+04 4.427716587790129665e+02 1.509158663530723032e+00
6.853515625000000000e+00 1.309123989973851154e+00 8.049011954101690208e+04 4.427716587790129665e+02 1.509158663530723032e+00
6.857421875000000000e+00 1.309123989973851154e+00 8.049011954101690208e+04 4.427716587790129665e+02 1.509158663530723032e+00
6.861328125000000000e+00 1.309123989973851154e+00 8.049011954101690208e+04 4.427716587790129665e+02 1.509158663530723032e+00
6.865234375000000000e+00 1.309123989973851154e+00 8.049011954101690208e+04 4.427716587790129665e+02 1.509158663530723032e+00
6.869140625000000000e+00 1.309123989973851154e+00 8.049011954101690208e+04 4.427716587790129665e+02 1.509158663530723032e+00
6.873046875000000000e+00 1.309123989973851154e+00 8.049011954101690208e+04 4.427716587790129665e+02 1.509158663530723032e+00
6.876953125000000000e+00 1.304732108994645534e+00 8.020875669926687260e+04 4.437928444290026846e+02 1.512746165043703739e+00
6.880859375000000000e+00 1.304732108994645534e+00 8.020875669926687260e+04 4.437928444290026846e+02 1.512746165043703739e+00
6.884765625000000000e+00 1.304732108994645534e+00 8.020875669926687260e+04 4.437928444290026846e+02 1.512746165043703739e+00
6.888671875000000000e+00 1.304732108994645534e+00 8.020875669926687260e+04 4.437928444290026846e+02 1.512746165043703739e+00
6.892578125000000000e+00 1.304732108994645534e+00 8.020875669926687260e+04 4.437928444290026846e+02 1.512746165043703739e+00
6.896484375000000000e+00 1.304732108994645534e+00 8.020875669926687260e+04 4.437928444290026846e+02 1.512746165043703739e+00
6.900390625000000000e+00 1.304732108994645534e+00 8.020875669926687260e+04 4.437928444290026846e+02 1.512746165043703739e+00
6.904296875000000000e+00 1.304732108994645534e+00 8.020875669926687260e+04 4.437928444290026846e+02 1.512746165043703739e+00
6.908203125000000000e+00 1.304175001700823122e+00 7.992342393284833815e+04 4.455005037509248496e+02 1.520950489216806201e+00
6.912109375000000000e+00 1.304175001700823122e+00 7.992342393284833815e+04 4.455005037509248496e+02 1.520950489216806201e+00
6.916015625000000000e+00 1.304175001700823122e+00 7.992342393284833815e+04 4.455005037509248496e+02 1.520950489216806201e+00
6.919921875000000000e+00 1.304175001700823122e+00 7.992342393284833815e+04 4.455005037509248496e+02 1.520950489216806201e+00
6.923828125000000000e+00 1.304175001700823122e+00 7.992342393284833815e+04 4.455005037509248496e+02 1.520950489216806201e+00
6.927734375000000000e+00 1.304175001700823122e+00 7.992342393284833815e+04 4.455005037509248496e+02 1.520950489216806201e+00
6.931640625000000000e+00 1.304175001700823122e+00 7.992342393284833815e+04 4.455005037509248496e+02 1.520950489216806201e+00
6.935546875000000000e+00 1.304175001700823122e+00 7.992342393284833815e+04 4.455005037509248496e+02 1.520950489216806201e+00
6.939453125000000000e+00 1.305260265751722493e+00 7.945561706309384317e+04 4.483103898672751484e+02 1.535681111464448634e+00
6.943359375000000000e+00 1.305260265751722493e+00 7.945561706309384317e+04 4.483103898672751484e+02 1.535681111464448634e+00
6.947265625000000000e+00 1.305260265751722493e+00 7.945561706309384317e+04 4.483103898672751484e+02 1.535681111464448634e+00
6.951171875000000000e+00 1.305260265751722493e+00 7.945561706309384317e+04 4.483103898672751484e+02 1.535681111464448634e+00
6.955078125000000000e+00 1.305260265751722493e+00 7.945561706309384317e+04 4.483103898672751484e+02 1.535681111464448634e+00
6.958984375000000000e+00 1.305260265751722493e+00 7.945561706309384317e+04 4.483103898672751484e+02 1.535681111464448634e+00
6.962890625000000000e+00 1.305260265751722493e+00 7.945561706309384317e+04 4.483103898672751484e+02 1.535681111464448634e+00
6.966796875000000000e+00 1.305260265751722493e+00 7.945561706309384317e+04 4.483103898672751484e+02 1.535681111464448634e+00
6.970703125000000000e+00 1.307191575480888046e+00 7.875122983931894123e+04 4.517720774865718454e+02 1.555594199345576412e+00
6.974609375000000000e+00 1.307191575480888046e+00 7.875122983931894123e+04 4.517720774865718454e+02 1.555594199345576412e+00
6.978515625000000000e+00 1.307191575480888046e+00 7.875122983931894123e+04 4.517720774865718454e+02 1.555594199345576412e+00
6.982421875000000000e+00 1.307191575480888046e+00 7.875122983931894123e+04 4.517720774865718454e+02 1.555594199345576412e+00
6.986328125000000000e+00 1.307191575480888046e+00 7.875122983931894123e+04 4.517720774865718454e+02 1.555594199345576412e+00
6.990234375000000000e+00 1.307191575480888046e+00 7.875122983931894123e+04 4.517720774865718454e+02 1.555594199345576412e+00
6.994140625000000000e+00 1.307191575480888046e+00 7.875122983931894123e+04 4.517720774865718454e+02 1.555594199345576412e+00
6.998046875000000000e+00 1.307191575480888046e+00 7.875122983931894123e+04 4.517720774865718454e+02 1.555594199345576412e+00
7.001953125000000000e+00 1.311167749637051072e+00 7.801306004434579518e+04 4.544270861075183348e+02 1.574510873928624655e+00
7.005859375000000000e+00 1.311167749637051072e+00 7.801306004434579518e+04 4.544270861075183348e+02 1.574510873928624655e+00
7.009765625000000000e+00 1.311167749637051072e+00 7.801306004434579518e+04 4.544270861075183348e+02 1.574510873928624655e+00
7.013671875000000000e+00 1.311167749637051072e+00 7.801306004434579518e+04 4.544270861075183348e+02 1.574510873928624655e+00
7.017578125000000000e+00 1.311167749637051072e+00 7.801306004434579518e+04 4.544270861075183348e+02 1.574510873928624655e+00
7.021484375000000000e+00 1.311167749637051072e+00 7.801306004434579518e+04 4.544270861075183348e+02 1.574510873928624655e+00
7.025390625000000000e+00 1.311167749637051072e+00 7.801306004434579518e+04 4.544270861075183348e+02 1.574510873928624655e+00
7.029296875000000000e+00 1.311167749637051072e+00 7.801306004434579518e+04 4.544270861075183348e+02 1.574510873928624655e+00
7.033203125000000000e+00 1.320640657440344867e+00 7.763261647578522388e+04 4.544609374860384605e+02 1.584173565473804945e+00
7.037109375000000000e+00 1.320640657440344867e+00 7.763261647578522388e+04 4.544609374860384605e+02 1.584173565473804945e+00
7.041015625000000000e+00 1.320640657440344867e+00 7.763261647578522388e+04 4.544609374860384605e+02 1.584173565473804945e+00
7.044921875000000000e+00 1.320640657440344867e+00 7.763261647578522388e+04 4.544609374860384605e+02 1.584173565473804945e+00
7.048828125000000000e+00 1.320640657440344867e+00 7.763261647578522388e+04 4.544609374860384605e+02 1.584173565473804945e+00
7.052734375000000000e+00 1.320640657440344867e+00 7.763261647578522388e+04 4.544609374860384605e+02 1.584173565473804945e+00
7.056640625000000000e+00 1.320640657440344867e+00 7.763261647578522388e+04 4.544609374860384605e+02 1.584173565473804945e+00
7.060546875000000000e+00 1.320640657440344867e+00 7.763261647578522388e+04 4.544609374860384605e+02 1.584173565473804945e+00
7.064453125000000000e+00 1.339524668113434291e+00 7.810855923299578717e+04 4.501896635907540940e+02 1.575641989550245370e+00
7.068359375000000000e+00 1.339524668113434291e+00 7.810855923299578717e+04 4.501896635907540940e+02 1.575641989550245370e+00
7.072265625000000000e+00 1.339524668113434291e+00 7.810855923299578717e+04 4.501896635907540940e+02 1.575641989550245370e+00
7.076171875000000000e+00 1.339524668113434291e+00 7.810855923299578717e+04 4.501896635907540940e+02 1.575641989550245370e+00
7.080078125000000000e+00 1.339524668113434291e+00 7.810855923299578717e+04 4.501896635907540940e+02 1.575641989550245370e+00
7.083984375000000000e+00 1.339524668113434291e+00 7.810855923299578717e+04 4.501896635907540940e+02 1.575641989550245370e+00
7.087890625000000000e+00 1.339524668113434291e+00 7.810855923299578717e+04 4.501896635907540940e+02 1.575641989550245370e+00
7.091796875000000000e+00 1.339524668113434291e+00 7.810855923299578717e+04 4.501896635907540940e+02 1.575641989550245370e+00
7.095703125000000000e+00 1.370775223628347250e+00 7.981239511771404068e+04 4.414378747241108840e+02 1.546156766883892919e+00
7.099609375000000000e+00 1.370775223628347250e+00 7.981239511771404068e+04 4.414378747241108840e+02 1.546156766883892919e+00
7.103515625000000000e+00 1.370775223628347250e+00 7.981239511771404068e+04 4.414378747241108840e+02 1.546156766883892919e+00
7.107421875000000000e+00 1.370775223628347250e+00 7.981239511771404068e+04 4.414378747241108840e+02 1.546156766883892919e+00
7.111328125000000000e+00 1.370775223628347250e+00 7.981239511771404068e+04 4.414378747241108840e+02 1.546156766883892919e+00
7.115234375000000000e+00 1.370775223628347250e+00 7.981239511771404068e+04 4.414378747241108840e+02 1.546156766883892919e+00
7.119140625000000000e+00 1.370775223628347250e+00 7.981239511771404068e+04 4.414378747241108840e+02 1.546156766883892919e+00
7.123046875000000000e+00 1.370775223628347250e+00 7.981239511771404068e+04 4.414378747241108840e+02 1.546156766883892919e+00
7.126953125000000000e+00 1.409768053157575363e+00 8.236866797382457298e+04 4.302579429158341782e+02 1.504380480026740408e+00
7.130859375000000000e+00 1.409768053157575363e+00 8.236866797382457298e+04 4.302579429158341782e+02 1.504380480026740408e+00
7.134765625000000000e+00 1.409768053157575363e+00 8.236866797382457298e+04 4.302579429158341782e+02 1.504380480026740408e+00
7.138671875000000000e+00 1.409768053157575363e+00 8.236866797382457298e+04 4.302579429158341782e+02 1.504380480026740408e+00
7.142578125000000000e+00 1.409768053157575363e+00 8.236866797382457298e+04 4.302579429158341782e+02 1.504380480026740408e+00
7.146484375000000000e+00 1.409768053157575363e+00 8.236866797382457298e+04 4.302579429158341782e+02 1.504380480026740408e+00
7.150390625000000000e+00 1.409768053157575363e+00 8.236866797382457298e+04 4.302579429158341782e+02 1.504380480026740408e+00
7.154296875000000000e+00 1.409768053157575363e+00 8.236866797382457298e+04 4.302579429158341782e+02 1.504380480026740408e+00
7.158203125000000000e+00 1.446162081468371996e+00 8.501009763290824776e+04 4.190985099865391703e+02 1.460916272521717074e+00
7.162109375000000000e+00 1.446162081468371996e+00 8.501009763290824776e+04 4.190985099865391703e+02 1.460916272521717074e+00
7.166015625000000000e+00 1.446162081468371996e+00 8.501009763290824776e+04 4.190985099865391703e+02 1.460916272521717074e+00
7.169921875000000000e+00 1.446162081468371996e+00 8.501009763290824776e+04 4.190985099865391703e+02 1.460916272521717074e+00
7.173828125000000000e+00 1.446162081468371996e+00 8.501009763290824776e+04 4.190985099865391703e+02 1.460916272521717074e+00
7.177734375000000000e+00 1.446162081468371996e+00 8.501009763290824776e+04 4.190985099865391703e+02 1.460916272521717074e+00
7.181640625000000000e+00 1.446162081468371996e+00 8.501009763290824776e+04 4.190985099865391703e+02 1.460916272521717074e+00
7.185546875000000000e+00 1.446162081468371996e+00 8.501009763290824776e+04 4.190985099865391703e+02 1.460916272521717074e+00
7.189453125000000000e+00 1.472265919825521685e+00 8.723343868286680663e+04 4.092844091617524782e+02 1.421061314828671485e+00
7.193359375000000000e+00 1.472265919825521685e+00 8.723343868286680663e+04 4.092844091617524782e+02 1.421061314828671485e+00
7.197265625000000000e+00 1.472265919825521685e+00 8.723343868286680663e+04 4.092844091617524782e+02 1.421061314828671485e+00
7.201171875000000000e+00 1.472265919825521685e+00 8.723343868286680663e+04 4.092844091617524782e+02 1.421061314828671485e+00
7.205078125000000000e+00 1.472265919825521685e+00 8.723343868286680663e+04 4.092844091617524782e+02 1.421061314828671485e+00
7.208984375000000000e+00 1.472265919825521685e+00 8.723343868286680663e+04 4.092844091617524782e+02 1.421061314828671485e+00
7.212890625000000000e+00 1.472265919825521685e+00 8.723343868286680663e+04 4.092844091617524782e+02 1.421061314828671485e+00
7.216796875000000000e+00 1.472265919825521685e+00 8.723343868286680663e+04 4.092844091617524782e+02 1.421061314828671485e+00
7.220703125000000000e+00 1.483848688335548172e+00 8.877745996620485676e+04 4.013980435937973539e+02 1.386930454414208036e+00
7.224609375000000000e+00 1.483848688335548172e+00 8.877745996620485676e+04 4.013980435937973539e+02 1.386930454414208036e+00
7.228515625000000000e+00 1.483848688335548172e+00 8.877745996620485676e+04 4.013980435937973539e+02 1.386930454414208036e+00
7.232421875000000000e+00 1.483848688335548172e+00 8.877745996620485676e+04 4.013980435937973539e+02 1.386930454414208036e+00
7.236328125000000000e+00 1.483848688335548172e+00 8.877745996620485676e+04 4.013980435937973539e+02 1.386930454414208036e+00
7.240234375000000000e+00 1.483848688335548172e+00 8.877745996620485676e+04 4.013980435937973539e+02 1.386930454414208036e+00
7.244140625000000000e+00 1.483848688335548172e+00 8.877745996620485676e+04 4.013980435937973539e+02 1.386930454414208036e+00
7.248046875000000000e+00 1.483848688335548172e+00 8.877745996620485676e+04 4.013980435937973539e+02 1.386930454414208036e+00
7.251953125000000000e+00 1.461840384378571445e+00 8.896251848809169314e+04 3.965314634730739840e+02 1.358501362057295214e+00
7.255859375000000000e+00 1.461840384378571445e+00 8.896251848809169314e+04 3.965314634730739840e+02 1.358501362057295214e+00
7.259765625000000000e+00 1.461840384378571445e+00 8.896251848809169314e+04 3.965314634730739840e+02 1.358501362057295214e+00
7.263671875000000000e+00 1.461840384378571445e+00 8.896251848809169314e+04 3.965314634730739840e+02 1.358501362057295214e+00
7.267578125000000000e+00 1.461840384378571445e+00 8.896251848809169314e+04 3.965314634730739840e+02 1.358501362057295214e+00
7.271484375000000000e+00 1.461840384378571445e+00 8.896251848809169314e+04 3.965314634730739840e+02 1.358501362057295214e+00
7.275390625000000000e+00 1.461840384378571445e+00 8.896251848809169314e+04 3.965314634730739840e+02 1.358501362057295214e+00
7.279296875000000000e+00 1.461840384378571445e+00 8.896251848809169314e+04 3.965314634730739840e+02 1.358501362057295214e+00
7.283203125000000000e+00 1.376675236729179463e+00 8.763182065602850344e+04 3.986286319808374401e+02 1.335332146488544813e+00
7.287109375000000000e+00 1.376675236729179463e+00 8.763182065602850344e+04 3.986286319808374401e+02 1.335332146488544813e+00
7.291015625000000000e+00 1.376675236729179463e+00 8.763182065602850344e+04 3.986286319808374401e+02 1.335332146488544813e+00
7.294921875000000000e+00 1.376675236729179463e+00 8.763182065602850344e+04 3.986286319808374401e+02 1.335332146488544813e+00
7.298828125000000000e+00 1.376675236729179463e+00 8.763182065602850344e+04 3.986286319808374401e+02 1.335332146488544813e+00
7.302734375000000000e+00 1.376675236729179463e+00 8.763182065602850344e+04 3.986286319808374401e+02 1.335332146488544813e+00
7.306640625000000000e+00 1.376675236729179463e+00 8.763182065602850344e+04 3.986286319808374401e+02 1.335332146488544813e+00
7.310546875000000000e+00 1.376675236729179463e+00 8.763182065602850344e+04 3.986286319808374401e+02 1.335332146488544813e+00
7.314453125000000000e+00 1.243546676214000835e+00 8.381922608710498025e+04 4.063991085829162557e+02 1.322963770177631559e+00
7.318359375000000000e+00 1.243546676214000835e+00 8.381922608710498025e+04 4.063991085829162557e+02 1.322963770177631559e+00
7.322265625000000000e+00 1.243546676214000835e+00 8.381922608710498025e+04 4.063991085829162557e+02 1.322963770177631559e+00
7.326171875000000000e+00 1.243546676214000835e+00 8.381922608710498025e+04 4.063991085829162557e+02 1.322963770177631559e+00
7.330078125000000000e+00 1.243546676214000835e+00 8.381922608710498025e+04 4.063991085829162557e+02 1.322963770177631559e+00
7.333984375000000000e+00 1.243546676214000835e+00 8.381922608710498025e+04 4.063991085829162557e+02 1.322963770177631559e+00
7.337890625000000000e+00 1.243546676214000835e+00 8.381922608710498025e+04 4.063991085829162557e+02 1.322963770177631559e+00
7.341796875000000000e+00 1.243546676214000835e+00 8.381922608710498025e+04 4.063991085829162557e+02 1.322963770177631559e+00
7.345703125000000000e+00 1.130674473924226264e+00 7.829714111204943038e+04 4.149480320889103950e+02 1.332678934240591362e+00
7.349609375000000000e+00 1.130674473924226264e+00 7.829714111204943038e+04 4.149480320889103950e+02 1.332678934240591362e+00
7.353515625000000000e+00 1.130674473924226264e+00 7.829714111204943038e+04 4.149480320889103950e+02 1.332678934240591362e+00
7.357421875000000000e+00 1.130674473924226264e+00 7.829714111204943038e+04 4.149480320889103950e+02 1.332678934240591362e+00
7.361328125000000000e+00 1.130674473924226264e+00 7.829714111204943038e+04 4.149480320889103950e+02 1.332678934240591362e+00
7.365234375000000000e+00 1.130674473924226264e+00 7.829714111204943038e+04 4.149480320889103950e+02 1.332678934240591362e+00
7.369140625000000000e+00 1.130674473924226264e+00 7.829714111204943038e+04 4.149480320889103950e+02 1.332678934240591362e+00
7.373046875000000000e+00 1.130674473924226264e+00 7.829714111204943038e+04 4.149480320889103950e+02 1.332678934240591362e+00
7.376953125000000000e+00 1.056022438583099188e+00 7.269128052083616785e+04 4.137931599105123155e+02 1.332952590469999699e+00
7.380859375000000000e+00 1.056022438583099188e+00 7.269128052083616785e+04 4.137931599105123155e+02 1.332952590469999699e+00
7.384765625000000000e+00 1.056022438583099188e+00 7.269128052083616785e+04 4.137931599105123155e+02 1.332952590469999699e+00
7.388671875000000000e+00 1.056022438583099188e+00 7.269128052083616785e+04 4.137931599105123155e+02 1.332952590469999699e+00
7.392578125000000000e+00 1.056022438583099188e+00 7.269128052083616785e+04 4.137931599105123155e+02 1.332952590469999699e+00
7.396484375000000000e+00 1.056022438583099188e+00 7.269128052083616785e+04 4.137931599105123155e+02 1.332952590469999699e+00
7.400390625000000000e+00 1.056022438583099188e+00 7.269128052083616785e+04 4.137931599105123155e+02 1.332952590469999699e+00
7.404296875000000000e+00 1.056022438583099188e+00 7.269128052083616785e+04 4.137931599105123155e+02 1.332952590469999699e+00
7.408203125000000000e+00 1.005261846923123148e+00 6.940513903944546473e+04 4.032508602820107058e+02 1.297045079265666034e+00
7.412109375000000000e+00 1.005261846923123148e+00 6.940513903944546473e+04 4.032508602820107058e+02 1.297045079265666034e+00
7.416015625000000000e+00 1.005261846923123148e+00 6.940513903944546473e+04 4.032508602820107058e+02 1.297045079265666034e+00
7.419921875000000000e+00 1.005261846923123148e+00 6.940513903944546473e+04 4.032508602820107058e+02 1.297045079265666034e+00
7.423828125000000000e+00 1.005261846923123148e+00 6.940513903944546473e+04 4.032508602820107058e+02 1.297045079265666034e+00
7.427734375000000000e+00 1.005261846923123148e+00 6.940513903944546473e+04 4.032508602820107058e+02 1.297045079265666034e+00
7.431640625000000000e+00 1.005261846923123148e+00 6.940513903944546473e+04 4.032508602820107058e+02 1.297045079265666034e+00
7.435546875000000000e+00 1.005261846923123148e+00 6.940513903944546473e+04 4.032508602820107058e+02 1.297045079265666034e+00
7.439453125000000000e+00 1.005385372421373269e+00 7.129776314300064405e+04 3.952561939310601247e+02 1.254420074097231996e+00
7.443359375000000000e+00 1.005385372421373269e+00 7.129776314300064405e+04 3.952561939310601247e+02 1.254420074097231996e+00
7.447265625000000000e+00 1.005385372421373269e+00 7.129776314300064405e+04 3.952561939310601247e+02 1.254420074097231996e+00
7.451171875000000000e+00 1.005385372421373269e+00 7.129776314300064405e+04 3.952561939310601247e+02 1.254420074097231996e+00
7.455078125000000000e+00 1.005385372421373269e+00 7.129776314300064405e+04 3.952561939310601247e+02 1.254420074097231996e+00
7.458984375000000000e+00 1.005385372421373269e+00 7.129776314300064405e+04 3.952561939310601247e+02 1.254420074097231996e+00
7.462890625000000000e+00 1.005385372421373269e+00 7.129776314300064405e+04 3.952561939310601247e+02 1.254420074097231996e+00
7.466796875000000000e+00 1.005385372421373269e+00 7.129776314300064405e+04 3.952561939310601247e+02 1.254420074097231996e+00
7.470703125000000000e+00 1.092222466497155819e+00 7.924585107482726744e+04 3.834429484843699356e+02 1.203106362308208555e+00
7.474609375000000000e+00 1.092222466497155819e+00 7.924585107482726744e+04 3.834429484843699356e+02 1.203106362308208555e+00
7.478515625000000000e+00 1.092222466497155819e+00 7.924585107482726744e+04 3.834429484843699356e+02 1.203106362308208555e+00
7.482421875000000000e+00 1.092222466497155819e+00 7.924585107482726744e+04 3.834429484843699356e+02 1.203106362308208555e+00
7.486328125000000000e+00 1.092222466497155819e+00 7.924585107482726744e+04 3.834429484843699356e+02 1.203106362308208555e+00
7.490234375000000000e+00 1.092222466497155819e+00 7.924585107482726744e+04 3.834429484843699356e+02 1.203106362308208555e+00
7.494140625000000000e+00 1.092222466497155819e+00 7.924585107482726744e+04 3.834429484843699356e+02 1.203106362308208555e+00
7.498046875000000000e+00 1.092222466497155819e+00 7.924585107482726744e+04 3.834429484843699356e+02 1.203106362308208555e+00
7.501953125000000000e+00 1.214139443770869242e+00 8.961449320944731880e+04 3.630040579599759099e+02 1.129256553760819681e+00
7.505859375000000000e+00 1.214139443770869242e+00 8.961449320944731880e+04 3.630040579599759099e+02 1.129256553760819681e+00
7.509765625000000000e+00 1.214139443770869242e+00 8.961449320944731880e+04 3.630040579599759099e+02 1.129256553760819681e+00
7.513671875000000000e+00 1.214139443770869242e+00 8.961449320944731880e+04 3.630040579599759099e+02 1.129256553760819681e+00
7.517578125000000000e+00 1.214139443770869242e+00 8.961449320944731880e+04 3.630040579599759099e+02 1.129256553760819681e+00
7.521484375000000000e+00 1.214139443770869242e+00 8.961449320944731880e+04 3.630040579599759099e+02 1.129256553760819681e+00
7.525390625000000000e+00 1.214139443770869242e+00 8.961449320944731880e+04 3.630040579599759099e+02 1.129256553760819681e+00
7.529296875000000000e+00 1.214139443770869242e+00 8.961449320944731880e+04 3.630040579599759099e+02 1.129256553760819681e+00
7.533203125000000000e+00 1.321771108313813281e+00 9.788065305731425178e+04 3.417027261560399438e+02 1.061241253811416874e+00
7.537109375000000000e+00 1.321771108313813281e+00 9.788065305731425178e+04 3.417027261560399438e+02 1.061241253811416874e+00
7.541015625000000000e+00 1.321771108313813281e+00 9.788065305731425178e+04 3.417027261560399438e+02 1.061241253811416874e+00
7.544921875000000000e+00 1.321771108313813281e+00 9.788065305731425178e+04 3.417027261560399438e+02 1.061241253811416874e+00
7.548828125000000000e+00 1.321771108313813281e+00 9.788065305731425178e+04 3.417027261560399438e+02 1.061241253811416874e+00
7.552734375000000000e+00 1.321771108313813281e+00 9.788065305731425178e+04 3.417027261560399438e+02 1.061241253811416874e+00
7.556640625000000000e+00 1.321771108313813281e+00 9.788065305731425178e+04 3.417027261560399438e+02 1.061241253811416874e+00
7.560546875000000000e+00 1.321771108313813281e+00 9.788065305731425178e+04 3.417027261560399438e+02 1.061241253811416874e+00
7.564453125000000000e+00 1.433716285443165983e+00 1.024147462345867098e+05 3.249184067786178503e+02 1.027449913118614999e+00
7.568359375000000000e+00 1.433716285443165983e+00 1.024147462345867098e+05 3.249184067786178503e+02 1.027449913118614999e+00
7.572265625000000000e+00 1.433716285443165983e+00 1.024147462345867098e+05 3.249184067786178503e+02 1.027449913118614999e+00
7.576171875000000000e+00 1.433716285443165983e+00 1.024147462345867098e+05 3.249184067786178503e+02 1.027449913118614999e+00
7.580078125000000000e+00 1.433716285443165983e+00 1.024147462345867098e+05 3.249184067786178503e+02 1.027449913118614999e+00
7.583984375000000000e+00 1.433716285443165983e+00 1.024147462345867098e+05 3.249184067786178503e+02 1.027449913118614999e+00
7.587890625000000000e+00 1.433716285443165983e+00 1.024147462345867098e+05 3.249184067786178503e+02 1.027449913118614999e+00
7.591796875000000000e+00 1.433716285443165983e+00 1.024147462345867098e+05 3.249184067786178503e+02 1.027449913118614999e+00
7.595703125000000000e+00 1.546711510048043525e+00 1.039684445972733374e+05 3.148192953219869423e+02 1.026245367989998547e+00
7.599609375000000000e+00 1.546711510048043525e+00 1.039684445972733374e+05 3.148192953219869423e+02 1.026245367989998547e+00
7.603515625000000000e+00 1.546711510048043525e+00 1.039684445972733374e+05 3.148192953219869423e+02 1.026245367989998547e+00
7.607421875000000000e+00 1.546711510048043525e+00 1.039684445972733374e+05 3.148192953219869423e+02 1.026245367989998547e+00
7.611328125000000000e+00 1.546711510048043525e+00 1.039684445972733374e+05 3.148192953219869423e+02 1.026245367989998547e+00
7.615234375000000000e+00 1.546711510048043525e+00 1.039684445972733374e+05 3.148192953219869423e+02 1.026245367989998547e+00
7.619140625000000000e+00 1.546711510048043525e+00 1.039684445972733374e+05 3.148192953219869423e+02 1.026245367989998547e+00
7.623046875000000000e+00 1.546711510048043525e+00 1.039684445972733374e+05 3.148192953219869423e+02 1.026245367989998547e+00
7.626953125000000000e+00 1.591612614849503560e+00 1.036566534797447093e+05 3.066861272960322822e+02 1.015664348110295379e+00
7.630859375000000000e+00 1.591612614849503560e+00 1.036566534797447093e+05 3.066861272960322822e+02 1.015664348110295379e+00
7.634765625000000000e+00 1.591612614849503560e+00 1.036566534797447093e+05 3.066861272960322822e+02 1.015664348110295379e+00
7.638671875000000000e+00 1.591612614849503560e+00 1.036566534797447093e+05 3.066861272960322822e+02 1.015664348110295379e+00
7.642578125000000000e+00 1.591612614849503560e+00 1.036566534797447093e+05 3.066861272960322822e+02 1.015664348110295379e+00
7.646484375000000000e+00 1.591612614849503560e+00 1.036566534797447093e+05 3.066861272960322822e+02 1.015664348110295379e+00
7.650390625000000000e+00 1.591612614849503560e+00 1.036566534797447093e+05 3.066861272960322822e+02 1.015664348110295379e+00
7.654296875000000000e+00 1.591612614849503560e+00 1.036566534797447093e+05 3.066861272960322822e+02 1.015664348110295379e+00
7.658203125000000000e+00 1.485887497646384725e+00 1.023873549022873922e+05 2.914294139918739006e+02 9.382944936854430429e-01
7.662109375000000000e+00 1.485887497646384725e+00 1.023873549022873922e+05 2.914294139918739006e+02 9.382944936854430429e-01
7.666015625000000000e+00 1.485887497646384725e+00 1.023873549022873922e+05 2.914294139918739006e+02 9.382944936854430429e-01
7.669921875000000000e+00 1.485887497646384725e+00 1.023873549022873922e+05 2.914294139918739006e+02 9.382944936854430429e-01
7.673828125000000000e+00 1.485887497646384725e+00 1.023873549022873922e+05 2.914294139918739006e+02 9.382944936854430429e-01
7.677734375000000000e+00 1.485887497646384725e+00 1.023873549022873922e+05 2.914294139918739006e+02 9.382944936854430429e-01
7.681640625000000000e+00 1.485887497646384725e+00 1.023873549022873922e+05 2.914294139918739006e+02 9.382944936854430429e-01
7.685546875000000000e+00 1.485887497646384725e+00 1.023873549022873922e+05 2.914294139918739006e+02 9.382944936854430429e-01
7.689453125000000000e+00 1.305927820787777804e+00 1.013399910143412708e+05 2.652919019409375778e+02 8.048762854834791147e-01
7.693359375000000000e+00 1.305927820787777804e+00 1.013399910143412708e+05 2.652919019409375778e+02 8.048762854834791147e-01
7.697265625000000000e+00 1.305927820787777804e+00 1.013399910143412708e+05 2.652919019409375778e+02 8.048762854834791147e-01
7.701171875000000000e+00 1.305927820787777804e+00 1.013399910143412708e+05 2.652919019409375778e+02 8.048762854834791147e-01
7.705078125000000000e+00 1.305927820787777804e+00 1.013399910143412708e+05 2.652919019409375778e+02 8.048762854834791147e-01
7.708984375000000000e+00 1.305927820787777804e+00 1.013399910143412708e+05 2.652919019409375778e+02 8.048762854834791147e-01
7.712890625000000000e+00 1.305927820787777804e+00 1.013399910143412708e+05 2.652919019409375778e+02 8.048762854834791147e-01
7.716796875000000000e+00 1.305927820787777804e+00 1.013399910143412708e+05 2.652919019409375778e+02 8.048762854834791147e-01
7.720703125000000000e+00 1.215763678783388313e+00 1.007759326626214606e+05 2.423270633942676113e+02 7.113512037886644546e-01
7.724609375000000000e+00 1.215763678783388313e+00 1.007759326626214606e+05 2.423270633942676113e+02 7.113512037886644546e-01
7.728515625000000000e+00 1.215763678783388313e+00 1.007759326626214606e+05 2.423270633942676113e+02 7.113512037886644546e-01
7.732421875000000000e+00 1.215763678783388313e+00 1.007759326626214606e+05 2.423270633942676113e+02 7.113512037886644546e-01
7.736328125000000000e+00 1.215763678783388313e+00 1.007759326626214606e+05 2.423270633942676113e+02 7.113512037886644546e-01
7.740234375000000000e+00 1.215763678783388313e+00 1.007759326626214606e+05 2.423270633942676113e+02 7.113512037886644546e-01
7.744140625000000000e+00 1.215763678783388313e+00 1.007759326626214606e+05 2.423270633942676113e+02 7.113512037886644546e-01
7.748046875000000000e+00 1.215763678783388313e+00 1.007759326626214606e+05 2.423270633942676113e+02 7.113512037886644546e-01
7.751953125000000000e+00 1.223221427569528785e+00 9.953438474754328490e+04 2.280072403125315361e+02 6.755392575759648910e-01
7.755859375000000000e+00 1.223221427569528785e+00 9.953438474754328490e+04 2.280072403125315361e+02 6.755392575759648910e-01
7.759765625000000000e+00 1.223221427569528785e+00 9.953438474754328490e+04 2.280072403125315361e+02 6.755392575759648910e-01
7.763671875000000000e+00 1.223221427569528785e+00 9.953438474754328490e+04 2.280072403125315361e+02 6.755392575759648910e-01
7.767578125000000000e+00 1.223221427569528785e+00 9.953438474754328490e+04 2.280072403125315361e+02 6.755392575759648910e-01
7.771484375000000000e+00 1.223221427569528785e+00 9.953438474754328490e+04 2.280072403125315361e+02 6.755392575759648910e-01
7.775390625000000000e+00 1.223221427569528785e+00 9.953438474754328490e+04 2.280072403125315361e+02 6.755392575759648910e-01
7.779296875000000000e+00 1.223221427569528785e+00 9.953438474754328490e+04 2.280072403125315361e+02 6.755392575759648910e-01
7.783203125000000000e+00 1.252952267355680549e+00 9.827503053303646448e+04 2.076257077072999095e+02 6.265601610519307973e-01
7.787109375000000000e+00 1.252952267355680549e+00 9.827503053303646448e+04 2.076257077072999095e+02 6.265601610519307973e-01
7.791015625000000000e+00 1.252952267355680549e+00 9.827503053303646448e+04 2.076257077072999095e+02 6.265601610519307973e-01
7.794921875000000000e+00 1.252952267355680549e+00 9.827503053303646448e+04 2.076257077072999095e+02 6.265601610519307973e-01
7.798828125000000000e+00 1.252952267355680549e+00 9.827503053303646448e+04 2.076257077072999095e+02 6.265601610519307973e-01
7.802734375000000000e+00 1.252952267355680549e+00 9.827503053303646448e+04 2.076257077072999095e+02 6.265601610519307973e-01
7.806640625000000000e+00 1.252952267355680549e+00 9.827503053303646448e+04 2.076257077072999095e+02 6.265601610519307973e-01
7.810546875000000000e+00 1.252952267355680549e+00 9.827503053303646448e+04 2.076257077072999095e+02 6.265601610519307973e-01
7.814453125000000000e+00 1.277118596937433459e+00 9.686170916308298183e+04 1.806297927193758710e+02 5.543255750079649768e-01
7.818359375000000000e+00 1.277118596937433459e+00 9.686170916308298183e+04 1.806297927193758710e+02 5.543255750079649768e-01
7.822265625000000000e+00 1.277118596937433459e+00 9.686170916308298183e+04 1.806297927193758710e+02 5.543255750079649768e-01
7.826171875000000000e+00 1.277118596937433459e+00 9.686170916308298183e+04 1.806297927193758710e+02 5.543255750079649768e-01
7.830078125000000000e+00 1.277118596937433459e+00 9.686170916308298183e+04 1.806297927193758710e+02 5.543255750079649768e-01
7.833984375000000000e+00 1.277118596937433459e+00 9.686170916308298183e+04 1.806297927193758710e+02 5.543255750079649768e-01
7.837890625000000000e+00 1.277118596937433459e+00 9.686170916308298183e+04 1.806297927193758710e+02 5.543255750079649768e-01
7.841796875000000000e+00 1.277118596937433459e+00 9.686170916308298183e+04 1.806297927193758710e+02 5.543255750079649768e-01
7.845703125000000000e+00 1.284973301901801701e+00 9.550085011684570054e+04 1.598679352229290487e+02 4.956108225710494919e-01
7.849609375000000000e+00 1.284973301901801701e+00 9.550085011684570054e+04 1.598679352229290487e+02 4.956108225710494919e-01
7.853515625000000000e+00 1.284973301901801701e+00 9.550085011684570054e+04 1.598679352229290487e+02 4.956108225710494919e-01
7.857421875000000000e+00 1.284973301901801701e+00 9.550085011684570054e+04 1.598679352229290487e+02 4.956108225710494919e-01
7.861328125000000000e+00 1.284973301901801701e+00 9.550085011684570054e+04 1.598679352229290487e+02 4.956108225710494919e-01
7.865234375000000000e+00 1.284973301901801701e+00 9.550085011684570054e+04 1.598679352229290487e+02 4.956108225710494919e-01
7.869140625000000000e+00 1.284973301901801701e+00 9.550085011684570054e+04 1.598679352229290487e+02 4.956108225710494919e-01
7.873046875000000000e+00 1.284973301901801701e+00 9.550085011684570054e+04 1.598679352229290487e+02 4.956108225710494919e-01
7.876953125000000000e+00 1.269937049625537773e+00 9.285484398831830185e+04 1.491319516808682977e+02 4.661175962463252609e-01
7.880859375000000000e+00 1.269937049625537773e+00 9.285484398831830185e+04 1.491319516808682977e+02 4.661175962463252609e-01
7.884765625000000000e+00 1.269937049625537773e+00 9.285484398831830185e+04 1.491319516808682977e+02 4.661175962463252609e-01
7.888671875000000000e+00 1.269937049625537773e+00 9.285484398831830185e+04 1.491319516808682977e+02 4.661175962463252609e-01
7.892578125000000000e+00 1.269937049625537773e+00 9.285484398831830185e+04 1.491319516808682977e+02 4.661175962463252609e-01
7.896484375000000000e+00 1.269937049625537773e+00 9.285484398831830185e+04 1.491319516808682977e+02 4.661175962463252609e-01
7.900390625000000000e+00 1.269937049625537773e+00 9.285484398831830185e+04 1.491319516808682977e+02 4.661175962463252609e-01
7.904296875000000000e+00 1.269937049625537773e+00 9.285484398831830185e+04 1.491319516808682977e+02 4.661175962463252609e-01
7.908203125000000000e+00 1.265695464310504947e+00 9.143970488026183739e+04 1.509744802048132328e+02 4.747191258187293816e-01
7.912109375000000000e+00 1.265695464310504947e+00 9.143970488026183739e+04 1.509744802048132328e+02 4.747191258187293816e-01
7.916015625000000000e+00 1.265695464310504947e+00 9.143970488026183739e+04 1.509744802048132328e+02 4.747191258187293816e-01
7.919921875000000000e+00 1.265695464310504947e+00 9.143970488026183739e+04 1.509744802048132328e+02 4.747191258187293816e-01
7.923828125000000000e+00 1.265695464310504947e+00 9.143970488026183739e+04 1.509744802048132328e+02 4.747191258187293816e-01
7.927734375000000000e+00 1.265695464310504947e+00 9.143970488026183739e+04 1.509744802048132328e+02 4.747191258187293816e-01
7.931640625000000000e+00 1.265695464310504947e+00 9.143970488026183739e+04 1.509744802048132328e+02 4.747191258187293816e-01
7.935546875000000000e+00 1.265695464310504947e+00 9.143970488026183739e+04 1.509744802048132328e+02 4.747191258187293816e-01
7.939453125000000000e+00 1.261552231708520599e+00 9.004675714806682663e+04 1.556890644910484696e+02 4.925072984888932415e-01
7.943359375000000000e+00 1.261552231708520599e+00 9.004675714806682663e+04 1.556890644910484696e+02 4.925072984888932415e-01
7.947265625000000000e+00 1.261552231708520599e+00 9.004675714806682663e+04 1.556890644910484696e+02 4.925072984888932415e-01
7.951171875000000000e+00 1.261552231708520599e+00 9.004675714806682663e+04 1.556890644910484696e+02 4.925072984888932415e-01
7.955078125000000000e+00 1.261552231708520599e+00 9.004675714806682663e+04 1.556890644910484696e+02 4.925072984888932415e-01
7.958984375000000000e+00 1.261552231708520599e+00 9.004675714806682663e+04 1.556890644910484696e+02 4.925072984888932415e-01
7.962890625000000000e+00 1.261552231708520599e+00 9.004675714806682663e+04 1.556890644910484696e+02 4.925072984888932415e-01
7.966796875000000000e+00 1.261552231708520599e+00 9.004675714806682663e+04 1.556890644910484696e+02 4.925072984888932415e-01
7.970703125000000000e+00 1.265816545833669204e+00 9.020340668402954179e+04 1.540107311115318964e+02 4.875968360835414850e-01
7.974609375000000000e+00 1.265816545833669204e+00 9.020340668402954179e+04 1.540107311115318964e+02 4.875968360835414850e-01
7.978515625000000000e+00 1.265816545833669204e+00 9.020340668402954179e+04 1.540107311115318964e+02 4.875968360835414850e-01
7.982421875000000000e+00 1.265816545833669204e+00 9.020340668402954179e+04 1.540107311115318964e+02 4.875968360835414850e-01
7.986328125000000000e+00 1.265816545833669204e+00 9.020340668402954179e+04 1.540107311115318964e+02 4.875968360835414850e-01
7.990234375000000000e+00 1.265816545833669204e+00 9.020340668402954179e+04 1.540107311115318964e+02 4.875968360835414850e-01
7.994140625000000000e+00 1.265816545833669204e+00 9.020340668402954179e+04 1.540107311115318964e+02 4.875968360835414850e-01
7.998046875000000000e+00 1.265816545833669204e+00 9.020340668402954179e+04 1.540107311115318964e+02 4.875968360835414850e-01
8.001953125000000000e+00 1.229895591773069397e+00 8.786714338927350764e+04 1.372168395555319762e+02 4.338746367737837950e-01
8.005859375000000000e+00 1.229895591773069397e+00 8.786714338927350764e+04 1.372168395555319762e+02 4.338746367737837950e-01
8.009765625000000000e+00 1.229895591773069397e+00 8.786714338927350764e+04 1.372168395555319762e+02 4.338746367737837950e-01
8.013671875000000000e+00 1.229895591773069397e+00 8.786714338927350764e+04 1.372168395555319762e+02 4.338746367737837950e-01
8.017578125000000000e+00 1.229895591773069397e+00 8.786714338927350764e+04 1.372168395555319762e+02 4.338746367737837950e-01
8.021484375000000000e+00 1.229895591773069397e+00 8.786714338927350764e+04 1.372168395555319762e+02 4.338746367737837950e-01
8.025390625000000000e+00 1.229895591773069397e+00 8.786714338927350764e+04 1.372168395555319762e+02 4.338746367737837950e-01
8.029296875000000000e+00 1.229895591773069397e+00 8.786714338927350764e+04 1.372168395555319762e+02 4.338746367737837950e-01
8.033203125000000000e+00 1.229895591773069397e+00 8.786714338927350764e+04 1.372168395555319762e+02 4.338746367737837950e-01
8.037109375000000000e+00 1.229895591773069397e+00 8.786714338927350764e+04 1.372168395555319762e+02 4.338746367737837950e-01
8.041015625000000000e+00 1.229895591773069397e+00 8.786714338927350764e+04 1.372168395555319762e+02 4.338746367737837950e-01
8.044921875000000000e+00 1.229895591773069397e+00 8.786714338927350764e+04 1.372168395555319762e+02 4.338746367737837950e-01
8.048828125000000000e+00 1.229895591773069397e+00 8.786714338927350764e+04 1.372168395555319762e+02 4.338746367737837950e-01
8.052734375000000000e+00 1.229895591773069397e+00 8.786714338927350764e+04 1.372168395555319762e+02 4.338746367737837950e-01
8.056640625000000000e+00 1.229895591773069397e+00 8.786714338927350764e+04 1.372168395555319762e+02 4.338746367737837950e-01
8.060546875000000000e+00 1.229895591773069397e+00 8.786714338927350764e+04 1.372168395555319762e+02 4.338746367737837950e-01
8.064453125000000000e+00 1.174977991661770860e+00 8.504706475609618064e+04 1.387097129370673088e+02 4.357406294545920766e-01
8.068359375000000000e+00 1.174977991661770860e+00 8.504706475609618064e+04 1.387097129370673088e+02 4.357406294545920766e-01
8.072265625000000000e+00 1.174977991661770860e+00 8.504706475609618064e+04 1.387097129370673088e+02 4.357406294545920766e-01
8.076171875000000000e+00 1.174977991661770860e+00 8.504706475609618064e+04 1.387097129370673088e+02 4.357406294545920766e-01
8.080078125000000000e+00 1.174977991661770860e+00 8.504706475609618064e+04 1.387097129370673088e+02 4.357406294545920766e-01
8.083984375000000000e+00 1.174977991661770860e+00 8.504706475609618064e+04 1.387097129370673088e+02 4.357406294545920766e-01
8.087890625000000000e+00 1.174977991661770860e+00 8.504706475609618064e+04 1.387097129370673088e+02 4.357406294545920766e-01
8.091796875000000000e+00 1.174977991661770860e+00 8.504706475609618064e+04 1.387097129370673088e+02 4.357406294545920766e-01
8.095703125000000000e+00 1.174977991661770860e+00 8.504706475609618064e+04 1.387097129370673088e+02 4.357406294545920766e-01
8.099609375000000000e+00 1.174977991661770860e+00 8.504706475609618064e+04 1.387097129370673088e+02 4.357406294545920766e-01
8.103515625000000000e+00 1.174977991661770860e+00 8.504706475609618064e+04 1.387097129370673088e+02 4.357406294545920766e-01
8.107421875000000000e+00 1.174977991661770860e+00 8.504706475609618064e+04 1.387097129370673088e+02 4.357406294545920766e-01
8.111328125000000000e+00 1.174977991661770860e+00 8.504706475609618064e+04 1.387097129370673088e+02 4.357406294545920766e-01
8.115234375000000000e+00 1.174977991661770860e+00 8.504706475609618064e+04 1.387097129370673088e+02 4.357406294545920766e-01
8.119140625000000000e+00 1.174977991661770860e+00 8.504706475609618064e+04 1.387097129370673088e+02 4.357406294545920766e-01
8.123046875000000000e+00 1.174977991661770860e+00 8.504706475609618064e+04 1.387097129370673088e+02 4.357406294545920766e-01
8.126953125000000000e+00 1.149723033642657155e+00 8.541170564158131310e+04 1.495735872978227974e+02 4.637979349084914160e-01
8.130859375000000000e+00 1.149723033642657155e+00 8.541170564158131310e+04 1.495735872978227974e+02 4.637979349084914160e-01
8.134765625000000000e+00 1.149723033642657155e+00 8.541170564158131310e+04 1.495735872978227974e+02 4.637979349084914160e-01
8.138671875000000000e+00 1.149723033642657155e+00 8.541170564158131310e+04 1.495735872978227974e+02 4.637979349084914160e-01
8.142578125000000000e+00 1.149723033642657155e+00 8.541170564158131310e+04 1.495735872978227974e+02 4.637979349084914160e-01
8.146484375000000000e+00 1.149723033642657155e+00 8.541170564158131310e+04 1.495735872978227974e+02 4.637979349084914160e-01
8.150390625000000000e+00 1.149723033642657155e+00 8.541170564158131310e+04 1.495735872978227974e+02 4.637979349084914160e-01
8.154296875000000000e+00 1.149723033642657155e+00 8.541170564158131310e+04 1.495735872978227974e+02 4.637979349084914160e-01
8.158203125000000000e+00 1.149723033642657155e+00 8.541170564158131310e+04 1.495735872978227974e+02 4.637979349084914160e-01
8.162109375000000000e+00 1.149723033642657155e+00 8.541170564158131310e+04 1.495735872978227974e+02 4.637979349084914160e-01
8.166015625000000000e+00 1.149723033642657155e+00 8.541170564158131310e+04 1.495735872978227974e+02 4.637979349084914160e-01
8.169921875000000000e+00 1.149723033642657155e+00 8.541170564158131310e+04 1.495735872978227974e+02 4.637979349084914160e-01
8.173828125000000000e+00 1.149723033642657155e+00 8.541170564158131310e+04 1.495735872978227974e+02 4.637979349084914160e-01
8.177734375000000000e+00 1.149723033642657155e+00 8.541170564158131310e+04 1.495735872978227974e+02 4.637979349084914160e-01
8.181640625000000000e+00 1.149723033642657155e+00 8.541170564158131310e+04 1.495735872978227974e+02 4.637979349084914160e-01
8.185546875000000000e+00 1.149723033642657155e+00 8.541170564158131310e+04 1.495735872978227974e+02 4.637979349084914160e-01
8.189453125000000000e+00 1.173663541455449266e+00 8.887085528554129996e+04 1.801709731906594811e+02 5.533665886319408811e-01
8.193359375000000000e+00 1.173663541455449266e+00 8.887085528554129996e+04 1.801709731906594811e+02 5.533665886319408811e-01
8.197265625000000000e+00 1.173663541455449266e+00 8.887085528554129996e+04 1.801709731906594811e+02 5.533665886319408811e-01
8.201171875000000000e+00 1.173663541455449266e+00 8.887085528554129996e+04 1.801709731906594811e+02 5.533665886319408811e-01
8.205078125000000000e+00 1.173663541455449266e+00 8.887085528554129996e+04 1.801709731906594811e+02 5.533665886319408811e-01
8.208984375000000000e+00 1.173663541455449266e+00 8.887085528554129996e+04 1.801709731906594811e+02 5.533665886319408811e-01
8.212890625000000000e+00 1.173663541455449266e+00 8.887085528554129996e+04 1.801709731906594811e+02 5.533665886319408811e-01
8.216796875000000000e+00 1.173663541455449266e+00 8.887085528554129996e+04 1.801709731906594811e+02 5.533665886319408811e-01
8.220703125000000000e+00 1.173663541455449266e+00 8.887085528554129996e+04 1.801709731906594811e+02 5.533665886319408811e-01
8.224609375000000000e+00 1.173663541455449266e+00 8.887085528554129996e+04 1.801709731906594811e+02 5.533665886319408811e-01
8.228515625000000000e+00 1.173663541455449266e+00 8.887085528554129996e+04 1.801709731906594811e+02 5.533665886319408811e-01
8.232421875000000000e+00 1.173663541455449266e+00 8.887085528554129996e+04 1.801709731906594811e+02 5.533665886319408811e-01
8.236328125000000000e+00 1.173663541455449266e+00 8.887085528554129996e+04 1.801709731906594811e+02 5.533665886319408811e-01
8.240234375000000000e+00 1.173663541455449266e+00 8.887085528554129996e+04 1.801709731906594811e+02 5.533665886319408811e-01
8.244140625000000000e+00 1.173663541455449266e+00 8.887085528554129996e+04 1.801709731906594811e+02 5.533665886319408811e-01
8.248046875000000000e+00 1.173663541455449266e+00 8.887085528554129996e+04 1.801709731906594811e+02 5.533665886319408811e-01
8.251953125000000000e+00 1.225964526542689725e+00 9.247502376130838820e+04 2.139067378937501189e+02 6.582444000691134445e-01
8.255859375000000000e+00 1.225964526542689725e+00 9.247502376130838820e+04 2.139067378937501189e+02 6.582444000691134445e-01
8.259765625000000000e+00 1.225964526542689725e+00 9.247502376130838820e+04 2.139067378937501189e+02 6.582444000691134445e-01
8.263671875000000000e+00 1.225964526542689725e+00 9.247502376130838820e+04 2.139067378937501189e+02 6.582444000691134445e-01
8.267578125000000000e+00 1.225964526542689725e+00 9.247502376130838820e+04 2.139067378937501189e+02 6.582444000691134445e-01
8.271484375000000000e+00 1.225964526542689725e+00 9.247502376130838820e+04 2.139067378937501189e+02 6.582444000691134445e-01
8.275390625000000000e+00 1.225964526542689725e+00 9.247502376130838820e+04 2.139067378937501189e+02 6.582444000691134445e-01
8.279296875000000000e+00 1.225964526542689725e+00 9.247502376130838820e+04 2.139067378937501189e+02 6.582444000691134445e-01
8.283203125000000000e+00 1.225964526542689725e+00 9.247502376130838820e+04 2.139067378937501189e+02 6.582444000691134445e-01
8.287109375000000000e+00 1.225964526542689725e+00 9.247502376130838820e+04 2.139067378937501189e+02 6.582444000691134445e-01
8.291015625000000000e+00 1.225964526542689725e+00 9.247502376130838820e+04 2.139067378937501189e+02 6.582444000691134445e-01
8.294921875000000000e+00 1.225964526542689725e+00 9.247502376130838820e+04 2.139067378937501189e+02 6.582444000691134445e-01
8.298828125000000000e+00 1.225964526542689725e+00 9.247502376130838820e+04 2.139067378937501189e+02 6.582444000691134445e-01
8.302734375000000000e+00 1.225964526542689725e+00 9.247502376130838820e+04 2.139067378937501189e+02 6.582444000691134445e-01
8.306640625000000000e+00 1.225964526542689725e+00 9.247502376130838820e+04 2.139067378937501189e+02 6.582444000691134445e-01
8.310546875000000000e+00 1.225964526542689725e+00 9.247502376130838820e+04 2.139067378937501189e+02 6.582444000691134445e-01
8.314453125000000000e+00 1.273553482356672983e+00 9.488029782036252436e+04 2.398294305336741843e+02 7.426069896609958088e-01
8.318359375000000000e+00 1.273553482356672983e+00 9.488029782036252436e+04 2.398294305336741843e+02 7.426069896609958088e-01
8.322265625000000000e+00 1.273553482356672983e+00 9.488029782036252436e+04 2.398294305336741843e+02 7.426069896609958088e-01
8.326171875000000000e+00 1.273553482356672983e+00 9.488029782036252436e+04 2.398294305336741843e+02 7.426069896609958088e-01
8.330078125000000000e+00 1.273553482356672983e+00 9.488029782036252436e+04 2.398294305336741843e+02 7.426069896609958088e-01
8.333984375000000000e+00 1.273553482356672983e+00 9.488029782036252436e+04 2.398294305336741843e+02 7.426069896609958088e-01
8.337890625000000000e+00 1.273553482356672983e+00 9.488029782036252436e+04 2.398294305336741843e+02 7.426069896609958088e-01
8.341796875000000000e+00 1.273553482356672983e+00 9.488029782036252436e+04 2.398294305336741843e+02 7.426069896609958088e-01
8.345703125000000000e+00 1.273553482356672983e+00 9.488029782036252436e+04 2.398294305336741843e+02 7.426069896609958088e-01
8.349609375000000000e+00 1.273553482356672983e+00 9.488029782036252436e+04 2.398294305336741843e+02 7.426069896609958088e-01
8.353515625000000000e+00 1.273553482356672983e+00 9.488029782036252436e+04 2.398294305336741843e+02 7.426069896609958088e-01
8.357421875000000000e+00 1.273553482356672983e+00 9.488029782036252436e+04 2.398294305336741843e+02 7.426069896609958088e-01
8.361328125000000000e+00 1.273553482356672983e+00 9.488029782036252436e+04 2.398294305336741843e+02 7.426069896609958088e-01
8.365234375000000000e+00 1.273553482356672983e+00 9.488029782036252436e+04 2.398294305336741843e+02 7.426069896609958088e-01
8.369140625000000000e+00 1.273553482356672983e+00 9.488029782036252436e+04 2.398294305336741843e+02 7.426069896609958088e-01
8.373046875000000000e+00 1.273553482356672983e+00 9.488029782036252436e+04 2.398294305336741843e+02 7.426069896609958088e-01
8.376953125000000000e+00 1.305151329751041756e+00 9.696427126022709126e+04 2.622885154002329386e+02 8.132794960839943021e-01
8.380859375000000000e+00 1.305151329751041756e+00 9.696427126022709126e+04 2.622885154002329386e+02 8.132794960839943021e-01
8.384765625000000000e+00 1.305151329751041756e+00 9.696427126022709126e+04 2.622885154002329386e+02 8.132794960839943021e-01
8.388671875000000000e+00 1.305151329751041756e+00 9.696427126022709126e+04 2.622885154002329386e+02 8.132794960839943021e-01
8.392578125000000000e+00 1.305151329751041756e+00 9.696427126022709126e+04 2.622885154002329386e+02 8.132794960839943021e-01
8.396484375000000000e+00 1.305151329751041756e+00 9.696427126022709126e+04 2.622885154002329386e+02 8.132794960839943021e-01
8.400390625000000000e+00 1.305151329751041756e+00 9.696427126022709126e+04 2.622885154002329386e+02 8.132794960839943021e-01
8.404296875000000000e+00 1.305151329751041756e+00 9.696427126022709126e+04 2.622885154002329386e+02 8.132794960839943021e-01
8.408203125000000000e+00 1.305151329751041756e+00 9.696427126022709126e+04 2.622885154002329386e+02 8.132794960839943021e-01
8.412109375000000000e+00 1.305151329751041756e+00 9.696427126022709126e+04 2.622885154002329386e+02 8.132794960839943021e-01
8.416015625000000000e+00 1.305151329751041756e+00 9.696427126022709126e+04 2.622885154002329386e+02 8.132794960839943021e-01
8.419921875000000000e+00 1.305151329751041756e+00 9.696427126022709126e+04 2.622885154002329386e+02 8.132794960839943021e-01
8.423828125000000000e+00 1.305151329751041756e+00 9.696427126022709126e+04 2.622885154002329386e+02 8.132794960839943021e-01
8.427734375000000000e+00 1.305151329751041756e+00 9.696427126022709126e+04 2.622885154002329386e+02 8.132794960839943021e-01
8.431640625000000000e+00 1.305151329751041756e+00 9.696427126022709126e+04 2.622885154002329386e+02 8.132794960839943021e-01
8.435546875000000000e+00 1.305151329751041756e+00 9.696427126022709126e+04 2.622885154002329386e+02 8.132794960839943021e-01
8.439453125000000000e+00 1.306900004925122705e+00 9.759086141933518229e+04 2.865245476044789257e+02 8.861646502480383658e-01
8.443359375000000000e+00 1.306900004925122705e+00 9.759086141933518229e+04 2.865245476044789257e+02 8.861646502480383658e-01
8.447265625000000000e+00 1.306900004925122705e+00 9.759086141933518229e+04 2.865245476044789257e+02 8.861646502480383658e-01
8.451171875000000000e+00 1.306900004925122705e+00 9.759086141933518229e+04 2.865245476044789257e+02 8.861646502480383658e-01
8.455078125000000000e+00 1.306900004925122705e+00 9.759086141933518229e+04 2.865245476044789257e+02 8.861646502480383658e-01
8.458984375000000000e+00 1.306900004925122705e+00 9.759086141933518229e+04 2.865245476044789257e+02 8.861646502480383658e-01
8.462890625000000000e+00 1.306900004925122705e+00 9.759086141933518229e+04 2.865245476044789257e+02 8.861646502480383658e-01
8.466796875000000000e+00 1.306900004925122705e+00 9.759086141933518229e+04 2.865245476044789257e+02 8.861646502480383658e-01
8.470703125000000000e+00 1.306900004925122705e+00 9.759086141933518229e+04 2.865245476044789257e+02 8.861646502480383658e-01
8.474609375000000000e+00 1.306900004925122705e+00 9.759086141933518229e+04 2.865245476044789257e+02 8.861646502480383658e-01
8.478515625000000000e+00 1.306900004925122705e+00 9.759086141933518229e+04 2.865245476044789257e+02 8.861646502480383658e-01
8.482421875000000000e+00 1.306900004925122705e+00 9.759086141933518229e+04 2.865245476044789257e+02 8.861646502480383658e-01
8.486328125000000000e+00 1.306900004925122705e+00 9.759086141933518229e+04 2.865245476044789257e+02 8.861646502480383658e-01
8.490234375000000000e+00 1.306900004925122705e+00 9.759086141933518229e+04 2.865245476044789257e+02 8.861646502480383658e-01
8.494140625000000000e+00 1.306900004925122705e+00 9.759086141933518229e+04 2.865245476044789257e+02 8.861646502480383658e-01
8.498046875000000000e+00 1.306900004925122705e+00 9.759086141933518229e+04 2.865245476044789257e+02 8.861646502480383658e-01
8.501953125000000000e+00 1.288581134289468189e+00 9.659771664356139081e+04 3.080278797073302712e+02 9.508203376579453803e-01
8.505859375000000000e+00 1.288581134289468189e+00 9.659771664356139081e+04 3.080278797073302712e+02 9.508203376579453803e-01
8.509765625000000000e+00 1.288581134289468189e+00 9.659771664356139081e+04 3.080278797073302712e+02 9.508203376579453803e-01
8.513671875000000000e+00 1.288581134289468189e+00 9.659771664356139081e+04 3.080278797073302712e+02 9.508203376579453803e-01
8.517578125000000000e+00 1.288581134289468189e+00 9.659771664356139081e+04 3.080278797073302712e+02 9.508203376579453803e-01
8.521484375000000000e+00 1.288581134289468189e+00 9.659771664356139081e+04 3.080278797073302712e+02 9.508203376579453803e-01
8.525390625000000000e+00 1.288581134289468189e+00 9.659771664356139081e+04 3.080278797073302712e+02 9.508203376579453803e-01
8.529296875000000000e+00 1.288581134289468189e+00 9.659771664356139081e+04 3.080278797073302712e+02 9.508203376579453803e-01
8.533203125000000000e+00 1.288581134289468189e+00 9.659771664356139081e+04 3.080278797073302712e+02 9.508203376579453803e-01
8.537109375000000000e+00 1.288581134289468189e+00 9.659771664356139081e+04 3.080278797073302712e+02 9.508203376579453803e-01
8.541015625000000000e+00 1.288581134289468189e+00 9.659771664356139081e+04 3.080278797073302712e+02 9.508203376579453803e-01
8.544921875000000000e+00 1.288581134289468189e+00 9.659771664356139081e+04 3.080278797073302712e+02 9.508203376579453803e-01
8.548828125000000000e+00 1.288581134289468189e+00 9.659771664356139081e+04 3.080278797073302712e+02 9.508203376579453803e-01
8.552734375000000000e+00 1.288581134289468189e+00 9.659771664356139081e+04 3.080278797073302712e+02 9.508203376579453803e-01
8.556640625000000000e+00 1.288581134289468189e+00 9.659771664356139081e+04 3.080278797073302712e+02 9.508203376579453803e-01
8.560546875000000000e+00 1.288581134289468189e+00 9.659771664356139081e+04 3.080278797073302712e+02 9.508203376579453803e-01
8.564453125000000000e+00 1.280792858227636222e+00 9.624813486929184000e+04 3.254369853368172016e+02 1.003335497935109011e+00
8.568359375000000000e+00 1.280792858227636222e+00 9.624813486929184000e+04 3.254369853368172016e+02 1.003335497935109011e+00
8.572265625000000000e+00 1.280792858227636222e+00 9.624813486929184000e+04 3.254369853368172016e+02 1.003335497935109011e+00
8.576171875000000000e+00 1.280792858227636222e+00 9.624813486929184000e+04 3.254369853368172016e+02 1.003335497935109011e+00
8.580078125000000000e+00 1.280792858227636222e+00 9.624813486929184000e+04 3.254369853368172016e+02 1.003335497935109011e+00
8.583984375000000000e+00 1.280792858227636222e+00 9.624813486929184000e+04 3.254369853368172016e+02 1.003335497935109011e+00
8.587890625000000000e+00 1.280792858227636222e+00 9.624813486929184000e+04 3.254369853368172016e+02 1.003335497935109011e+00
8.591796875000000000e+00 1.280792858227636222e+00 9.624813486929184000e+04 3.254369853368172016e+02 1.003335497935109011e+00
8.595703125000000000e+00 1.280792858227636222e+00 9.624813486929184000e+04 3.254369853368172016e+02 1.003335497935109011e+00
8.599609375000000000e+00 1.280792858227636222e+00 9.624813486929184000e+04 3.254369853368172016e+02 1.003335497935109011e+00
8.603515625000000000e+00 1.280792858227636222e+00 9.624813486929184000e+04 3.254369853368172016e+02 1.003335497935109011e+00
8.607421875000000000e+00 1.280792858227636222e+00 9.624813486929184000e+04 3.254369853368172016e+02 1.003335497935109011e+00
8.611328125000000000e+00 1.280792858227636222e+00 9.624813486929184000e+04 3.254369853368172016e+02 1.003335497935109011e+00
8.615234375000000000e+00 1.280792858227636222e+00 9.624813486929184000e+04 3.254369853368172016e+02 1.003335497935109011e+00
8.619140625000000000e+00 1.280792858227636222e+00 9.624813486929184000e+04 3.254369853368172016e+02 1.003335497935109011e+00
8.623046875000000000e+00 1.280792858227636222e+00 9.624813486929184000e+04 3.254369853368172016e+02 1.003335497935109011e+00
8.626953125000000000e+00 1.282241820836011348e+00 9.628939651273936033e+04 3.396176711670286750e+02 1.047422739291504534e+00
8.630859375000000000e+00 1.282241820836011348e+00 9.628939651273936033e+04 3.396176711670286750e+02 1.047422739291504534e+00
8.634765625000000000e+00 1.282241820836011348e+00 9.628939651273936033e+04 3.396176711670286750e+02 1.047422739291504534e+00
8.638671875000000000e+00 1.282241820836011348e+00 9.628939651273936033e+04 3.396176711670286750e+02 1.047422739291504534e+00
8.642578125000000000e+00 1.282241820836011348e+00 9.628939651273936033e+04 3.396176711670286750e+02 1.047422739291504534e+00
8.646484375000000000e+00 1.282241820836011348e+00 9.628939651273936033e+04 3.396176711670286750e+02 1.047422739291504534e+00
8.650390625000000000e+00 1.282241820836011348e+00 9.628939651273936033e+04 3.396176711670286750e+02 1.047422739291504534e+00
8.654296875000000000e+00 1.282241820836011348e+00 9.628939651273936033e+04 3.396176711670286750e+02 1.047422739291504534e+00
8.658203125000000000e+00 1.282241820836011348e+00 9.628939651273936033e+04 3.396176711670286750e+02 1.047422739291504534e+00
8.662109375000000000e+00 1.282241820836011348e+00 9.628939651273936033e+04 3.396176711670286750e+02 1.047422739291504534e+00
8.666015625000000000e+00 1.282241820836011348e+00 9.628939651273936033e+04 3.396176711670286750e+02 1.047422739291504534e+00
8.669921875000000000e+00 1.282241820836011348e+00 9.628939651273936033e+04 3.396176711670286750e+02 1.047422739291504534e+00
8.673828125000000000e+00 1.282241820836011348e+00 9.628939651273936033e+04 3.396176711670286750e+02 1.047422739291504534e+00
8.677734375000000000e+00 1.282241820836011348e+00 9.628939651273936033e+04 3.396176711670286750e+02 1.047422739291504534e+00
8.681640625000000000e+00 1.282241820836011348e+00 9.628939651273936033e+04 3.396176711670286750e+02 1.047422739291504534e+00
8.685546875000000000e+00 1.282241820836011348e+00 9.628939651273936033e+04 3.396176711670286750e+02 1.047422739291504534e+00
8.689453125000000000e+00 1.288629496409722908e+00 9.644141271390493785e+04 3.506960362911210041e+02 1.083425596397907142e+00
8.693359375000000000e+00 1.288629496409722908e+00 9.644141271390493785e+04 3.506960362911210041e+02 1.083425596397907142e+00
8.697265625000000000e+00 1.288629496409722908e+00 9.644141271390493785e+04 3.506960362911210041e+02 1.083425596397907142e+00
8.701171875000000000e+00 1.288629496409722908e+00 9.644141271390493785e+04 3.506960362911210041e+02 1.083425596397907142e+00
8.705078125000000000e+00 1.288629496409722908e+00 9.644141271390493785e+04 3.506960362911210041e+02 1.083425596397907142e+00
8.708984375000000000e+00 1.288629496409722908e+00 9.644141271390493785e+04 3.506960362911210041e+02 1.083425596397907142e+00
8.712890625000000000e+00 1.288629496409722908e+00 9.644141271390493785e+04 3.506960362911210041e+02 1.083425596397907142e+00
8.716796875000000000e+00 1.288629496409722908e+00 9.644141271390493785e+04 3.506960362911210041e+02 1.083425596397907142e+00
8.720703125000000000e+00 1.288629496409722908e+00 9.644141271390493785e+04 3.506960362911210041e+02 1.083425596397907142e+00
8.724609375000000000e+00 1.288629496409722908e+00 9.644141271390493785e+04 3.506960362911210041e+02 1.083425596397907142e+00
8.728515625000000000e+00 1.288629496409722908e+00 9.644141271390493785e+04 3.506960362911210041e+02 1.083425596397907142e+00
8.732421875000000000e+00 1.288629496409722908e+00 9.644141271390493785e+04 3.506960362911210041e+02 1.083425596397907142e+00
8.736328125000000000e+00 1.288629496409722908e+00 9.644141271390493785e+04 3.506960362911210041e+02 1.083425596397907142e+00
8.740234375000000000e+00 1.288629496409722908e+00 9.644141271390493785e+04 3.506960362911210041e+02 1.083425596397907142e+00
8.744140625000000000e+00 1.288629496409722908e+00 9.644141271390493785e+04 3.506960362911210041e+02 1.083425596397907142e+00
8.748046875000000000e+00 1.288629496409722908e+00 9.644141271390493785e+04 3.506960362911210041e+02 1.083425596397907142e+00
8.751953125000000000e+00 1.286820922867268679e+00 9.686909050122134795e+04 3.537412974060201236e+02 1.089652933106642019e+00
8.755859375000000000e+00 1.286820922867268679e+00 9.686909050122134795e+04 3.537412974060201236e+02 1.089652933106642019e+00
8.759765625000000000e+00 1.286820922867268679e+00 9.686909050122134795e+04 3.537412974060201236e+02 1.089652933106642019e+00
8.763671875000000000e+00 1.286820922867268679e+00 9.686909050122134795e+04 3.537412974060201236e+02 1.089652933106642019e+00
8.767578125000000000e+00 1.286820922867268679e+00 9.686909050122134795e+04 3.537412974060201236e+02 1.089652933106642019e+00
8.771484375000000000e+00 1.286820922867268679e+00 9.686909050122134795e+04 3.537412974060201236e+02 1.089652933106642019e+00
8.775390625000000000e+00 1.286820922867268679e+00 9.686909050122134795e+04 3.537412974060201236e+02 1.089652933106642019e+00
8.779296875000000000e+00 1.286820922867268679e+00 9.686909050122134795e+04 3.537412974060201236e+02 1.089652933106642019e+00
8.783203125000000000e+00 1.286820922867268679e+00 9.686909050122134795e+04 3.537412974060201236e+02 1.089652933106642019e+00
8.787109375000000000e+00 1.286820922867268679e+00 9.686909050122134795e+04 3.537412974060201236e+02 1.089652933106642019e+00
8.791015625000000000e+00 1.286820922867268679e+00 9.686909050122134795e+04 3.537412974060201236e+02 1.089652933106642019e+00
8.794921875000000000e+00 1.286820922867268679e+00 9.686909050122134795e+04 3.537412974060201236e+02 1.089652933106642019e+00
8.798828125000000000e+00 1.286820922867268679e+00 9.686909050122134795e+04 3.537412974060201236e+02 1.089652933106642019e+00
8.802734375000000000e+00 1.286820922867268679e+00 9.686909050122134795e+04 3.537412974060201236e+02 1.089652933106642019e+00
8.806640625000000000e+00 1.286820922867268679e+00 9.686909050122134795e+04 3.537412974060201236e+02 1.089652933106642019e+00
8.810546875000000000e+00 1.286820922867268679e+00 9.686909050122134795e+04 3.537412974060201236e+02 1.089652933106642019e+00
8.814453125000000000e+00 1.293911390422376018e+00 9.849679984949245409e+04 3.459016386993635024e+02 1.059570380396353872e+00
8.818359375000000000e+00 1.293911390422376018e+00 9.849679984949245409e+04 3.459016386993635024e+02 1.059570380396353872e+00
8.822265625000000000e+00 1.293911390422376018e+00 9.849679984949245409e+04 3.459016386993635024e+02 1.059570380396353872e+00
8.826171875000000000e+00 1.293911390422376018e+00 9.849679984949245409e+04 3.459016386993635024e+02 1.059570380396353872e+00
8.830078125000000000e+00 1.293911390422376018e+00 9.849679984949245409e+04 3.459016386993635024e+02 1.059570380396353872e+00
8.833984375000000000e+00 1.293911390422376018e+00 9.849679984949245409e+04 3.459016386993635024e+02 1.059570380396353872e+00
8.837890625000000000e+00 1.293911390422376018e+00 9.849679984949245409e+04 3.459016386993635024e+02 1.059570380396353872e+00
8.841796875000000000e+00 1.293911390422376018e+00 9.849679984949245409e+04 3.459016386993635024e+02 1.059570380396353872e+00
8.845703125000000000e+00 1.293911390422376018e+00 9.849679984949245409e+04 3.459016386993635024e+02 1.059570380396353872e+00
8.849609375000000000e+00 1.293911390422376018e+00 9.849679984949245409e+04 3.459016386993635024e+02 1.059570380396353872e+00
8.853515625000000000e+00 1.293911390422376018e+00 9.849679984949245409e+04 3.459016386993635024e+02 1.059570380396353872e+00
8.857421875000000000e+00 1.293911390422376018e+00 9.849679984949245409e+04 3.459016386993635024e+02 1.059570380396353872e+00
8.861328125000000000e+00 1.293911390422376018e+00 9.849679984949245409e+04 3.459016386993635024e+02 1.059570380396353872e+00
8.865234375000000000e+00 1.293911390422376018e+00 9.849679984949245409e+04 3.459016386993635024e+02 1.059570380396353872e+00
8.869140625000000000e+00 1.293911390422376018e+00 9.849679984949245409e+04 3.459016386993635024e+02 1.059570380396353872e+00
8.873046875000000000e+00 1.293911390422376018e+00 9.849679984949245409e+04 3.459016386993635024e+02 1.059570380396353872e+00
8.876953125000000000e+00 1.318460046925679974e+00 9.994828493320706184e+04 3.306695024913043426e+02 1.015023127860740004e+00
8.880859375000000000e+00 1.318460046925679974e+00 9.994828493320706184e+04 3.306695024913043426e+02 1.015023127860740004e+00
8.884765625000000000e+00 1.318460046925679974e+00 9.994828493320706184e+04 3.306695024913043426e+02 1.015023127860740004e+00
8.888671875000000000e+00 1.318460046925679974e+00 9.994828493320706184e+04 3.306695024913043426e+02 1.015023127860740004e+00
8.892578125000000000e+00 1.318460046925679974e+00 9.994828493320706184e+04 3.306695024913043426e+02 1.015023127860740004e+00
8.896484375000000000e+00 1.318460046925679974e+00 9.994828493320706184e+04 3.306695024913043426e+02 1.015023127860740004e+00
8.900390625000000000e+00 1.318460046925679974e+00 9.994828493320706184e+04 3.306695024913043426e+02 1.015023127860740004e+00
8.904296875000000000e+00 1.318460046925679974e+00 9.994828493320706184e+04 3.306695024913043426e+02 1.015023127860740004e+00
8.908203125000000000e+00 1.318460046925679974e+00 9.994828493320706184e+04 3.306695024913043426e+02 1.015023127860740004e+00
8.912109375000000000e+00 1.318460046925679974e+00 9.994828493320706184e+04 3.306695024913043426e+02 1.015023127860740004e+00
8.916015625000000000e+00 1.318460046925679974e+00 9.994828493320706184e+04 3.306695024913043426e+02 1.015023127860740004e+00
8.919921875000000000e+00 1.318460046925679974e+00 9.994828493320706184e+04 3.306695024913043426e+02 1.015023127860740004e+00
8.923828125000000000e+00 1.318460046925679974e+00 9.994828493320706184e+04 3.306695024913043426e+02 1.015023127860740004e+00
8.927734375000000000e+00 1.318460046925679974e+00 9.994828493320706184e+04 3.306695024913043426e+02 1.015023127860740004e+00
8.931640625000000000e+00 1.318460046925679974e+00 9.994828493320706184e+04 3.306695024913043426e+02 1.015023127860740004e+00
8.935546875000000000e+00 1.318460046925679974e+00 9.994828493320706184e+04 3.306695024913043426e+02 1.015023127860740004e+00
8.939453125000000000e+00 1.329889006299662668e+00 9.954693092317036644e+04 3.153352745894267173e+02 9.740972064072129788e-01
8.943359375000000000e+00 1.329889006299662668e+00 9.954693092317036644e+04 3.153352745894267173e+02 9.740972064072129788e-01
8.947265625000000000e+00 1.329889006299662668e+00 9.954693092317036644e+04 3.153352745894267173e+02 9.740972064072129788e-01
8.951171875000000000e+00 1.329889006299662668e+00 9.954693092317036644e+04 3.153352745894267173e+02 9.740972064072129788e-01
8.955078125000000000e+00 1.329889006299662668e+00 9.954693092317036644e+04 3.153352745894267173e+02 9.740972064072129788e-01
8.958984375000000000e+00 1.329889006299662668e+00 9.954693092317036644e+04 3.153352745894267173e+02 9.740972064072129788e-01
8.962890625000000000e+00 1.329889006299662668e+00 9.954693092317036644e+04 3.153352745894267173e+02 9.740972064072129788e-01
8.966796875000000000e+00 1.329889006299662668e+00 9.954693092317036644e+04 3.153352745894267173e+02 9.740972064072129788e-01
8.970703125000000000e+00 1.329889006299662668e+00 9.954693092317036644e+04 3.153352745894267173e+02 9.740972064072129788e-01
8.974609375000000000e+00 1.329889006299662668e+00 9.954693092317036644e+04 3.153352745894267173e+02 9.740972064072129788e-01
8.978515625000000000e+00 1.329889006299662668e+00 9.954693092317036644e+04 3.153352745894267173e+02 9.740972064072129788e-01
8.982421875000000000e+00 1.329889006299662668e+00 9.954693092317036644e+04 3.153352745894267173e+02 9.740972064072129788e-01
8.986328125000000000e+00 1.329889006299662668e+00 9.954693092317036644e+04 3.153352745894267173e+02 9.740972064072129788e-01
8.990234375000000000e+00 1.329889006299662668e+00 9.954693092317036644e+04 3.153352745894267173e+02 9.740972064072129788e-01
8.994140625000000000e+00 1.329889006299662668e+00 9.954693092317036644e+04 3.153352745894267173e+02 9.740972064072129788e-01
8.998046875000000000e+00 1.329889006299662668e+00 9.954693092317036644e+04 3.153352745894267173e+02 9.740972064072129788e-01
9.001953125000000000e+00 1.312629098404515915e+00 9.816600889549349085e+04 3.010465764976422065e+02 9.303794762478496683e-01
9.005859375000000000e+00 1.312629098404515915e+00 9.816600889549349085e+04 3.010465764976422065e+02 9.303794762478496683e-01
9.009765625000000000e+00 1.312629098404515915e+00 9.816600889549349085e+04 3.010465764976422065e+02 9.303794762478496683e-01
9.013671875000000000e+00 1.312629098404515915e+00 9.816600889549349085e+04 3.010465764976422065e+02 9.303794762478496683e-01
9.017578125000000000e+00 1.312629098404515915e+00 9.816600889549349085e+04 3.010465764976422065e+02 9.303794762478496683e-01
9.021484375000000000e+00 1.312629098404515915e+00 9.816600889549349085e+04 3.010465764976422065e+02 9.303794762478496683e-01
9.025390625000000000e+00 1.312629098404515915e+00 9.816600889549349085e+04 3.010465764976422065e+02 9.303794762478496683e-01
9.029296875000000000e+00 1.312629098404515915e+00 9.816600889549349085e+04 3.010465764976422065e+02 9.303794762478496683e-01
9.033203125000000000e+00 1.312629098404515915e+00 9.816600889549349085e+04 3.010465764976422065e+02 9.303794762478496683e-01
9.037109375000000000e+00 1.312629098404515915e+00 9.816600889549349085e+04 3.010465764976422065e+02 9.303794762478496683e-01
9.041015625000000000e+00 1.312629098404515915e+00 9.816600889549349085e+04 3.010465764976422065e+02 9.303794762478496683e-01
9.044921875000000000e+00 1.312629098404515915e+00 9.816600889549349085e+04 3.010465764976422065e+02 9.303794762478496683e-01
9.048828125000000000e+00 1.312629098404515915e+00 9.816600889549349085e+04 3.010465764976422065e+02 9.303794762478496683e-01
9.052734375000000000e+00 1.312629098404515915e+00 9.816600889549349085e+04 3.010465764976422065e+02 9.303794762478496683e-01
9.056640625000000000e+00 1.312629098404515915e+00 9.816600889549349085e+04 3.010465764976422065e+02 9.303794762478496683e-01
9.060546875000000000e+00 1.312629098404515915e+00 9.816600889549349085e+04 3.010465764976422065e+02 9.303794762478496683e-01
9.064453125000000000e+00 1.300346180916656991e+00 9.740061193099914817e+04 2.841883132957950693e+02 8.775883455494896124e-01
9.068359375000000000e+00 1.300346180916656991e+00 9.740061193099914817e+04 2.841883132957950693e+02 8.775883455494896124e-01
9.072265625000000000e+00 1.300346180916656991e+00 9.740061193099914817e+04 2.841883132957950693e+02 8.775883455494896124e-01
9.076171875000000000e+00 1.300346180916656991e+00 9.740061193099914817e+04 2.841883132957950693e+02 8.775883455494896124e-01
9.080078125000000000e+00 1.300346180916656991e+00 9.740061193099914817e+04 2.841883132957950693e+02 8.775883455494896124e-01
9.083984375000000000e+00 1.300346180916656991e+00 9.740061193099914817e+04 2.841883132957950693e+02 8.775883455494896124e-01
9.087890625000000000e+00 1.300346180916656991e+00 9.740061193099914817e+04 2.841883132957950693e+02 8.775883455494896124e-01
9.091796875000000000e+00 1.300346180916656991e+00 9.740061193099914817e+04 2.841883132957950693e+02 8.775883455494896124e-01
9.095703125000000000e+00 1.300346180916656991e+00 9.740061193099914817e+04 2.841883132957950693e+02 8.775883455494896124e-01
9.099609375000000000e+00 1.300346180916656991e+00 9.740061193099914817e+04 2.841883132957950693e+02 8.775883455494896124e-01
9.103515625000000000e+00 1.300346180916656991e+00 9.740061193099914817e+04 2.841883132957950693e+02 8.775883455494896124e-01
9.107421875000000000e+00 1.300346180916656991e+00 9.740061193099914817e+04 2.841883132957950693e+02 8.775883455494896124e-01
9.111328125000000000e+00 1.300346180916656991e+00 9.740061193099914817e+04 2.841883132957950693e+02 8.775883455494896124e-01
9.115234375000000000e+00 1.300346180916656991e+00 9.740061193099914817e+04 2.841883132957950693e+02 8.775883455494896124e-01
9.119140625000000000e+00 1.300346180916656991e+00 9.740061193099914817e+04 2.841883132957950693e+02 8.775883455494896124e-01
9.123046875000000000e+00 1.300346180916656991e+00 9.740061193099914817e+04 2.841883132957950693e+02 8.775883455494896124e-01
9.126953125000000000e+00 1.311538732253966222e+00 9.767693288191802276e+04 2.658089541512428013e+02 8.231901063767566029e-01
9.130859375000000000e+00 1.311538732253966222e+00 9.767693288191802276e+04 2.658089541512428013e+02 8.231901063767566029e-01
9.134765625000000000e+00 1.311538732253966222e+00 9.767693288191802276e+04 2.658089541512428013e+02 8.231901063767566029e-01
9.138671875000000000e+00 1.311538732253966222e+00 9.767693288191802276e+04 2.658089541512428013e+02 8.231901063767566029e-01
9.142578125000000000e+00 1.311538732253966222e+00 9.767693288191802276e+04 2.658089541512428013e+02 8.231901063767566029e-01
9.146484375000000000e+00 1.311538732253966222e+00 9.767693288191802276e+04 2.658089541512428013e+02 8.231901063767566029e-01
9.150390625000000000e+00 1.311538732253966222e+00 9.767693288191802276e+04 2.658089541512428013e+02 8.231901063767566029e-01
9.154296875000000000e+00 1.311538732253966222e+00 9.767693288191802276e+04 2.658089541512428013e+02 8.231901063767566029e-01
9.158203125000000000e+00 1.311538732253966222e+00 9.767693288191802276e+04 2.658089541512428013e+02 8.231901063767566029e-01
9.162109375000000000e+00 1.311538732253966222e+00 9.767693288191802276e+04 2.658089541512428013e+02 8.231901063767566029e-01
9.166015625000000000e+00 1.311538732253966222e+00 9.767693288191802276e+04 2.658089541512428013e+02 8.231901063767566029e-01
9.169921875000000000e+00 1.311538732253966222e+00 9.767693288191802276e+04 2.658089541512428013e+02 8.231901063767566029e-01
9.173828125000000000e+00 1.311538732253966222e+00 9.767693288191802276e+04 2.658089541512428013e+02 8.231901063767566029e-01
9.177734375000000000e+00 1.311538732253966222e+00 9.767693288191802276e+04 2.658089541512428013e+02 8.231901063767566029e-01
9.181640625000000000e+00 1.311538732253966222e+00 9.767693288191802276e+04 2.658089541512428013e+02 8.231901063767566029e-01
9.185546875000000000e+00 1.311538732253966222e+00 9.767693288191802276e+04 2.658089541512428013e+02 8.231901063767566029e-01
9.189453125000000000e+00 1.343305002638125245e+00 9.840008959821656754e+04 2.522617748970487526e+02 7.877292977815048003e-01
9.193359375000000000e+00 1.343305002638125245e+00 9.840008959821656754e+04 2.522617748970487526e+02 7.877292977815048003e-01
9.197265625000000000e+00 1.343305002638125245e+00 9.840008959821656754e+04 2.522617748970487526e+02 7.877292977815048003e-01
9.201171875000000000e+00 1.343305002638125245e+00 9.840008959821656754e+04 2.522617748970487526e+02 7.877292977815048003e-01
9.205078125000000000e+00 1.343305002638125245e+00 9.840008959821656754e+04 2.522617748970487526e+02 7.877292977815048003e-01
9.208984375000000000e+00 1.343305002638125245e+00 9.840008959821656754e+04 2.522617748970487526e+02 7.877292977815048003e-01
9.212890625000000000e+00 1.343305002638125245e+00 9.840008959821656754e+04 2.522617748970487526e+02 7.877292977815048003e-01
9.216796875000000000e+00 1.343305002638125245e+00 9.840008959821656754e+04 2.522617748970487526e+02 7.877292977815048003e-01
9.220703125000000000e+00 1.343305002638125245e+00 9.840008959821656754e+04 2.522617748970487526e+02 7.877292977815048003e-01
9.224609375000000000e+00 1.343305002638125245e+00 9.840008959821656754e+04 2.522617748970487526e+02 7.877292977815048003e-01
9.228515625000000000e+00 1.343305002638125245e+00 9.840008959821656754e+04 2.522617748970487526e+02 7.877292977815048003e-01
9.232421875000000000e+00 1.343305002638125245e+00 9.840008959821656754e+04 2.522617748970487526e+02 7.877292977815048003e-01
9.236328125000000000e+00 1.343305002638125245e+00 9.840008959821656754e+04 2.522617748970487526e+02 7.877292977815048003e-01
9.240234375000000000e+00 1.343305002638125245e+00 9.840008959821656754e+04 2.522617748970487526e+02 7.877292977815048003e-01
9.244140625000000000e+00 1.343305002638125245e+00 9.840008959821656754e+04 2.522617748970487526e+02 7.877292977815048003e-01
9.248046875000000000e+00 1.343305002638125245e+00 9.840008959821656754e+04 2.522617748970487526e+02 7.877292977815048003e-01
9.251953125000000000e+00 1.373694031593600595e+00 9.894213401210433221e+04 2.494890349606270377e+02 7.856729741910164488e-01
9.255859375000000000e+00 1.373694031593600595e+00 9.894213401210433221e+04 2.494890349606270377e+02 7.856729741910164488e-01
9.259765625000000000e+00 1.373694031593600595e+00 9.894213401210433221e+04 2.494890349606270377e+02 7.856729741910164488e-01
9.263671875000000000e+00 1.373694031593600595e+00 9.894213401210433221e+04 2.494890349606270377e+02 7.856729741910164488e-01
9.267578125000000000e+00 1.373694031593600595e+00 9.894213401210433221e+04 2.494890349606270377e+02 7.856729741910164488e-01
9.271484375000000000e+00 1.373694031593600595e+00 9.894213401210433221e+04 2.494890349606270377e+02 7.856729741910164488e-01
9.275390625000000000e+00 1.373694031593600595e+00 9.894213401210433221e+04 2.494890349606270377e+02 7.856729741910164488e-01
9.279296875000000000e+00 1.373694031593600595e+00 9.894213401210433221e+04 2.494890349606270377e+02 7.856729741910164488e-01
9.283203125000000000e+00 1.373694031593600595e+00 9.894213401210433221e+04 2.494890349606270377e+02 7.856729741910164488e-01
9.287109375000000000e+00 1.373694031593600595e+00 9.894213401210433221e+04 2.494890349606270377e+02 7.856729741910164488e-01
9.291015625000000000e+00 1.373694031593600595e+00 9.894213401210433221e+04 2.494890349606270377e+02 7.856729741910164488e-01
9.294921875000000000e+00 1.373694031593600595e+00 9.894213401210433221e+04 2.494890349606270377e+02 7.856729741910164488e-01
9.298828125000000000e+00 1.373694031593600595e+00 9.894213401210433221e+04 2.494890349606270377e+02 7.856729741910164488e-01
9.302734375000000000e+00 1.373694031593600595e+00 9.894213401210433221e+04 2.494890349606270377e+02 7.856729741910164488e-01
9.306640625000000000e+00 1.373694031593600595e+00 9.894213401210433221e+04 2.494890349606270377e+02 7.856729741910164488e-01
9.310546875000000000e+00 1.373694031593600595e+00 9.894213401210433221e+04 2.494890349606270377e+02 7.856729741910164488e-01
9.314453125000000000e+00 1.390071868395903465e+00 9.921902339343087806e+04 2.587598552372661516e+02 8.185666277511739475e-01
9.318359375000000000e+00 1.390071868395903465e+00 9.921902339343087806e+04 2.587598552372661516e+02 8.185666277511739475e-01
9.322265625000000000e+00 1.390071868395903465e+00 9.921902339343087806e+04 2.587598552372661516e+02 8.185666277511739475e-01
9.326171875000000000e+00 1.390071868395903465e+00 9.921902339343087806e+04 2.587598552372661516e+02 8.185666277511739475e-01
9.330078125000000000e+00 1.390071868395903465e+00 9.921902339343087806e+04 2.587598552372661516e+02 8.185666277511739475e-01
9.333984375000000000e+00 1.390071868395903465e+00 9.921902339343087806e+04 2.587598552372661516e+02 8.185666277511739475e-01
9.337890625000000000e+00 1.390071868395903465e+00 9.921902339343087806e+04 2.587598552372661516e+02 8.185666277511739475e-01
9.341796875000000000e+00 1.390071868395903465e+00 9.921902339343087806e+04 2.587598552372661516e+02 8.185666277511739475e-01
9.345703125000000000e+00 1.390071868395903465e+00 9.921902339343087806e+04 2.587598552372661516e+02 8.185666277511739475e-01
9.349609375000000000e+00 1.390071868395903465e+00 9.921902339343087806e+04 2.587598552372661516e+02 8.185666277511739475e-01
9.353515625000000000e+00 1.390071868395903465e+00 9.921902339343087806e+04 2.587598552372661516e+02 8.185666277511739475e-01
9.357421875000000000e+00 1.390071868395903465e+00 9.921902339343087806e+04 2.587598552372661516e+02 8.185666277511739475e-01
9.361328125000000000e+00 1.390071868395903465e+00 9.921902339343087806e+04 2.587598552372661516e+02 8.185666277511739475e-01
9.365234375000000000e+00 1.390071868395903465e+00 9.921902339343087806e+04 2.587598552372661516e+02 8.185666277511739475e-01
9.369140625000000000e+00 1.390071868395903465e+00 9.921902339343087806e+04 2.587598552372661516e+02 8.185666277511739475e-01
9.373046875000000000e+00 1.390071868395903465e+00 9.921902339343087806e+04 2.587598552372661516e+02 8.185666277511739475e-01
9.376953125000000000e+00 1.390636144195289470e+00 9.946893482925390708e+04 2.761490593539458018e+02 8.726549836432411222e-01
9.380859375000000000e+00 1.390636144195289470e+00 9.946893482925390708e+04 2.761490593539458018e+02 8.726549836432411222e-01
9.384765625000000000e+00 1.390636144195289470e+00 9.946893482925390708e+04 2.761490593539458018e+02 8.726549836432411222e-01
9.388671875000000000e+00 1.390636144195289470e+00 9.946893482925390708e+04 2.761490593539458018e+02 8.726549836432411222e-01
9.392578125000000000e+00 1.390636144195289470e+00 9.946893482925390708e+04 2.761490593539458018e+02 8.726549836432411222e-01
9.396484375000000000e+00 1.390636144195289470e+00 9.946893482925390708e+04 2.761490593539458018e+02 8.726549836432411222e-01
9.400390625000000000e+00 1.390636144195289470e+00 9.946893482925390708e+04 2.761490593539458018e+02 8.726549836432411222e-01
9.404296875000000000e+00 1.390636144195289470e+00 9.946893482925390708e+04 2.761490593539458018e+02 8.726549836432411222e-01
9.408203125000000000e+00 1.390636144195289470e+00 9.946893482925390708e+04 2.761490593539458018e+02 8.726549836432411222e-01
9.412109375000000000e+00 1.390636144195289470e+00 9.946893482925390708e+04 2.761490593539458018e+02 8.726549836432411222e-01
9.416015625000000000e+00 1.390636144195289470e+00 9.946893482925390708e+04 2.761490593539458018e+02 8.726549836432411222e-01
9.419921875000000000e+00 1.390636144195289470e+00 9.946893482925390708e+04 2.761490593539458018e+02 8.726549836432411222e-01
9.423828125000000000e+00 1.390636144195289470e+00 9.946893482925390708e+04 2.761490593539458018e+02 8.726549836432411222e-01
9.427734375000000000e+00 1.390636144195289470e+00 9.946893482925390708e+04 2.761490593539458018e+02 8.726549836432411222e-01
9.431640625000000000e+00 1.390636144195289470e+00 9.946893482925390708e+04 2.761490593539458018e+02 8.726549836432411222e-01
9.435546875000000000e+00 1.390636144195289470e+00 9.946893482925390708e+04 2.761490593539458018e+02 8.726549836432411222e-01
9.439453125000000000e+00 1.375375412795926788e+00 9.929938809512459557e+04 2.952061522537173914e+02 9.285359616047426101e-01
9.443359375000000000e+00 1.375375412795926788e+00 9.929938809512459557e+04 2.952061522537173914e+02 9.285359616047426101e-01
9.447265625000000000e+00 1.375375412795926788e+00 9.929938809512459557e+04 2.952061522537173914e+02 9.285359616047426101e-01
9.451171875000000000e+00 1.375375412795926788e+00 9.929938809512459557e+04 2.952061522537173914e+02 9.285359616047426101e-01
9.455078125000000000e+00 1.375375412795926788e+00 9.929938809512459557e+04 2.952061522537173914e+02 9.285359616047426101e-01
9.458984375000000000e+00 1.375375412795926788e+00 9.929938809512459557e+04 2.952061522537173914e+02 9.285359616047426101e-01
9.462890625000000000e+00 1.375375412795926788e+00 9.929938809512459557e+04 2.952061522537173914e+02 9.285359616047426101e-01
9.466796875000000000e+00 1.375375412795926788e+00 9.929938809512459557e+04 2.952061522537173914e+02 9.285359616047426101e-01
9.470703125000000000e+00 1.375375412795926788e+00 9.929938809512459557e+04 2.952061522537173914e+02 9.285359616047426101e-01
9.474609375000000000e+00 1.375375412795926788e+00 9.929938809512459557e+04 2.952061522537173914e+02 9.285359616047426101e-01
9.478515625000000000e+00 1.375375412795926788e+00 9.929938809512459557e+04 2.952061522537173914e+02 9.285359616047426101e-01
9.482421875000000000e+00 1.375375412795926788e+00 9.929938809512459557e+04 2.952061522537173914e+02 9.285359616047426101e-01
9.486328125000000000e+00 1.375375412795926788e+00 9.929938809512459557e+04 2.952061522537173914e+02 9.285359616047426101e-01
9.490234375000000000e+00 1.375375412795926788e+00 9.929938809512459557e+04 2.952061522537173914e+02 9.285359616047426101e-01
9.494140625000000000e+00 1.375375412795926788e+00 9.929938809512459557e+04 2.952061522537173914e+02 9.285359616047426101e-01
9.498046875000000000e+00 1.375375412795926788e+00 9.929938809512459557e+04 2.952061522537173914e+02 9.285359616047426101e-01
9.501953125000000000e+00 1.348136474253910366e+00 9.840657213335564302e+04 3.131241034326118324e+02 9.795065833769380781e-01
9.505859375000000000e+00 1.348136474253910366e+00 9.840657213335564302e+04 3.131241034326118324e+02 9.795065833769380781e-01
9.509765625000000000e+00 1.348136474253910366e+00 9.840657213335564302e+04 3.131241034326118324e+02 9.795065833769380781e-01
9.513671875000000000e+00 1.348136474253910366e+00 9.840657213335564302e+04 3.131241034326118324e+02 9.795065833769380781e-01
9.517578125000000000e+00 1.348136474253910366e+00 9.840657213335564302e+04 3.131241034326118324e+02 9.795065833769380781e-01
9.521484375000000000e+00 1.348136474253910366e+00 9.840657213335564302e+04 3.131241034326118324e+02 9.795065833769380781e-01
9.525390625000000000e+00 1.348136474253910366e+00 9.840657213335564302e+04 3.131241034326118324e+02 9.795065833769380781e-01
9.529296875000000000e+00 1.348136474253910366e+00 9.840657213335564302e+04 3.131241034326118324e+02 9.795065833769380781e-01
9.533203125000000000e+00 1.348136474253910366e+00 9.840657213335564302e+04 3.131241034326118324e+02 9.795065833769380781e-01
9.537109375000000000e+00 1.348136474253910366e+00 9.840657213335564302e+04 3.131241034326118324e+02 9.795065833769380781e-01
9.541015625000000000e+00 1.348136474253910366e+00 9.840657213335564302e+04 3.131241034326118324e+02 9.795065833769380781e-01
9.544921875000000000e+00 1.348136474253910366e+00 9.840657213335564302e+04 3.131241034326118324e+02 9.795065833769380781e-01
9.548828125000000000e+00 1.348136474253910366e+00 9.840657213335564302e+04 3.131241034326118324e+02 9.795065833769380781e-01
9.552734375000000000e+00 1.348136474253910366e+00 9.840657213335564302e+04 3.131241034326118324e+02 9.795065833769380781e-01
9.556640625000000000e+00 1.348136474253910366e+00 9.840657213335564302e+04 3.131241034326118324e+02 9.795065833769380781e-01
9.560546875000000000e+00 1.348136474253910366e+00 9.840657213335564302e+04 3.131241034326118324e+02 9.795065833769380781e-01
9.564453125000000000e+00 1.317574985335813631e+00 9.706277086876459362e+04 3.306784929238646669e+02 1.029682329409516983e+00
9.568359375000000000e+00 1.317574985335813631e+00 9.706277086876459362e+04 3.306784929238646669e+02 1.029682329409516983e+00
9.572265625000000000e+00 1.317574985335813631e+00 9.706277086876459362e+04 3.306784929238646669e+02 1.029682329409516983e+00
9.576171875000000000e+00 1.317574985335813631e+00 9.706277086876459362e+04 3.306784929238646669e+02 1.029682329409516983e+00
9.580078125000000000e+00 1.317574985335813631e+00 9.706277086876459362e+04 3.306784929238646669e+02 1.029682329409516983e+00
9.583984375000000000e+00 1.317574985335813631e+00 9.706277086876459362e+04 3.306784929238646669e+02 1.029682329409516983e+00
9.587890625000000000e+00 1.317574985335813631e+00 9.706277086876459362e+04 3.306784929238646669e+02 1.029682329409516983e+00
9.591796875000000000e+00 1.317574985335813631e+00 9.706277086876459362e+04 3.306784929238646669e+02 1.029682329409516983e+00
9.595703125000000000e+00 1.317574985335813631e+00 9.706277086876459362e+04 3.306784929238646669e+02 1.029682329409516983e+00
9.599609375000000000e+00 1.317574985335813631e+00 9.706277086876459362e+04 3.306784929238646669e+02 1.029682329409516983e+00
9.603515625000000000e+00 1.317574985335813631e+00 9.706277086876459362e+04 3.306784929238646669e+02 1.029682329409516983e+00
9.607421875000000000e+00 1.317574985335813631e+00 9.706277086876459362e+04 3.306784929238646669e+02 1.029682329409516983e+00
9.611328125000000000e+00 1.317574985335813631e+00 9.706277086876459362e+04 3.306784929238646669e+02 1.029682329409516983e+00
9.615234375000000000e+00 1.317574985335813631e+00 9.706277086876459362e+04 3.306784929238646669e+02 1.029682329409516983e+00
9.619140625000000000e+00 1.317574985335813631e+00 9.706277086876459362e+04 3.306784929238646669e+02 1.029682329409516983e+00
9.623046875000000000e+00 1.317574985335813631e+00 9.706277086876459362e+04 3.306784929238646669e+02 1.029682329409516983e+00
9.626953125000000000e+00 1.285215239946686960e+00 9.519952565434580902e+04 3.489267751231224111e+02 1.083529699708381644e+00
9.630859375000000000e+00 1.285215239946686960e+00 9.519952565434580902e+04 3.489267751231224111e+02 1.083529699708381644e+00
9.634765625000000000e+00 1.285215239946686960e+00 9.519952565434580902e+04 3.489267751231224111e+02 1.083529699708381644e+00
9.638671875000000000e+00 1.285215239946686960e+00 9.519952565434580902e+04 3.489267751231224111e+02 1.083529699708381644e+00
9.642578125000000000e+00 1.285215239946686960e+00 9.519952565434580902e+04 3.489267751231224111e+02 1.083529699708381644e+00
9.646484375000000000e+00 1.285215239946686960e+00 9.519952565434580902e+04 3.489267751231224111e+02 1.083529699708381644e+00
9.650390625000000000e+00 1.285215239946686960e+00 9.519952565434580902e+04 3.489267751231224111e+02 1.083529699708381644e+00
9.654296875000000000e+00 1.285215239946686960e+00 9.519952565434580902e+04 3.489267751231224111e+02 1.083529699708381644e+00
9.658203125000000000e+00 1.285215239946686960e+00 9.519952565434580902e+04 3.489267751231224111e+02 1.083529699708381644e+00
9.662109375000000000e+00 1.285215239946686960e+00 9.519952565434580902e+04 3.489267751231224111e+02 1.083529699708381644e+00
9.666015625000000000e+00 1.285215239946686960e+00 9.519952565434580902e+04 3.489267751231224111e+02 1.083529699708381644e+00
9.669921875000000000e+00 1.285215239946686960e+00 9.519952565434580902e+04 3.489267751231224111e+02 1.083529699708381644e+00
9.673828125000000000e+00 1.285215239946686960e+00 9.519952565434580902e+04 3.489267751231224111e+02 1.083529699708381644e+00
9.677734375000000000e+00 1.285215239946686960e+00 9.519952565434580902e+04 3.489267751231224111e+02 1.083529699708381644e+00
9.681640625000000000e+00 1.285215239946686960e+00 9.519952565434580902e+04 3.489267751231224111e+02 1.083529699708381644e+00
9.685546875000000000e+00 1.285215239946686960e+00 9.519952565434580902e+04 3.489267751231224111e+02 1.083529699708381644e+00
9.689453125000000000e+00 1.252494233743665086e+00 9.336154200410062913e+04 3.635548375794585354e+02 1.125407407946656280e+00
9.693359375000000000e+00 1.252494233743665086e+00 9.336154200410062913e+04 3.635548375794585354e+02 1.125407407946656280e+00
9.697265625000000000e+00 1.252494233743665086e+00 9.336154200410062913e+04 3.635548375794585354e+02 1.125407407946656280e+00
9.701171875000000000e+00 1.252494233743665086e+00 9.336154200410062913e+04 3.635548375794585354e+02 1.125407407946656280e+00
9.705078125000000000e+00 1.252494233743665086e+00 9.336154200410062913e+04 3.635548375794585354e+02 1.125407407946656280e+00
9.708984375000000000e+00 1.252494233743665086e+00 9.336154200410062913e+04 3.635548375794585354e+02 1.125407407946656280e+00
9.712890625000000000e+00 1.252494233743665086e+00 9.336154200410062913e+04 3.635548375794585354e+02 1.125407407946656280e+00
9.716796875000000000e+00 1.252494233743665086e+00 9.336154200410062913e+04 3.635548375794585354e+02 1.125407407946656280e+00
9.720703125000000000e+00 1.252494233743665086e+00 9.336154200410062913e+04 3.635548375794585354e+02 1.125407407946656280e+00
9.724609375000000000e+00 1.252494233743665086e+00 9.336154200410062913e+04 3.635548375794585354e+02 1.125407407946656280e+00
9.728515625000000000e+00 1.252494233743665086e+00 9.336154200410062913e+04 3.635548375794585354e+02 1.125407407946656280e+00
9.732421875000000000e+00 1.252494233743665086e+00 9.336154200410062913e+04 3.635548375794585354e+02 1.125407407946656280e+00
9.736328125000000000e+00 1.252494233743665086e+00 9.336154200410062913e+04 3.635548375794585354e+02 1.125407407946656280e+00
9.740234375000000000e+00 1.252494233743665086e+00 9.336154200410062913e+04 3.635548375794585354e+02 1.125407407946656280e+00
9.744140625000000000e+00 1.252494233743665086e+00 9.336154200410062913e+04 3.635548375794585354e+02 1.125407407946656280e+00
9.748046875000000000e+00 1.252494233743665086e+00 9.336154200410062913e+04 3.635548375794585354e+02 1.125407407946656280e+00
9.751953125000000000e+00 1.228136233529783405e+00 9.273622661292130942e+04 3.656920580691822238e+02 1.124734644581779186e+00
9.755859375000000000e+00 1.228136233529783405e+00 9.273622661292130942e+04 3.656920580691822238e+02 1.124734644581779186e+00
9.759765625000000000e+00 1.228136233529783405e+00 9.273622661292130942e+04 3.656920580691822238e+02 1.124734644581779186e+00
9.763671875000000000e+00 1.228136233529783405e+00 9.273622661292130942e+04 3.656920580691822238e+02 1.124734644581779186e+00
9.767578125000000000e+00 1.228136233529783405e+00 9.273622661292130942e+04 3.656920580691822238e+02 1.124734644581779186e+00
9.771484375000000000e+00 1.228136233529783405e+00 9.273622661292130942e+04 3.656920580691822238e+02 1.124734644581779186e+00
9.775390625000000000e+00 1.228136233529783405e+00 9.273622661292130942e+04 3.656920580691822238e+02 1.124734644581779186e+00
9.779296875000000000e+00 1.228136233529783405e+00 9.273622661292130942e+04 3.656920580691822238e+02 1.124734644581779186e+00
9.783203125000000000e+00 1.228136233529783405e+00 9.273622661292130942e+04 3.656920580691822238e+02 1.124734644581779186e+00
9.787109375000000000e+00 1.228136233529783405e+00 9.273622661292130942e+04 3.656920580691822238e+02 1.124734644581779186e+00
9.791015625000000000e+00 1.228136233529783405e+00 9.273622661292130942e+04 3.656920580691822238e+02 1.124734644581779186e+00
9.794921875000000000e+00 1.228136233529783405e+00 9.273622661292130942e+04 3.656920580691822238e+02 1.124734644581779186e+00
9.798828125000000000e+00 1.228136233529783405e+00 9.273622661292130942e+04 3.656920580691822238e+02 1.124734644581779186e+00
9.802734375000000000e+00 1.228136233529783405e+00 9.273622661292130942e+04 3.656920580691822238e+02 1.124734644581779186e+00
9.806640625000000000e+00 1.228136233529783405e+00 9.273622661292130942e+04 3.656920580691822238e+02 1.124734644581779186e+00
9.810546875000000000e+00 1.228136233529783405e+00 9.273622661292130942e+04 3.656920580691822238e+02 1.124734644581779186e+00
9.814453125000000000e+00 1.224762304195336382e+00 9.391342370188263885e+04 3.544098926114360779e+02 1.081692670159836389e+00
9.818359375000000000e+00 1.224762304195336382e+00 9.391342370188263885e+04 3.544098926114360779e+02 1.081692670159836389e+00
9.822265625000000000e+00 1.224762304195336382e+00 9.391342370188263885e+04 3.544098926114360779e+02 1.081692670159836389e+00
9.826171875000000000e+00 1.224762304195336382e+00 9.391342370188263885e+04 3.544098926114360779e+02 1.081692670159836389e+00
9.830078125000000000e+00 1.224762304195336382e+00 9.391342370188263885e+04 3.544098926114360779e+02 1.081692670159836389e+00
9.833984375000000000e+00 1.224762304195336382e+00 9.391342370188263885e+04 3.544098926114360779e+02 1.081692670159836389e+00
9.837890625000000000e+00 1.224762304195336382e+00 9.391342370188263885e+04 3.544098926114360779e+02 1.081692670159836389e+00
9.841796875000000000e+00 1.224762304195336382e+00 9.391342370188263885e+04 3.544098926114360779e+02 1.081692670159836389e+00
9.845703125000000000e+00 1.224762304195336382e+00 9.391342370188263885e+04 3.544098926114360779e+02 1.081692670159836389e+00
9.849609375000000000e+00 1.224762304195336382e+00 9.391342370188263885e+04 3.544098926114360779e+02 1.081692670159836389e+00
9.853515625000000000e+00 1.224762304195336382e+00 9.391342370188263885e+04 3.544098926114360779e+02 1.081692670159836389e+00
9.857421875000000000e+00 1.224762304195336382e+00 9.391342370188263885e+04 3.544098926114360779e+02 1.081692670159836389e+00
9.861328125000000000e+00 1.224762304195336382e+00 9.391342370188263885e+04 3.544098926114360779e+02 1.081692670159836389e+00
9.865234375000000000e+00 1.224762304195336382e+00 9.391342370188263885e+04 3.544098926114360779e+02 1.081692670159836389e+00
9.869140625000000000e+00 1.224762304195336382e+00 9.391342370188263885e+04 3.544098926114360779e+02 1.081692670159836389e+00
9.873046875000000000e+00 1.224762304195336382e+00 9.391342370188263885e+04 3.544098926114360779e+02 1.081692670159836389e+00
9.876953125000000000e+00 1.227186093929346633e+00 9.463414582864771364e+04 3.383847703253940722e+02 1.029859714790831493e+00
9.880859375000000000e+00 1.227186093929346633e+00 9.463414582864771364e+04 3.383847703253940722e+02 1.029859714790831493e+00
9.884765625000000000e+00 1.227186093929346633e+00 9.463414582864771364e+04 3.383847703253940722e+02 1.029859714790831493e+00
9.888671875000000000e+00 1.227186093929346633e+00 9.463414582864771364e+04 3.383847703253940722e+02 1.029859714790831493e+00
9.892578125000000000e+00 1.227186093929346633e+00 9.463414582864771364e+04 3.383847703253940722e+02 1.029859714790831493e+00
9.896484375000000000e+00 1.227186093929346633e+00 9.463414582864771364e+04 3.383847703253940722e+02 1.029859714790831493e+00
9.900390625000000000e+00 1.227186093929346633e+00 9.463414582864771364e+04 3.383847703253940722e+02 1.029859714790831493e+00
9.904296875000000000e+00 1.227186093929346633e+00 9.463414582864771364e+04 3.383847703253940722e+02 1.029859714790831493e+00
9.908203125000000000e+00 1.227186093929346633e+00 9.463414582864771364e+04 3.383847703253940722e+02 1.029859714790831493e+00
9.912109375000000000e+00 1.227186093929346633e+00 9.463414582864771364e+04 3.383847703253940722e+02 1.029859714790831493e+00
9.916015625000000000e+00 1.227186093929346633e+00 9.463414582864771364e+04 3.383847703253940722e+02 1.029859714790831493e+00
9.919921875000000000e+00 1.227186093929346633e+00 9.463414582864771364e+04 3.383847703253940722e+02 1.029859714790831493e+00
9.923828125000000000e+00 1.227186093929346633e+00 9.463414582864771364e+04 3.383847703253940722e+02 1.029859714790831493e+00
9.927734375000000000e+00 1.227186093929346633e+00 9.463414582864771364e+04 3.383847703253940722e+02 1.029859714790831493e+00
9.931640625000000000e+00 1.227186093929346633e+00 9.463414582864771364e+04 3.383847703253940722e+02 1.029859714790831493e+00
9.935546875000000000e+00 1.227186093929346633e+00 9.463414582864771364e+04 3.383847703253940722e+02 1.029859714790831493e+00
9.939453125000000000e+00 1.230009036412985646e+00 9.520689756046762341e+04 3.391551432852307926e+02 1.030277781281129235e+00
9.943359375000000000e+00 1.230009036412985646e+00 9.520689756046762341e+04 3.391551432852307926e+02 1.030277781281129235e+00
9.947265625000000000e+00 1.230009036412985646e+00 9.520689756046762341e+04 3.391551432852307926e+02 1.030277781281129235e+00
9.951171875000000000e+00 1.230009036412985646e+00 9.520689756046762341e+04 3.391551432852307926e+02 1.030277781281129235e+00
9.955078125000000000e+00 1.230009036412985646e+00 9.520689756046762341e+04 3.391551432852307926e+02 1.030277781281129235e+00
9.958984375000000000e+00 1.230009036412985646e+00 9.520689756046762341e+04 3.391551432852307926e+02 1.030277781281129235e+00
9.962890625000000000e+00 1.230009036412985646e+00 9.520689756046762341e+04 3.391551432852307926e+02 1.030277781281129235e+00
9.966796875000000000e+00 1.230009036412985646e+00 9.520689756046762341e+04 3.391551432852307926e+02 1.030277781281129235e+00
9.970703125000000000e+00 1.230009036412985646e+00 9.520689756046762341e+04 3.391551432852307926e+02 1.030277781281129235e+00
9.974609375000000000e+00 1.230009036412985646e+00 9.520689756046762341e+04 3.391551432852307926e+02 1.030277781281129235e+00
9.978515625000000000e+00 1.230009036412985646e+00 9.520689756046762341e+04 3.391551432852307926e+02 1.030277781281129235e+00
9.982421875000000000e+00 1.230009036412985646e+00 9.520689756046762341e+04 3.391551432852307926e+02 1.030277781281129235e+00
9.986328125000000000e+00 1.230009036412985646e+00 9.520689756046762341e+04 3.391551432852307926e+02 1.030277781281129235e+00
9.990234375000000000e+00 1.230009036412985646e+00 9.520689756046762341e+04 3.391551432852307926e+02 1.030277781281129235e+00
9.994140625000000000e+00 1.230009036412985646e+00 9.520689756046762341e+04 3.391551432852307926e+02 1.030277781281129235e+00
9.998046875000000000e+00 1.230009036412985646e+00 9.520689756046762341e+04 3.391551432852307926e+02 1.030277781281129235e+00
