# 1-d slice in y-direction, file: /shared/solver_ab/run_new/plot/plt00200
# time = 4.8709008813754702e-05
#                       y                  Density               x_velocity               y_velocity                 pressure              temperature
   3.9062500000000001e-05       2.0546685383196985   0.00057109813853599444       343.79974643962669       177676.57017030654       301.19847150796568
             0.0001171875       2.1039218849891768    0.0032393025902563957       335.49337273328354       183691.83227291476       304.10573292279724
   0.00019531250000000001       2.1380652369146511    0.0079755401495828302       329.85298803216716       187874.68770574292       306.06360676528607
   0.00027343750000000003       2.1372309618092808     0.013266430335276932       329.97586172013445       187768.30922766446       306.00971259515785
   0.00035156249999999999       2.1162840560647296     0.018641932743560564       333.38949301775244       185200.12342687193       304.81173588928124
             0.0004296875       2.0927440286148373     0.024375016670838141       337.25461803996393       182324.02773913735       303.45351147757395
   0.00050781250000000002       2.0735870109683203     0.030850284697435382       340.40776538113005       179991.85956446867       302.33955710665572
   0.00058593749999999998        2.058349580709455     0.038222654955419225       342.90730172885844       178143.17704749244       301.44940468234978
   0.00066406250000000005       2.0440600350871252     0.046495220039309386       345.24479576260325       176414.82918924175       300.61165451797865
   0.00074218750000000001       2.0288853293771227     0.055724770246986709       347.72986457911929       174584.84965158117       299.71841266883939
   0.00082031249999999997       2.0126455947513064     0.066056863243929106       350.39490626101264       172632.47785643701       298.75801799002073
   0.00089843750000000004       1.9958644955647322     0.077602786685053896       353.15113108739689        170621.5743613503       297.76062327600175
             0.0009765625       1.9789606385520939     0.090317307905160696       355.92562628312589       168602.76197835724       296.75080178713648
    0.0010546875000000001       1.9620456664755617      0.10397454958508402       358.69766205483739       166589.53210354317       295.73516585036862
    0.0011328124999999999       1.9450584188550661      0.11823376561603599       361.47708667164318       164574.70844501237       294.70996249882063
             0.0012109375       1.9279210598942655      0.13273864429038174       364.27768430163371       162549.23082119529       293.67031143651553
    0.0012890625000000001       1.9106036233850818      0.14720193603736176       367.10564097446479       160509.79661117925       292.61414750666717
    0.0013671875000000001       1.8931197247516154      0.16145437378284183       369.95984309346477       158458.26681292779       291.54204336294464
             0.0014453125       1.8755019448674546      0.17545764938139899       372.83585189911184        156398.6998247068       290.45575908104712
    0.0015234375000000001       1.8577826784831604      0.18929062302342209       375.72907112179752       154335.08004259504       289.35708100567314
    0.0016015625000000001        1.839984919345298      0.20312005123341562       378.63627520156683       152270.24799971216       288.24724427720628
             0.0016796875       1.8221197742232669      0.21716575939300473       381.55602248917796       150205.63298520294       287.12676047260749
             0.0017578125       1.8041875044432589      0.23166745468080419       384.48849182216566       148141.39904970667       285.99546304331932
    0.0018359375000000001        1.786180256649889      0.24685753102649116       387.43504602269712       146076.78238516953        284.8526617409953
             0.0019140625       1.7680853485646257      0.26294179019161545       390.39770631324154       144010.48508742219       283.69733778773701
             0.0019921875       1.7498882976428722      0.28008808610099478       393.37867186605996       141941.03108102738        282.5283292976319
    0.0020703125000000001       1.7315751318127239      0.29842146712664364       396.37996289255193       139867.03267896667       281.34447679117153
    0.0021484375000000002       1.7131338979794803      0.31802364779220521       399.40320213214909       137787.36035997953       280.14472166820275
    0.0022265625000000002       1.6945555334746423      0.33893475139288304        402.4495057385534       135701.23668760099       278.92816647814169
    0.0023046874999999999       1.6758343317591464      0.36115602928175999       405.51944198754524       133608.28213003866       277.69411061443321
    0.0023828124999999999       1.6569681745513258       0.3846531825072747       408.61302585699912       131508.53317320606       276.44207184609132
             0.0024609375       1.6379586085951692      0.40936052163731718       411.72973378744484        129402.4421548582       275.17179841865652
    0.0025390625000000001        1.618810777522053      0.43518632489245512       414.86853503231418         127290.860555397       273.88327218432784
    0.0026171875000000002        1.599533196298573      0.46201950174453493       418.02794060962327       125175.00493957975         272.576701605153
    0.0026953125000000002       1.5801373681619646      0.48973725895783027       421.20606968227031       123056.40609756648       271.25250402564507
    0.0027734374999999999       1.5606372721242854      0.51821307437633801       424.40072966348021           120936.8449367       269.91127827403176
    0.0028515624999999999       1.5410487746360517      0.54732402004617442       427.60950331907526       118818.28134702671       268.55377046018384
             0.0029296875        1.521389029883808      0.57695643106887995       430.82983492978593       116702.78337152865       267.18083709010915
    0.0030078125000000001       1.5016759262347965      0.60700917533347654       434.05910814354604       114592.46320576694       265.79340987452679
    0.0030859375000000001       1.4819276169126436      0.63739433737560547       437.29470989367456       112489.42432486852       264.39246577012767
    0.0031640625000000002       1.4621621513667489      0.66803580351677616       440.53407721388743       110395.72141225128       262.97900416202862
    0.0032421875000000003       1.4423972085577308      0.69886670874875689       443.77472666753823       108313.33270325369       261.55403128422159
    0.0033203124999999999       1.4226499260371308      0.72982673429178435       447.01426895569517       106244.14321263526       260.11855059452137
             0.0033984375        1.402936814170223      0.76085986008234141       450.25041323935591       104189.93678632929       258.67355719378736
    0.0034765625000000001       1.3832737377014941      0.79191268391342262        453.4809660463369         102152.394533611       257.22003446634568
    0.0035546875000000001       1.3636759375992431      0.82293315873278028       456.70382835779486       100133.09686289735       255.75895166424812
    0.0036328125000000002        1.344158061326135      0.85386967421826709       459.91699255978369       98133.526412116029       254.29126186716164
    0.0037109375000000003       1.3247341756473117      0.88467062245617711       463.11853964149446       96155.069958916996       252.81790035519504
    0.0037890624999999999       1.3054177520010006      0.91528464859048442       466.30663685235652       94199.018733427045       251.33978370659403
             0.0038671875        1.286221631875706      0.94566157915894999       469.47953646915988       92266.567763789746       249.85780976068753
             0.0039453125       1.2671579888196012      0.97575369530185552       472.63557640198241       90358.815327292512       248.37285808590502
    0.0040234375000000001       1.2482383010269136       1.0055168438447006       475.77318262504582       88476.763180812268       246.88579012084358
    0.0041015625000000002       1.2294733385348517       1.0349110020779375       478.89087231551133       86621.317518731681       245.39744811133102
    0.0041796875000000002       1.2108731603135974       1.0639002412834579       481.98725601422723       84793.290197241746       243.90865248579826
    0.0042578125000000003       1.1924471144786575       1.0924523355078681       485.06103758115279       82993.399931910171       242.42019813303622
    0.0043359375000000004       1.1742038388575688       1.1205383516971632       488.11101186398463       81222.273663600601       240.93285066906799
    0.0044140625000000005        1.156151264353684       1.1481324259536765       491.13606098434224       79480.448621676042       239.44734381897254
    0.0044921875000000005       1.1382966255940656        1.175211717549024        494.1351503484845       77768.375523039373       237.96437850269609
    0.0045703124999999997       1.1206464812338026        1.201756395166703       497.10732490443536       76086.422921325022       236.48462345732565
    0.0046484374999999998       1.1032067426705954       1.2277495145502775       500.05170543293463       74434.882318968506       235.00871672495259
    0.0047265624999999999       1.0859827072976598       1.2531767463230543       502.96748421951946       72813.973494727456        233.5372672764409
    0.0048046874999999999       1.0689790928853817       1.2780260124839069       505.85391971628263       71223.849683162363        232.0708563966499
             0.0048828125       1.0522000710278623       1.3022871294848566       508.71033014431549       69664.602469505873       230.61003882316825
    0.0049609375000000001       1.0356492999494726       1.3259515312853301       511.53608652791218       68136.266504667816       229.15534389473953
    0.0050390625000000001       1.0193299571187668       1.3490121010844227       514.33060557498095       66638.824123260754       227.70727689235164
    0.0051171875000000002       1.0032447721021927       1.3714630991368069       517.09334272419937       65172.209894515057        226.2663206017647
    0.0051953125000000003      0.98739606044428341       1.3933001607423747       519.82378571658626       63736.315142886735       224.83293707550482
    0.0052734375000000003      0.97178575586418225       1.4145203267171662       522.52144789080887       62330.992161854316       223.40756925622816
    0.0053515625000000004      0.95641544612578211       1.4351220616844522       525.18586276361907       60956.058597366973       221.99064291399654
    0.0054296875000000005      0.94128640090368776       1.4551052373769202       527.81657638196214       59611.300979503118       220.58256792133196
    0.0055078124999999997      0.92639961001967275        1.474471023613414       530.41314386341094       58296.479056085118       219.18374056641943
    0.0055859374999999998      0.91175579616498392       1.4932217832151007        532.9751204512379       57011.327813690237       217.79454379838484
    0.0056640624999999998      0.89735545094161429       1.5113607958460107       535.50206379651286       55755.561448105342       216.41534964727197
    0.0057421874999999999      0.88319882520055515       1.5288921680126828       537.99352462517243       54528.873360086218       215.04651775853242
             0.0058203125      0.86928596905328925       1.5458203869076399       540.44905107681052       53330.940293471191       213.68839816579177
             0.0058984375      0.85561674702013335       1.5621504021811654       542.86817809682213       52161.424362043719       212.34133237866985
    0.0059765625000000001      0.84219084726739857       1.5778873918751037       545.25040950341509       51019.974263279211       211.00565291737828
    0.0060546875000000002      0.82900789354098459       1.5930367277868376       547.59526030996278       49906.235224323711       209.68169368143737
    0.0061328125000000002      0.81606706577680044       1.6076057771192838       549.90218548432472       48819.817527937637       208.36975113002492
    0.0062109375000000003      0.80336760154590736       1.6215993516645066       552.17085488808129       47760.338903159798       207.07013132035547
    0.0062890625000000004       0.7909075689954207       1.6350314159991353       554.40073068921299       46727.324452674504       205.78302890532149
    0.0063671875000000005      0.77868627207286023       1.6478919189314647       556.59175712729598       45720.404428346737       204.50876096288295
    0.0064453125000000005      0.76670085542070254        1.660208667337211       558.74303767742754       44739.039263224666       203.24743729610856
    0.0065234374999999997        0.754951729260531       1.6719184816737924       560.85479684673021       43782.956514519516       201.99948996612571
    0.0066015624999999998      0.74343492667013722       1.6831670254758269       562.92559680558952       42851.541059513329       200.76493243436468
    0.0066796874999999999       0.7321518552519396       1.6938107106406386       564.95577667439943       41944.603498251876       199.54428713144435
    0.0067578124999999999      0.72109565732900416       1.7040601064711893       566.94533303710614        41061.31738496021       198.33728832090051
             0.0068359375      0.71025690392943641       1.7136325088315438       568.89622019373576       40200.630463644935       197.14318684861607
    0.0069140625000000001      0.69964276221097044       1.7226031154644277       570.81092964994775        39362.89122069646       195.96342294073759
    0.0069921875000000001      0.68924908561096321       1.7321309446172868       572.67056516867081       38547.449317859537       194.79769781732162
    0.0070703125000000002      0.67911947406027928       1.7384676390586284       574.49822828782328       37757.377777388108       193.65112015431944
    0.0071484375000000003       0.6690942403914929       1.7467856128956121       576.27807301772566       36980.346020068122       192.50767615353527
    0.0072265625000000003      0.65945349749676674       1.7542821031890492       578.03575908318987       36236.940491350928       191.39549853463359
    0.0073046875000000004      0.65005216247750253       1.7679026785883791        579.5765279214919       35517.372053221115       190.30797571776287
    0.0073828125000000005      0.64069367481097073       1.7569812042217841       581.38173371474113       34802.961648226024       189.20392386625335
    0.0074609375000000006      0.63035104657833985       1.8222616574614108       583.32590865984457        34017.92205792282       187.97049105670635
    0.0075390624999999998      0.62477570210334843       1.9206469347350139       583.47826053684855       33616.284282867251       187.40878669700982
    0.0076171874999999998      0.67226749425639498       1.7345015533225252       562.89741279789371       36812.489187476873       190.72931299223978
    0.0076953124999999999      0.95701966415036388      0.49343948281182781       445.28378881942086       63484.658261398443       231.05336462363536
             0.0077734375        1.263915566646945    -0.055000276540629174       354.77621865200439       94928.170051946508       261.60221610653974
    0.0078515625000000009       1.3513044982687656      0.11141836141589709       335.26809719980423       103674.16019690118       267.22782449200912
     0.007929687500000001       1.3670171712646777      0.29674503487338882       331.97465802464171       104992.09514690426       267.51430165384772
    0.0080078124999999993       1.3795545266221334      0.39167944979052416        329.0332575138371       106051.70451849427       267.75843132304948
    0.0080859374999999994       1.3911899539215047      0.39451566004402344       326.57286651682551        106987.4364265725       267.86176175528368
    0.0081640624999999994        1.402965634770549      0.34352331453954066       324.55283971525063       107861.94108703817       267.78458349124173
    0.0082421874999999995       1.4171521595220471      0.28242135918869804       322.33007744416744       108918.50181102261       267.70072568262754
    0.0083203124999999996       1.4337593537768583      0.24638337383975298       319.60918009272126       110197.09279520088       267.70608655142627
    0.0083984374999999997       1.4508262126795983      0.25242517567367712       316.52664781227742       111548.88096695549       267.80223476233158
    0.0084765624999999997       1.4666391349581589      0.29667327744826394       313.27092502672213       112847.37993336564       267.99863581305652
    0.0085546874999999998       1.4805531085151842      0.36810708362805294       309.97627317189188       114054.08728116799       268.31888182539313
    0.0086328124999999999        1.492624097040147      0.44579871250154712       306.71422198233131        115173.0008396575       268.75998389342487
    0.0087109374999999999       1.5031927400491496      0.50145721393767584       303.51357299728636         116214.419828475       269.28348631221121
             0.0087890625       1.5126382332297885       0.5280701305346357       300.38659593279095       117184.27355080798       269.83521767144993
    0.0088671875000000001       1.5212287243166782       0.5398734857796873       297.33052698775094       118084.02379694278       270.37155497688906
    0.0089453125000000001       1.5290991778686909       0.5505601469186624       294.31215474654954        118914.9818932983       270.87273431364991
    0.0090234375000000002       1.5363351004938632      0.57124835874357494       291.30063847724978       119684.91778741113       271.34251454985383
    0.0091015625000000003       1.5430324967805609      0.59379041357762674       288.30256915246832        120407.1632569029       271.79510109488967
    0.0091796875000000003        1.549296692122009      0.59491178134463873       285.35696182438488        121094.0316395382       272.24036442489967
    0.0092578125000000004       1.5552111611638109      0.57947346953394974       282.50142161116929       121751.16651700798       272.67676883272719
    0.0093359375000000005        1.560845399533576      0.56846312803542542        279.7656767356533       122377.84698292606       273.09093984712388
    0.0094140625000000006       1.5663402614563584      0.57374771246942669         277.194020934972         122975.230715539       273.46132089439641
    0.0094921875000000006       1.5719276193352891      0.58568934618095314       274.86149104460071       123550.07056348589        273.7630467250624
    0.0095703125000000007        1.577874234324343       0.5823922775946746        272.8493565957159       124116.27096881601       273.98116427476486
    0.0096484375000000008       1.5842338073865374      0.50248793026758765       271.15700650400595       124678.96821036015       274.11846751895706
    0.0097265625000000008        1.590768790320304      0.35634800195147776       269.63943045637154       125231.57230767031       274.20233191421073
    0.0098046875000000009       1.5970325315030165      0.27763614440550122       268.07741535642231       125759.44458623607       274.27815556974787
     0.009882812500000001       1.6025958842522108      0.34188377509255891       266.29137999510493       126250.17143890554       274.39255645480137
     0.009960937500000001       1.6072667942211856      0.48547314605958458       264.21697925552547       126700.89629289479         274.571898885314
     0.010039062499999999       1.6111838318506826      0.59515592105810333       261.90239847846289       127119.18459551554        274.8086355318726
     0.010117187499999999       1.6147273988257471      0.62602850576894375       259.46994000832836       127519.96015798899       275.07006263571026
             0.0101953125       1.6181813816242556      0.62588623853897374       257.02852924655707       127909.21722390578       275.32079418059629
             0.0102734375         1.62157137948046      0.62228619831555554       254.61034728449184       128281.99738321338       275.54593935717804
             0.0103515625        1.624781715567875      0.62005655958193051       252.20897303954536       128633.54039112438       275.75511203927664
             0.0104296875       1.6277690636146647      0.62254357433161933       249.81919478668547       128962.99423626112        275.9539977715603
             0.0105078125       1.6307497183264654      0.62848507815097099       247.43803313142382       129275.57962078121       276.11725926300375
             0.0105859375       1.6341044257942627      0.63508188046888658       245.06210958983101       129577.52192700912       276.19399781737502
             0.0106640625         1.63804394292777      0.63968227730558636        242.6866353476936       129869.32737251522       276.15023396366723
             0.0107421875         1.64231829427728      0.63736386022676894       240.31104629062486       130148.50285276496       276.02360167337417
             0.0108203125       1.6462995463358803      0.61657527869752582       237.94667129421691       130415.01002331536       275.91994388857586
             0.0108984375       1.6493885263124395      0.58139381783043442       235.61299779376063       130671.43722521425       275.94470892969076
             0.0109765625       1.6514243733189751      0.55692777702603824       233.32355053494388       130919.45136023976       276.12762599478384
             0.0110546875       1.6527384017649578      0.55878349710996966       231.06696353988224       131157.19711541405       276.40912831176257
             0.0111328125       1.6536917717133439      0.57352261186842035       228.81821001853572       131382.68308026108       276.72470535945035
             0.0112109375       1.6542661912141385      0.58319543057373024       226.56421458919868       131595.04267837681       277.07574376963652
             0.0112890625       1.6540012032828555      0.56526638352154612       224.30181187703874       131791.12536276635       277.53305592539783
     0.011367187500000001       1.6522658590608048      0.46127250915746976       222.04731867661943       131972.53069312338       278.20695837260456
     0.011445312500000001       1.6481488812658398      0.28979354711639344       219.83574320478573        132138.8278481435       279.25334405734043
     0.011523437500000001       1.6399878377125867      0.13787489986584273       217.69183865994259       132287.82414341613       280.95943343063749
     0.011601562500000001       1.6253494894616509     0.074894117627315973        215.6154827479175       132419.85205289972       283.77276484571513
     0.011679687500000001       1.6022892878290926      0.10823113959662843       213.58072593870421       132534.14066508098       288.10527486945819
     0.011757812500000001       1.5712138311553761      0.19720240939369979       211.55551350900578       132629.58601700637       294.01500358074469
     0.011835937500000001       1.5354064707269095      0.30291738628065978       209.52293699638909        132704.3026347479       301.04125097532778
     0.011914062500000001        1.499475033880991      0.39698207767432925       207.47509917189163       132756.35556630013       308.37591768138105
     0.011992187500000001       1.4670469855065078       0.4666612005551431       205.40948841052236       132787.81374405106       315.26704036428708
     0.012070312499999999       1.4398372917293671      0.50743494721474536       203.33561781202894       132802.01310956254       321.25922941719381
             0.0121484375       1.4187947463715442      0.51362341935120259       201.26816289721455       132801.37225790625       326.02234246196838
             0.0122265625       1.4054241286274431      0.48134612439473812       199.21446247691242       132788.02617317281       329.09090692564075
             0.0123046875       1.4004434440346571      0.41743396158075624       197.16494279628995       132761.56935613666       330.19551890424168
             0.0123828125       1.4010357277669259      0.33237272916366739       195.10512275206725       132722.78775907017       329.95951555333841
             0.0124609375       1.4033264464680881      0.22987070176055976       193.02549877155818       132671.46376147264       329.29351912413205
             0.0125390625       1.4054703584959503      0.10665636396358491       190.94103557289662       132607.02891545577       328.63152826026459
             0.0126171875       1.4062647868096323    -0.030425972832917217       188.93149110825345       132532.30022290853        328.2607867304398
             0.0126953125        1.406171224510157     -0.14557031513167862       187.09468305694628       132448.59358781966       328.07528678024573
             0.0127734375       1.4064735043279815     -0.18540599055996948       185.44224944439009       132357.24861843322       327.77856377142558
             0.0128515625       1.4080602160657918     -0.12012579427038965       183.86570922141308       132259.12702433389       327.16647618242888
             0.0129296875       1.4104382150772337     0.016155927321576183       182.22905805427052       132158.67464299352       326.36680557734087
             0.0130078125        1.411916463830827      0.15597255754206274       180.47742806158087       132057.21374737256       325.77480986632844
             0.0130859375       1.4108373650342629      0.25365560326034597       178.68171347285121       131965.73088353584       325.79812963057697
             0.0131640625       1.4065340439191041      0.31073713358664118       176.95710316519859       131890.14967937788       326.60774958638842
             0.0132421875       1.4003652592031492      0.35454518734311791       175.35815907643308       131835.92937433862        327.9116371402564
     0.013320312500000001        1.394658583123406      0.40152839946613045       173.87378206132101       131814.43426116896       329.19970589040742
     0.013398437500000001       1.3911650203987549      0.44649487301577273       172.44599323486784       131820.90913378997       330.04261981616492
     0.013476562500000001       1.3902468973128856      0.47440237727136653       171.00118639260322       131847.30028104631       330.32670059481745
     0.013554687500000001       1.3909266201952606       0.4749549738964709       169.48973720546289       131878.86386762853       330.24431530963972
     0.013632812500000001       1.3921208732731449      0.45150145195995506       167.89086810522483       131896.99457425257       330.00637300122412
     0.013710937500000001       1.3932482831007331      0.41811739269156678       166.20461298547335       131884.28470726925       329.70755906352963
     0.013789062500000001       1.3939941241369376      0.39125076464750785       164.44829269285538        131831.1460263358         329.398378350244
     0.013867187500000001       1.3942562776621228      0.38151444072514967       162.65923633153901       131739.96731270186       329.10866376811248
     0.013945312500000001        1.394062297465549       0.3878244299876269       160.88695453784527       131622.46243255897       328.86087053459647
     0.014023437499999999       1.3935355747578597      0.40105245165001491       159.17678134771555       131495.18828944824       328.66705526271869
             0.0141015625       1.3928834436830428       0.4115874547766058       157.55496771912735       131375.33682731999       328.52122890605511
             0.0141796875       1.3923328144861935      0.41258993393617505       156.02172174074644       131275.24344793547       328.40075439981939
             0.0142578125       1.3920407775931549       0.4044965004758963       154.55788123959749       131199.11243365993       328.27915893834614
             0.0143359375       1.3920311760611248      0.39197854571343449       153.13616288041368       131141.89095391153       328.13824583542754
             0.0144140625       1.3922074404008109      0.38024361925243055       151.73024322749689       131092.07030217911       327.97205741484862
             0.0144921875       1.3924359779390074      0.37311104279788371       150.32115927596004        131038.3994066876       327.78397383277326
             0.0145703125       1.3926170499924475       0.3711174556670328       148.89808833712459       130973.91290448344       327.58006663469826
             0.0146484375        1.392715997272284      0.37214704291813733       147.45870984482568        130897.1800527482       327.36488968095426
             0.0147265625       1.3927655714773095      0.37393384072813929       146.01014870158883       130812.69068746945       327.14194283022306
             0.0148046875       1.3928488439449915      0.37490474536157598       144.57020748923003       130730.18566765366       326.91606468604778
             0.0148828125       1.3930632510022474         0.37424922656067       143.16017567735466       130661.53767794938       326.69410774382658
             0.0149609375       1.3934741632756047      0.37241088991835736       141.79704493851321        130615.6669770007       326.48311403698148
             0.0150390625       1.3940755376841127      0.37014108230805931       140.48491404923806       130593.73406813556       326.28747698520226
             0.0151171875       1.3947859081541834       0.3673227664759634       139.21352563727575       130588.32220229664       326.10778274778278
             0.0151953125       1.3954840947920788      0.36289720394971609       137.96557829096704       130587.22875150945       325.94189573985932
     0.015273437500000001       1.3960451487098078      0.35499592473568542       136.72409026859361       130576.99923888803       325.78538127161346
     0.015351562500000001       1.3963472303960232      0.34181930054255227       135.46973241796547        130542.9308118269       325.62992057981899
     0.015429687500000001       1.3962715257484251      0.32425752144662601       134.18047329564388       130468.89207790048       325.46288166316413
     0.015507812500000001       1.3957269339633169       0.3065400663476438       132.83578868177645       130341.09698152333       325.27095509643851
     0.015585937500000001       1.3946922432291149      0.29355341379441519       131.42650048403064       130154.45315559569       325.04614427029719
     0.015664062499999999       1.3932491035006973      0.28775785531448317       129.96344079126271       129917.53618068097       324.79054351276278
     0.015742187500000001       1.3915908411716651      0.28818074174530744       128.48045346432369        129654.0537640986       324.51808960497186
     0.015820312499999999       1.3899950292354608      0.29195593135784798       127.03026983299203       129399.31730053401         324.252333599802
     0.015898437500000001       1.3887407624512664      0.29661313676405843       125.66712778169149       129189.39814044267       324.01869182950077
     0.015976562499999999       1.3880221237743171      0.30139648059601171       124.43091071118322       129049.74215961214       323.83599904737332
     0.016054687500000001       1.3879187699554523      0.30694839458725937       123.34134809565984       128991.15643140528       323.71308873852684
             0.0161328125       1.3883991518879717      0.31268955785870772       122.39719286336187       129009.98098985273       323.64831029448175
     0.016210937500000001       1.3893155688938525      0.31547850020437318       121.57198954516416       129087.23962704807        323.6285176496857
             0.0162890625       1.3904025866138536       0.3116231457984967        120.8100091920402       129188.38304355484       323.62887828368889
     0.016367187500000002       1.3913254435945881      0.30084294270161405       120.03720891338193       129269.70210101537       323.61779404385408
             0.0164453125       1.3917752584411711      0.28652077826779621        119.1796495771156       129290.90216175682       323.56625811989409
     0.016523437500000002       1.3916034989678543      0.27321900099413821       118.19761802024883        129232.7210858185       323.46057126105171
             0.0166015625       1.3909320243528636      0.26519655916863571       117.11532542765293       129111.20352840576       323.31242548024386
     0.016679687500000002       1.3901705711583285      0.26480280048758092       116.02738594501226       128979.78335598885       323.16024223590438
             0.0167578125       1.3898257468900121      0.26989077356336705       115.05443443664578       128904.29490159638       323.05123620349002
     0.016835937500000002       1.3900874362949394      0.27390995804073653       114.24224935399373       128909.26675717886       323.00287832580273
             0.0169140625       1.3905698338536294      0.27115400716214288       113.49945802889957        128944.4304214688       322.97890420882936
     0.016992187500000002       1.3906638249269618      0.26343377990441269        112.6813502315453       128930.55520387631       322.92232279205786
             0.0170703125       1.3901157285920274      0.25468945228572581       111.72612059298238       128834.58939063753       322.80919208625198
     0.017148437499999999       1.3889745186150668      0.24148637319492358       110.64851715342624       128662.82412008806       322.64368841702401
     0.017226562500000001       1.3868606567834294      0.21755795839856901       109.36407494022113       128366.09627207044        322.3902347990408
     0.017304687499999999       1.3828478507950481      0.18527109643694933       107.64899121966103       127824.75152166883        321.9622328209885
     0.017382812500000001       1.3765222282617338      0.15608609602238169       105.39253689445646       126986.19912630413       321.31993318260857
     0.017460937499999999       1.3690427581134248      0.14496896027323691       102.86817845146885        126001.3570777456       320.56978270122397
     0.017539062500000001       1.3629944610518898      0.16415156071007764       100.70740370152765       125203.58847931141       319.95364191399705
     0.017617187499999999       1.3611800204453219      0.21378371552616057       99.596094560667837       124952.02601027023       319.73642069256164
     0.017695312500000001       1.3648149419224973      0.27518902389831823       99.820142855725507        125401.7541828355       320.03259692655229
     0.017773437499999999       1.3718253394816817      0.30929963198022953        100.8457544486466       126286.77502750128       320.64422669755464
     0.017851562500000001        1.377800220546249      0.28562367783310566       101.59645586831827       127039.92259603452       321.15770294666913
     0.017929687499999999       1.3778148744001997      0.21327139323468766       100.90203535621164       127025.36392118345       321.11748322189487
     0.018007812500000001       1.3688934168580085      0.12936491624633428       98.035458996961566       125860.21242856709       320.24561951206925
             0.0180859375       1.3557413228020829     0.077258197472710469       94.169825012965234       124154.92332529258       318.97120937603012
     0.018164062500000001        1.344981707950182      0.07187338356419698       90.961543502318946       122763.10589817679       317.91854495968676
             0.0182421875       1.3398334397342062     0.096630997371176933       89.209325162540239       122092.89014570865       317.39781597719326
     0.018320312500000002       1.3394979105232223      0.13343636792836705       88.676922148161836       122037.60080627368       317.33355207486551
             0.0183984375       1.3423418631852437        0.177694454959236       88.917324538620505       122388.06997512479       317.57062517478408
     0.018476562500000002       1.3478632458677717      0.22929701304365871       89.783630021418475         123081.272445972       318.06107244009542
             0.0185546875       1.3559405266408422      0.27940663462108073       91.234876367206837       124103.20747035889       318.79150301916638
     0.018632812500000002        1.365548214958535      0.30642819891819895       93.017943520856093       125324.26613914021       319.66309777796437
             0.0187109375       1.3739695100525398       0.2872224769619281       94.480558840974254       126396.10637634485       320.42100102292966
     0.018789062500000002       1.3774682473363311      0.21834023866874275       94.749325263513569       126836.21527429784       320.72000526930151
             0.0188671875       1.3732190653999559      0.12552741673809206       93.162031100389555       126279.20212022612       320.29958593400511
     0.018945312500000002        1.362771771347475     0.055594370361040285       90.103668408924719        124926.6991763509       319.29822823451269
             0.0190234375       1.3511258500115089     0.040733004128147385       86.786682539394562       123424.84680373571       318.17874626321407
     0.019101562499999999       1.3429291916620369     0.073399536946940319       84.344015072012951       122368.80709005147       317.38177487243115
     0.019179687500000001       1.3397800241691238      0.12268582197824432       83.157887339671888        121958.8492629332       317.06199806802886
     0.019257812499999999       1.3406470137076005      0.16530082391540232       82.956242184287703       122060.99781889422       317.12234423835059
     0.019335937500000001       1.3443181220617673       0.1986152286227631       83.433679458514419       122520.94288598851       317.44803975224244
     0.019414062499999999       1.3505621857273915      0.22638914155869605       84.537457011766676       123310.37102350022       318.01630786899477
     0.019492187500000001       1.3598032640587603      0.24791234126527262       86.382121070788187       124485.38500336799       318.86485913322775
     0.019570312499999999       1.3722348630643471      0.25815732702047334       89.022862324954843       126073.90199456882       320.00820820304585
     0.019648437500000001       1.3865475850741471      0.24991827061332283        92.13031382439236       127910.91169718292       321.31957814613651
     0.019726562499999999       1.3988736921756064      0.21312221924185226       94.743163188401667       129497.60109508905       322.43902039994896
     0.019804687500000001       1.4032496420077571      0.14419083584336392       95.405695088823649       130057.68963319778       322.82374193327615
     0.019882812499999999       1.3949547085580845     0.069979553444468795       92.961180927025325       128977.05039011361       322.04510770826573
     0.019960937500000001       1.3780571935239003     0.047072516427855933       88.368772336421088          126787.66503335        320.4602253714321
             0.0200390625       1.3629594294265304     0.086124436516166053        84.17987364450839       124838.52492465095       319.02893370562788
     0.020117187500000001       1.3567578466767323       0.1334368689306358        82.21956119448717       124037.94369123338       318.43191480615883
             0.0201953125       1.3567718546165155      0.15247398729317346       81.837907583790496       124034.04219817386        318.4186113046519
     0.020273437500000002       1.3582970065298292      0.15810439992788744       81.837469859820345       124222.93884170607       318.54546630343339
             0.0203515625       1.3604361989201506      0.15732591054617634       81.997565770449071       124490.86619331148        318.7305424913136
     0.020429687500000002       1.3627812388311198       0.1522919882470278       82.219383621372145       124785.55626127987       318.93526751416351
             0.0205078125       1.3651375386492026      0.14529896737173867       82.457110922088049       125082.06568600828       319.14129886343795
     0.020585937500000002       1.3674743148915749      0.13807541003452828       82.704529166426198       125376.48156673793       319.34584708561607
             0.0206640625       1.3698194795375849      0.13160933933401703        82.96837867799951       125672.34736041684       319.55142733354518
     0.020742187500000002       1.3721753616074941      0.12665098741079739       83.247072111940639       125969.88914856443       319.75806169219987
             0.0208203125       1.3745303914344162      0.12418141251297496       83.533527470329162       126267.56503661866       319.96452592511645
     0.020898437500000002        1.376941844307157      0.12534963694712525       83.836056072119703       126572.74784415604       320.17615361167367
             0.0209765625       1.3795897546300997      0.13078597140509368       84.192940500586431       126908.69294105227       320.40979436711223
     0.021054687499999999       1.3827224514317027      0.13979416848357215       84.660586320551701        127307.5329807222       320.68855456167421
     0.021132812500000001       1.3865016870492075      0.15029815187811174       85.276374923816178       127790.31005874269       321.02724664932634
     0.021210937499999999       1.3908327500287143      0.15938672846923582       86.016943038313286       128345.00774460185       321.41670490602058
     0.021289062500000001        1.395277152554717      0.16379005128768001       86.776386516968827       128915.11572505825       321.81607409824494
     0.021367187499999999        1.399119043624417      0.16113591500422034       87.382082764550518       129407.98261329668        322.1593730836525
     0.021445312500000001       1.4016231304216953      0.15185330241581832       87.659015799247612       129728.10306590513       322.37932699006672
     0.021523437499999999       1.4024182868904589      0.13921462345908317       87.520952437570244       129827.02108311739       322.44221699453908
     0.021601562500000001       1.4018110393781698      0.12763483261844741       87.047373192916893       129744.27027193081       322.37628366170816
     0.021679687499999999       1.4005550946917777      0.12044131476962421        86.42521349723485       129577.55129941173       322.25075488169483
     0.021757812500000001       1.3995173879471272      0.11867200425054446       85.867391229058583       129439.21716957455       322.14541279422389
     0.021835937499999999       1.3993828993342183      0.12141933998547814       85.540797173671976       129417.93524258689       322.12340171914587
     0.021914062500000001       1.4004293950948612      0.12709353668318085       85.510012904434817       129549.63504310827       322.21024732676443
             0.0219921875       1.4025645524433392      0.13431346855234169       85.746906394211067       129822.44708630498       322.39723238423716
     0.022070312500000001       1.4055449713025612      0.14200726239054048       86.186554732449721       130205.05082147906        322.6617301171371
             0.0221484375       1.4091259883796392      0.14928382301579612        86.76579978721368       130665.97412981885       322.98106210492625
     0.022226562500000002       1.4130491538070824      0.15493670603676785       87.420377452137757       131171.86022957959        323.3313240636416
             0.0223046875        1.416975943481402      0.15665967980160045       88.069055979905798       131678.79181623043       323.68138852360869
     0.022382812500000002       1.4205192582762596      0.15221958790395285       88.622068381754758       132136.36042633984       323.99595406438584
             0.0224609375       1.4233765342199465      0.14188096054710425       89.015683389095642       132505.00773667483       324.24766887660104
     0.022539062500000002       1.4253998148732514      0.12832542135527025       89.221768681737515        132765.2330461969         324.423299222107
             0.0226171875       1.4265647213731536      0.11516504467490329       89.237175608753503       132913.66790041843       324.52079831113878
     0.022695312500000002       1.4270768301280652      0.10539555984904993        89.10932360539465       132977.01305813729       324.55895097237965
             0.0227734375       1.4274547907208777      0.10045520369397172       88.960445268153137       133022.86339194796       324.58489240800606
     0.022851562500000002       1.4283745586032999      0.10081242313156319       88.951324752879415       133139.40552789471       324.66007134879538
             0.0229296875       1.4302020531916477      0.10649261087243735        89.16436264644345       133374.52931963131       324.81784080030121
     0.023007812499999999       1.4323333027265521      0.11555465669685379       89.439027817804046       133649.56273825295       325.00334061581214
     0.023085937500000001       1.4347837176927303      0.12538643102234084       89.776470159990353       133966.57077937716       325.21784936767915
     0.023164062499999999       1.4390809304046628       0.1346954111194322        90.56015951116278       134525.38083486358       325.59924139112292
     0.023242187500000001       1.4454760372908724      0.14274370450266716       91.850567248356882       135359.36155411837        326.1683174358252
     0.023320312499999999        1.450083509479509      0.14679381258878682       92.679593832166489       135961.05217376596       326.57721082847638
     0.023398437500000001       1.4456655358018773      0.14310702925113103         91.2703333605658       135386.73806233256       326.19152222251398
     0.023476562499999999       1.3743230193732237      0.10728377889435013       73.007244093923561       126211.14065557261       319.86980339940413
     0.023554687500000001       1.2464616048963713     0.038817053071558014       37.945901088684188       109996.61093824214       307.37233166331436
     0.023632812499999999       1.1834060746873696    0.0040779496367775656       19.414241600178649       102174.11142764645       300.72632542638553
     0.023710937500000001       1.1774345508384378   0.00054781368680007218       17.661646303869517       101446.31671345931       300.09853836557357
     0.023789062499999999       1.1764891034988694   3.1298229416268728e-05       17.387385706668432       101334.88329903022       300.00979554853649
     0.023867187500000001       1.1763773256305852  -2.3357975209298955e-05       17.352375018339764       101320.84426700544       299.99673450099948
             0.0239453125       1.1764116872650938  -1.4924431774834594e-06       17.362101460054163       101324.82767325369       299.99976590064847
     0.024023437500000001       1.1764276630270745   9.3371092762043832e-06       17.366926712359643         101326.800250739       300.00153220978893
             0.0241015625       1.1764185061182075   4.0927549876309992e-06        17.36420324151187       101325.69377603009       300.00059133592208
     0.024179687500000002       1.1764109632873176  -1.1003698728316155e-06       17.361968505807422       101324.78173417509       299.99981450894882
             0.0242578125       1.1764109395741733  -1.3839901571994419e-06        17.36196513376872       101324.77925196881       299.99981320685066
     0.024335937500000002       1.1764126211268491  -2.9449390413999497e-07       17.362463064344293       101324.98202995598       299.99998476907314
             0.0244140625       1.1764130002337656   2.7851352456804106e-08       17.362575188706526        101325.0277540911       300.00002347069398
     0.024492187500000002       1.1764126986144656  -1.2615536134520417e-07       17.362486299822077       101324.99139699452       299.99999274240616
             0.0245703125       1.1764125554116669  -2.0942855882331915e-07       17.362444361123686       101324.97412100926       299.99997811069557
     0.024648437500000002       1.1764126123827798  -1.6431201758888627e-07       17.362461538065318       101324.98098665492       299.99998390994591
             0.0247265625       1.1764126794969483  -1.0372973802740438e-07       17.362481610349946       101324.98908067634       299.99999075952746
     0.024804687500000002       1.1764127022988116  -6.8491845386113824e-08       17.362488509329332       101324.99183131041       299.99999308876119
             0.0248828125       1.1764127119833674    -4.43616178411594e-08       17.362491476202838       101324.99299911284       299.99999407667235
     0.024960937500000002       1.1764127275773837  -2.0780980411442078e-08       17.362496139322854       101324.99487928775       299.99999566676797
     0.025039062500000001       1.1764127455635902   2.3235846938823298e-10       17.362501464675059       101324.99704814436       299.99999750154512
     0.025117187499999999       1.1764127604131305   1.5474089960867752e-08       17.362505828856566       101324.99883888337        299.9999990166923
     0.025195312500000001        1.176412771550954   2.4919810090221522e-08       17.362509073521792       101325.00018203142       300.00000015315987
     0.025273437499999999       1.1764127800874393   2.9933651659463251e-08       17.362511536549604       101325.00121147378       300.00000102419102
     0.025351562500000001       1.1764127864491738   3.1726830721521646e-08       17.362513351475862       101325.00197867511       300.00000167337544
     0.025429687499999999       1.1764127905956983   3.1236233450922867e-08       17.362514511790096       101325.00247876071       300.00000209659811
     0.025507812500000001       1.1764127926114576   2.9259320919779562e-08       17.362515046070666       101325.00272190526       300.00000230244927
     0.025585937499999999       1.1764127927933463   2.6399387026312517e-08       17.362515044197952       101325.00274390311       300.00000232119589
     0.025664062500000001       1.1764127915372089   2.3025446321627502e-08       17.362514624306268       101325.00259248386       300.00000219320913
     0.025742187499999999       1.1764127892757432   1.9356508524631083e-08       17.362513914844339       101325.00231982239        300.0000019626234
     0.025820312500000001       1.1764127864476637   1.5579030592683005e-08         17.3625130456501       101325.00197882048       300.00000167419103
             0.0258984375       1.1764127834464067   1.1896043847996121e-08       17.362512132822037       101325.00161692259       300.00000136805278
     0.025976562500000001        1.176412780563086   8.4987204620873685e-09       17.362511261873166       101325.00126923659       300.00000107391753
             0.0260546875       1.1764127779592908   5.5150564651749004e-09       17.362510479776525       101325.00095525231       300.00000080828278
     0.026132812500000002       1.1764127756828366   2.9902710692432553e-09       17.362509799759302       101325.00068073935       300.00000057603739
             0.0262109375       1.1764127737137422   9.1163188666679034e-10       17.362509215011112        101325.0004432897       300.00000037514741
     0.026289062500000002       1.1764127720158479  -7.4462724492107505e-10       17.362508713987967       101325.00023854311       300.00000020192425
             0.0263671875       1.1764127705719885  -1.9834546283282187e-09       17.362508290783818        101325.0000644291       300.00000005461499
     0.026445312500000002       1.1764127693925437  -2.7955951803171433e-09        17.36250794761721       101324.99992219816       299.99999993427508
             0.0265234375       1.1764127685014074  -3.1886729494871402e-09       17.362507690694461       101324.99981473114        299.9999998433409
     0.026601562500000002       1.1764127679128553  -3.2154001329223971e-09       17.362507523447526        101324.9997437502       299.99999978327088
             0.0266796875       1.1764127676138072  -2.9775747505147073e-09       17.362507441392779       101324.99970767921       299.99999975273397
     0.026757812500000002       1.1764127675599514  -2.6001191943691327e-09       17.362507431060081       101324.99970117635       299.99999974721442
             0.0268359375       1.1764127676856764  -2.1929361274404823e-09       17.362507472928741       101324.99971633071       299.99999976002152
     0.026914062500000002       1.1764127679211598  -1.8219175741405218e-09       17.362507546408295       101324.99974472269       299.99999978403241
     0.026992187500000001       1.1764127682079843  -1.5037549708451918e-09       17.362507634352575       101324.99977930747       299.99999981328619
     0.027070312499999999       1.1764127685071639   -1.222423248536099e-09       17.362507725346489       101324.99981538323       299.99999984380361
     0.027148437500000001       1.1764127687983363  -9.5390378735797304e-10       17.362507813428174       101324.99985049394       299.99999987350571
     0.027226562499999999       1.1764127690732125   -6.855274426499471e-10       17.362507896163073       101324.99988363999       299.99999990154669
     0.027304687500000001       1.1764127693281465  -4.2180888153546067e-10       17.362507972480032       101324.99991438161        299.9999999275542
     0.027382812499999999       1.1764127695594875   -1.790291080715107e-10       17.362508041328301       101324.99994227849       299.99999995115559
     0.027460937500000001       1.1764127697626525   2.5149647010791742e-11       17.362508101417706       101324.99996677814       299.99999997188377
     0.027539062499999999       1.1764127699335138   1.7892936589157645e-10       17.362508151620734       101324.99998738266       299.99999998931725
     0.027617187500000001       1.1764127700699449   2.7916191034932734e-10       17.362508191413539       101325.00000383533        300.0000000032382
     0.027695312499999999       1.1764127701722429   3.2974714159503904e-10       17.362508220986765       101325.00001617182       300.00000001367641
     0.027773437500000001       1.1764127702424976   3.3897485174621742e-10       17.362508241047927       101325.00002464422       300.00000002084539
             0.0278515625       1.1764127702837595   3.1740508231218793e-10       17.362508252568926       101325.00002962047       300.00000002505664
     0.027929687500000001       1.1764127702996876   2.7659433727686825e-10       17.362508256679291       101325.00003154176       300.00000002668327
             0.0280078125       1.1764127702946829   2.2756207152443587e-10       17.362508254704164       101325.00003093881       300.00000002617429
     0.028085937500000002       1.1764127702740097   1.7942260183819342e-10       17.362508248202762       101325.00002844645       300.00000002406694
             0.0281640625       1.1764127702434541    1.379193803590666e-10       17.362508238873929       101325.00002476219       300.00000002095078
     0.028242187500000002       1.1764127702085136   1.0467925407614336e-10       17.362508228323904       101325.00002054877       300.00000001738607
             0.0283203125       1.1764127701735205   7.8477706997272137e-11        17.36250821781659       101325.00001632885       300.00000001381557
     0.028398437500000002       1.1764127701411806   5.6573868630135032e-11       17.362508208139658       101325.00001242882       300.00000001051552
             0.0284765625       1.1764127701126834    3.696247020800436e-11       17.362508199638125       101325.00000899236       300.00000000760804
     0.028554687500000002       1.1764127700882245   1.8851503391215145e-11       17.362508192367095       101325.00000604313       300.00000000511346
             0.0286328125       1.1764127700675944   2.5415773980395394e-12        17.36250818626052       101325.00000355547       300.00000000300901
     0.028710937500000002       1.1764127700505465  -1.0953758870114801e-11       17.362508181241008       101325.00000149981       300.00000000127005
             0.0287890625       1.1764127700369125  -2.0951217673313494e-11       17.362508177252987       101324.99999985594       299.99999999987978
     0.028867187500000002       1.1764127700265525  -2.7213797146392363e-11       17.362508174247292       101324.99999860687       299.99999999882351
     0.028945312500000001        1.176412770019277  -2.9747962830692059e-11       17.362508172159405       101324.99999772957       299.99999999808136
     0.029023437499999999       1.1764127700148128  -2.9133055967241716e-11       17.362508170901531       101324.99999719103       299.99999999762531
     0.029101562500000001       1.1764127700128089  -2.6090464429372977e-11       17.362508170365555       101324.99999694925       299.99999999742045
     0.029179687499999999       1.1764127700128599  -2.1645675870388193e-11       17.362508170428537       101324.99999695535        299.9999999974255
     0.029257812500000001       1.1764127700145139  -1.6759895557692003e-11       17.362508170954907       101324.99999715461       299.99999999759365
     0.029335937499999999         1.17641277001728  -1.2322798353087312e-11       17.362508171800364       101324.99999748798       299.99999999787536
     0.029414062500000001       1.1764127700206664  -8.6585474068898852e-12       17.362508172821052       101324.99999789616       299.99999999822029
     0.029492187499999999       1.1764127700242324   -5.965385750742827e-12       17.362508173888383       101324.99999832596       299.99999999858346
     0.029570312500000001       1.1764127700276397  -3.8892035170391068e-12        17.36250817490383        101324.9999987366       299.99999999893038
     0.029648437499999999        1.176412770030677  -1.9808949256425918e-12       17.362508175806447        101324.9999991027       299.99999999923978
     0.029726562500000001       1.1764127700332534  -2.8273419730791752e-13       17.362508176569772       101324.99999941315       299.99999999950188
             0.0298046875       1.1764127700353604   1.1672591473854347e-12       17.362508177192016       101324.99999966708       299.99999999971641
     0.029882812500000001       1.1764127700370322   2.2701773848433201e-12       17.362508177683917       101324.99999986873       299.99999999988717
             0.0299609375       1.1764127700383171   3.0526329359443388e-12       17.362508178060153       101325.00000002387       300.00000000001882
     0.030039062500000002       1.1764127700392619   3.5728305872850544e-12       17.362508178334679       101325.00000013781       300.00000000011522
             0.0301171875        1.176412770039903   3.8041569567010019e-12       17.362508178519551       101325.00000021525       300.00000000018105
     0.030195312500000002       1.1764127700402771   3.8200823368020047e-12       17.362508178625902       101325.00000026061       300.00000000021993
             0.0302734375       1.1764127700404223   3.4139777321689056e-12       17.362508178665351       101325.00000027865        300.0000000002363
     0.030351562500000002       1.1764127700403857   2.7760342054822141e-12       17.362508178650955       101325.00000027452        300.0000000002334
             0.0304296875       1.1764127700402149   2.1922116999274951e-12       17.362508178597118       101325.00000025402       300.00000000021623
     0.030507812500000002       1.1764127700399565   1.7765969156080039e-12       17.362508178518315       101325.00000022296       300.00000000019025
             0.0305859375       1.1764127700396552   1.5273373275209851e-12       17.362508178427845       101325.00000018679        300.0000000001599
     0.030664062500000002       1.1764127700393485   1.2311357069328433e-12        17.36250817833599       101325.00000014974       300.00000000012841
             0.0307421875       1.1764127700390594   9.5538127056687984e-13       17.362508178249449       101325.00000011474       300.00000000009851
     0.030820312500000002        1.176412770038801   8.5293690443214553e-13       17.362508178171421       101325.00000008314       300.00000000007088
     0.030898437500000001       1.1764127700385751   8.8006556012223557e-13       17.362508178102953        101325.0000000553       300.00000000004604
     0.030976562500000002       1.1764127700383804   8.7850812491804226e-13       17.362508178044365       101325.00000003139        300.0000000000249
     0.031054687500000001       1.1764127700382172   9.1989981953198723e-13       17.362508177995821       101325.00000001147       300.00000000000756
     0.031132812499999999       1.1764127700380871   1.0904612223426773e-12       17.362508177957533       101324.99999999568       299.99999999999397
     0.031210937500000001       1.1764127700379909   1.1096586710713412e-12       17.362508177929364       101324.99999998401       299.99999999998397
     0.031289062499999999        1.176412770037927   9.5653830594781545e-13       17.362508177911238       101324.99999997629       299.99999999997743
     0.031367187499999998       1.1764127700378921   8.2805415966161765e-13        17.36250817790237       101324.99999997228       299.99999999997442
     0.031445312500000003       1.1764127700378824   8.5409161621522303e-13       17.362508177900782       101324.99999997135       299.99999999997414
     0.031523437500000001       1.1764127700378921   8.2345947741380452e-13       17.362508177904157       101324.99999997256       299.99999999997522
     0.031601562499999999       1.1764127700379128   7.9973472786520619e-13       17.362508177910119       101324.99999997497       299.99999999997715
     0.031679687499999998        1.176412770037937   6.4728185078546474e-13       17.362508177917199       101324.99999997788       299.99999999997959
     0.031757812500000003       1.1764127700379619   3.9179952601582513e-13       17.362508177924724       101324.99999998089       299.99999999998215
     0.031835937500000001       1.1764127700379863     1.73195941929473e-13       17.362508177932195       101324.99999998395       299.99999999998499
             0.0319140625       1.1764127700380089    1.622299396483797e-13       17.362508177939226       101324.99999998682       299.99999999998766
     0.031992187499999998        1.176412770038028   2.8226320443820954e-13       17.362508177945767       101324.99999998948       299.99999999999073
     0.032070312500000003       1.1764127700380462   4.6615663721230269e-13       17.362508177952005       101324.99999999188       299.99999999999318
     0.032148437500000002       1.1764127700380638   5.1845729983565768e-13       17.362508177957519       101324.99999999405       299.99999999999511
             0.0322265625       1.1764127700380806   5.3342826677808259e-13       17.362508177961804       101324.99999999593       299.99999999999636
     0.032304687499999998       1.1764127700380933   4.3057540192023612e-13       17.362508177964564       101324.99999999721       299.99999999999693
     0.032382812500000004       1.1764127700380997   4.6364914578555352e-13       17.362508177966028       101324.99999999783        299.9999999999971
     0.032460937500000002       1.1764127700381002    6.538757243263975e-13       17.362508177966816       101324.99999999812        299.9999999999979
             0.0325390625       1.1764127700381009   7.1425012931500178e-13       17.362508177967278       101324.99999999833       299.99999999999835
     0.032617187499999999       1.1764127700380986   5.3925209308855919e-13       17.362508177967477        101324.9999999984       299.99999999999909
     0.032695312500000004       1.1764127700380969   3.4316160028520534e-13       17.362508177967452       101324.99999999843       299.99999999999966
     0.032773437500000002       1.1764127700380946   7.8118631097373393e-14       17.362508177967229       101324.99999999836                      300
     0.032851562500000001       1.1764127700380942  -1.6025155773381956e-13       17.362508177966944       101324.99999999822       299.99999999999972
     0.032929687499999999        1.176412770038096  -4.1193081085999509e-13       17.362508177966724       101324.99999999815       299.99999999999909
     0.033007812499999997       1.1764127700380973  -2.0059130271633572e-13       17.362508177966692       101324.99999999821       299.99999999999886
     0.033085937500000002       1.1764127700380986   1.9801101786594064e-13       17.362508177966841       101324.99999999822       299.99999999999858
     0.033164062500000001          1.1764127700381   4.8700569638428227e-13       17.362508177966507        101324.9999999982       299.99999999999812
     0.033242187499999999       1.1764127700381009    6.808433440951747e-13       17.362508177965875       101324.99999999811       299.99999999999767
     0.033320312499999998          1.1764127700381   7.8284812413013968e-13       17.362508177965438       101324.99999999798        299.9999999999975
     0.033398437500000003       1.1764127700381004   6.9636530909582797e-13        17.36250817796552       101324.99999999795       299.99999999999733
     0.033476562500000001          1.1764127700381   2.6112526724034259e-13       17.362508177965644       101324.99999999802       299.99999999999761
     0.033554687499999999       1.1764127700381009  -7.9153683172046924e-14       17.362508177965594       101324.99999999815       299.99999999999778
     0.033632812499999998       1.1764127700381009  -7.7372889144684581e-14       17.362508177965616       101324.99999999808       299.99999999999761
     0.033710937500000003       1.1764127700380995   2.5420196502472783e-13       17.362508177965541       101324.99999999799       299.99999999999767
     0.033789062500000001       1.1764127700380973   5.1438270692737643e-13       17.362508177965577       101324.99999999805       299.99999999999841
             0.0338671875       1.1764127700380969   5.3977842040557336e-13       17.362508177965804       101324.99999999811       299.99999999999869
     0.033945312499999998       1.1764127700380973   6.4179407343992148e-13       17.362508177965843       101324.99999999817       299.99999999999875
     0.034023437500000003       1.1764127700380995   8.5268369217486088e-13       17.362508177965857       101324.99999999818       299.99999999999824
     0.034101562500000002       1.1764127700381022   7.1198900683080126e-13       17.362508177965914       101324.99999999818       299.99999999999756
             0.0341796875       1.1764127700381033   6.8520291065555295e-13       17.362508177965776        101324.9999999982       299.99999999999733
     0.034257812499999998       1.1764127700381026    9.674079656090848e-13        17.36250817796569       101324.99999999822       299.99999999999756
     0.034335937500000004       1.1764127700381022   1.2921616512708856e-12       17.362508177965616       101324.99999999824       299.99999999999773
     0.034414062500000002       1.1764127700381035   1.3520770308771228e-12       17.362508177965676       101324.99999999821       299.99999999999727
             0.0344921875       1.1764127700381048   1.0501606262038125e-12       17.362508177965552       101324.99999999817       299.99999999999682
     0.034570312499999999       1.1764127700381057   4.9624588251946887e-13       17.362508177965324       101324.99999999818       299.99999999999665
     0.034648437500000004       1.1764127700381062   2.8166230084150875e-13       17.362508177965093       101324.99999999822       299.99999999999665
     0.034726562500000002       1.1764127700381046   3.9402517144358949e-13       17.362508177965033       101324.99999999824        299.9999999999971
     0.034804687500000001       1.1764127700381022   4.4698988165774034e-13       17.362508177965111       101324.99999999831       299.99999999999795
     0.034882812499999999       1.1764127700381022   4.3916618734744334e-13        17.36250817796525        101324.9999999983        299.9999999999979
     0.034960937500000004       1.1764127700381031   3.7560793303302898e-13       17.362508177965243       101324.99999999822       299.99999999999744
     0.035078125000000002        1.176412770038104   3.3193628530078381e-13       17.362508177965253       101324.99999999828       299.99999999999739
     0.035234374999999998       1.1764127700381037   4.4010594965694796e-13       17.362508177965225       101324.99999999818       299.99999999999716
     0.035390625000000002       1.1764127700381048   5.2205827267751051e-13       17.362508177965122        101324.9999999982       299.99999999999693
     0.035546874999999999        1.176412770038104   4.4390885643579996e-13       17.362508177965164       101324.99999999827       299.99999999999733
     0.035703125000000002       1.1764127700381035   3.3566305997510162e-13       17.362508177965157       101324.99999999833       299.99999999999761
     0.035859374999999999       1.1764127700381026   2.5080087886758196e-13        17.36250817796525       101324.99999999837       299.99999999999801
     0.036015625000000002       1.1764127700381022   9.5087272895769179e-14         17.3625081779652       101324.99999999827       299.99999999999778
     0.036171874999999999       1.1764127700381033   4.4462878139362755e-14       17.362508177965196       101324.99999999828       299.99999999999761
     0.036328125000000003       1.1764127700381046   5.1908650091131206e-14       17.362508177965264       101324.99999999822       299.99999999999704
     0.036484374999999999        1.176412770038104   2.4784149656578878e-13       17.362508177965285       101324.99999999817       299.99999999999704
     0.036640625000000003       1.1764127700381035   4.3794355736020814e-13       17.362508177965399        101324.9999999982       299.99999999999721
              0.036796875       1.1764127700381042   3.0719175773724699e-13       17.362508177965434       101324.99999999817       299.99999999999699
     0.036953125000000003       1.1764127700381046   2.9608738605642615e-13       17.362508177965395       101324.99999999822       299.99999999999704
              0.037109375       1.1764127700381035   2.3502484161981758e-13       17.362508177965438        101324.9999999983       299.99999999999756
     0.037265625000000004       1.1764127700381022   1.3006271730750158e-13        17.36250817796541       101324.99999999828       299.99999999999784
              0.037421875       1.1764127700381013   1.7652895122066633e-13       17.362508177965321       101324.99999999831       299.99999999999818
     0.037578125000000004       1.1764127700381013   1.5749160015193515e-13       17.362508177965353        101324.9999999983       299.99999999999812
     0.037734375000000001       1.1764127700381022   2.5675946402037109e-13       17.362508177965456       101324.99999999834       299.99999999999801
     0.037890625000000004       1.1764127700381035   2.5708959342510062e-13       17.362508177965662       101324.99999999838       299.99999999999778
     0.038046875000000001       1.1764127700381026   7.9664649257488454e-14       17.362508177965708       101324.99999999837       299.99999999999801
     0.038203124999999998       1.1764127700381015   2.4414529558553215e-14       17.362508177965729        101324.9999999984       299.99999999999841
     0.038359375000000001       1.1764127700381009   2.2139802006698403e-13       17.362508177965751       101324.99999999838       299.99999999999852
     0.038515624999999998        1.176412770038102   1.5018507770968604e-13       17.362508177965601       101324.99999999838       299.99999999999818
     0.038671875000000001       1.1764127700381035   7.6398659541499599e-14       17.362508177965516       101324.99999999846       299.99999999999801
     0.038828124999999998       1.1764127700381035   1.8308483287858599e-14       17.362508177965399       101324.99999999846       299.99999999999801
     0.038984375000000002       1.1764127700381046   5.8548809814463727e-14       17.362508177965292       101324.99999999846       299.99999999999778
     0.039140624999999998       1.1764127700381048   1.9207702975710379e-13       17.362508177965331       101324.99999999844       299.99999999999767
     0.039296875000000002       1.1764127700381042    2.962885861457613e-14       17.362508177965537        101324.9999999983       299.99999999999739
     0.039453124999999999       1.1764127700381033  -1.7572683042755489e-13       17.362508177965648       101324.99999999827       299.99999999999756
     0.039609375000000002       1.1764127700381035   -2.845612430052306e-13        17.36250817796568       101324.99999999824       299.99999999999739
     0.039765624999999999       1.1764127700381048  -2.6302732440731066e-13       17.362508177965953       101324.99999999834       299.99999999999739
     0.039921875000000002        1.176412770038106  -3.6733298220772245e-14       17.362508177965971        101324.9999999984       299.99999999999721
     0.040156249999999998       1.1764127700381048   1.5349804196231432e-13        17.36250817796579       101324.99999999841       299.99999999999756
     0.040468749999999998       1.1764127700381046   2.3123800785686412e-13       17.362508177965555        101324.9999999984       299.99999999999756
     0.040781249999999998       1.1764127700381062   2.7313121201180376e-13       17.362508177965633       101324.99999999852        299.9999999999975
     0.041093749999999998       1.1764127700381082   2.6051591931268734e-13       17.362508177965971       101324.99999999872       299.99999999999761
     0.041406249999999999       1.1764127700381093   1.3647610997738395e-13       17.362508177966298       101324.99999999881       299.99999999999756
     0.041718749999999999       1.1764127700381088   3.7000261091615173e-14       17.362508177966234       101324.99999999886        299.9999999999979
     0.042031249999999999       1.1764127700381088   8.0014492960837332e-14        17.36250817796623       101324.99999999895       299.99999999999818
     0.042343749999999999       1.1764127700381093   9.1957239247608764e-14       17.362508177966291       101324.99999999895       299.99999999999801
               0.04265625         1.17641277003811   4.9346706141137773e-14       17.362508177966241       101324.99999999886       299.99999999999761
               0.04296875       1.1764127700381088   2.0563925974947123e-13        17.36250817796622       101324.99999999888       299.99999999999795
               0.04328125       1.1764127700381088   2.0802233428856219e-13       17.362508177966205       101324.99999999894       299.99999999999812
     0.043593750000000001       1.1764127700381102   2.7976988143898983e-13       17.362508177966298       101324.99999999908       299.99999999999818
     0.043906250000000001       1.1764127700381102   2.6826978940972295e-13       17.362508177966369       101324.99999999919       299.99999999999852
     0.044218750000000001       1.1764127700381093   2.4285285690045916e-13       17.362508177966458       101324.99999999927       299.99999999999898
     0.044531250000000001       1.1764127700381088   2.3315982688059915e-13       17.362508177966479       101324.99999999927       299.99999999999909
     0.044843750000000002       1.1764127700381088   3.9453206063485339e-13       17.362508177966369        101324.9999999993        299.9999999999992
     0.045156250000000002       1.1764127700381093    7.152288739960135e-13        17.36250817796649       101324.99999999929       299.99999999999898
     0.045468750000000002       1.1764127700381093   9.4337034414931422e-13       17.362508177966799       101324.99999999923       299.99999999999881
     0.045781250000000002        1.176412770038108    9.453519839954338e-13       17.362508177966966       101324.99999999919       299.99999999999903
     0.046093750000000003       1.1764127700381048   6.8790121356423967e-13       17.362508177966955        101324.9999999991        299.9999999999996
     0.046406250000000003       1.1764127700381051   2.2354228008417251e-13       17.362508177967058       101324.99999999913       299.99999999999966
     0.046718750000000003       1.1764127700381075  -3.1332911656931516e-13       17.362508177967293       101324.99999999926       299.99999999999937
     0.047031250000000004       1.1764127700381097  -7.1358415727852452e-13       17.362508177967392       101324.99999999933       299.99999999999903
     0.047343750000000004       1.1764127700381102  -7.1468792478194387e-13       17.362508177967346       101324.99999999935       299.99999999999898
     0.047656250000000004       1.1764127700381102  -5.4212366625329852e-13       17.362508177967268       101324.99999999939       299.99999999999909
     0.047968750000000004       1.1764127700381102  -1.8588737514901179e-13       17.362508177967126       101324.99999999942        299.9999999999992
     0.048281249999999998       1.1764127700381113   1.2457567076918156e-13       17.362508177966841       101324.99999999939       299.99999999999881
     0.048593749999999998       1.1764127700381115   2.7173753600996454e-13       17.362508177966717       101324.99999999943       299.99999999999886
     0.048906249999999998       1.1764127700381115   6.2923352900238063e-15        17.36250817796677        101324.9999999994       299.99999999999881
     0.049218749999999999       1.1764127700381115  -1.5493807080981611e-13       17.362508177966991       101324.99999999939       299.99999999999875
     0.049531249999999999       1.1764127700381115  -2.1628792118936266e-13         17.3625081779673       101324.99999999937       299.99999999999869
     0.049843749999999999       1.1764127700381117  -5.6336008319741073e-14       17.362508177967261       101324.99999999939       299.99999999999869
     0.050312500000000003       1.1764127700381124     1.65474142381057e-13       17.362508177967214       101324.99999999945       299.99999999999869
     0.050937500000000004       1.1764127700381113   3.4485821473424794e-13       17.362508177967172       101324.99999999945       299.99999999999898
     0.051562500000000004       1.1764127700381106   4.0535211859460656e-13       17.362508177967172        101324.9999999994       299.99999999999903
     0.052187499999999998       1.1764127700381104   3.0243709671683605e-13       17.362508177967221       101324.99999999935       299.99999999999892
     0.052812499999999998       1.1764127700381111   6.9815976230516823e-14       17.362508177967296       101324.99999999935       299.99999999999869
     0.053437499999999999       1.1764127700381115  -1.2833315428479141e-14       17.362508177967364       101324.99999999939       299.99999999999875
     0.054062499999999999       1.1764127700381102    1.779900755320503e-13       17.362508177967364       101324.99999999936       299.99999999999903
                0.0546875       1.1764127700381106   3.9037748143496908e-13       17.362508177967527       101324.99999999945       299.99999999999915
     0.055312500000000001       1.1764127700381115   3.3432638843602326e-13       17.362508177967548       101324.99999999949       299.99999999999903
     0.055937500000000001       1.1764127700381115   2.3029399634997574e-13       17.362508177967626       101324.99999999956       299.99999999999926
     0.056562500000000002        1.176412770038112   1.0773833858573462e-13       17.362508177967655       101324.99999999956       299.99999999999915
     0.057187500000000002       1.1764127700381122   2.0900675532236718e-13       17.362508177967563       101324.99999999956       299.99999999999909
     0.057812500000000003       1.1764127700381124   2.0132924437276603e-13       17.362508177967577       101324.99999999956       299.99999999999903
     0.058437500000000003       1.1764127700381124   2.3930134028173289e-13       17.362508177967666       101324.99999999962       299.99999999999926
     0.059062500000000004        1.176412770038112   2.9682106824489956e-13       17.362508177967811       101324.99999999958        299.9999999999992
     0.059687500000000004       1.1764127700381128   4.3103913637368642e-13       17.362508177967971       101324.99999999961       299.99999999999903
     0.060312499999999998       1.1764127700381115   3.2370774656907227e-13       17.362508177967939       101324.99999999956       299.99999999999926
     0.060937499999999999        1.176412770038112   3.9452733019191554e-13        17.36250817796774       101324.99999999953       299.99999999999909
     0.061562499999999999       1.1764127700381117   6.9756336898008236e-13       17.362508177967676       101324.99999999956        299.9999999999992
                0.0621875       1.1764127700381115   8.8269899360964384e-13       17.362508177967793       101324.99999999956       299.99999999999926
     0.062812500000000007       1.1764127700381115   8.2708201516413428e-13       17.362508177967683       101324.99999999956       299.99999999999926
     0.063437500000000008       1.1764127700381115   7.1448744142492783e-13        17.36250817796763       101324.99999999962       299.99999999999943
     0.064062499999999994       1.1764127700381115    6.110271399052595e-13       17.362508177967875       101324.99999999962       299.99999999999943
     0.064687499999999995       1.1764127700381128   4.2364441107711825e-13       17.362508177967932       101324.99999999968       299.99999999999926
     0.065312499999999996        1.176412770038112   1.7053223978632467e-13       17.362508177967943       101324.99999999972       299.99999999999966
     0.065937499999999996       1.1764127700381126   1.8514911665735949e-13       17.362508177967896       101324.99999999969       299.99999999999937
     0.066562499999999997       1.1764127700381128   2.0829995888009119e-13       17.362508177967854       101324.99999999971       299.99999999999932
     0.067187499999999997       1.1764127700381126   2.6127962014990964e-13        17.36250817796795       101324.99999999962       299.99999999999915
     0.067812499999999998       1.1764127700381126     2.56897936331032e-13        17.36250817796785       101324.99999999959       299.99999999999903
     0.068437499999999998       1.1764127700381126   2.0782407809171845e-13       17.362508177967857       101324.99999999956       299.99999999999898
     0.069062499999999999       1.1764127700381133   2.3162374557740723e-13       17.362508177967818       101324.99999999961       299.99999999999892
     0.069687499999999999       1.1764127700381133   3.1597469627134546e-13        17.36250817796763       101324.99999999964       299.99999999999903
                0.0703125       1.1764127700381126   5.1041526402146793e-13       17.362508177967705       101324.99999999968       299.99999999999932
     0.070937500000000001        1.176412770038112   6.8700000918996156e-13       17.362508177967886       101324.99999999974       299.99999999999966
     0.071562500000000001       1.1764127700381124   6.2118164479107084e-13       17.362508177967911       101324.99999999968       299.99999999999943
     0.072187500000000002       1.1764127700381117   5.6614284327617624e-13       17.362508177968053       101324.99999999971       299.99999999999966
     0.072812500000000002       1.1764127700381115    4.920607552383098e-13       17.362508177968078       101324.99999999965       299.99999999999955
     0.073437500000000003       1.1764127700381115   4.7147273626583862e-13       17.362508177967953       101324.99999999965       299.99999999999955
     0.074062500000000003       1.1764127700381126   3.5635116559443244e-13        17.36250817796796       101324.99999999968       299.99999999999932
     0.074687500000000004       1.1764127700381128   5.3396296559817733e-15       17.362508177968007       101324.99999999964       299.99999999999915
     0.075312500000000004        1.176412770038112   7.5246863489534348e-14         17.3625081779679       101324.99999999962       299.99999999999932
     0.075937500000000005       1.1764127700381128   2.2580344217784152e-13       17.362508177967637       101324.99999999959       299.99999999999898
     0.076562500000000006       1.1764127700381126   5.3664044882602359e-13       17.362508177967666       101324.99999999959       299.99999999999903
     0.077187500000000006       1.1764127700381133   5.6845749516772865e-13       17.362508177967868       101324.99999999959       299.99999999999892
     0.077812500000000007       1.1764127700381128   4.0537793617067537e-13       17.362508177967953       101324.99999999956       299.99999999999892
     0.078437500000000007       1.1764127700381128   2.7506295350502752e-13       17.362508177967829       101324.99999999958       299.99999999999898
     0.079062500000000008       1.1764127700381128   1.7151183410918845e-13       17.362508177967825       101324.99999999962       299.99999999999909
     0.079687500000000008       1.1764127700381128   4.9027566144044548e-13       17.362508177967797       101324.99999999964       299.99999999999915
     0.080312499999999995       1.1764127700381128   6.8666017725196632e-13       17.362508177967886       101324.99999999967        299.9999999999992
     0.080937499999999996        1.176412770038112   6.4904710194334522e-13        17.36250817796785       101324.99999999968       299.99999999999949
     0.081562499999999996       1.1764127700381128   6.2920470394347681e-13       17.362508177967797       101324.99999999969       299.99999999999932
     0.082187499999999997       1.1764127700381128   4.7449617723759198e-13       17.362508177967886       101324.99999999971       299.99999999999932
     0.082812499999999997       1.1764127700381126   3.2632607488123727e-13       17.362508177967957       101324.99999999968       299.99999999999932
     0.083437499999999998       1.1764127700381128   1.7814104529227808e-13       17.362508177967886       101324.99999999961       299.99999999999903
     0.084062499999999998       1.1764127700381128   1.9611522636461544e-13        17.36250817796784       101324.99999999962       299.99999999999909
     0.084687499999999999       1.1764127700381128    3.735182472826141e-13       17.362508177967758       101324.99999999964       299.99999999999915
     0.085312499999999999        1.176412770038112    4.329754455266815e-13        17.36250817796774       101324.99999999968       299.99999999999949
                0.0859375       1.1764127700381108   4.8597467702836093e-13       17.362508177967875       101324.99999999964        299.9999999999996
     0.086562500000000001       1.1764127700381106   5.8822716837412688e-13       17.362508177967833       101324.99999999964       299.99999999999972
     0.087187500000000001       1.1764127700381113   6.2700733164343772e-13       17.362508177967879       101324.99999999968       299.99999999999966
     0.087812500000000002        1.176412770038112   6.0266992421878895e-13       17.362508177967925       101324.99999999971        299.9999999999996
     0.088437500000000002        1.176412770038112   4.7912149570975156e-13       17.362508177967978       101324.99999999969       299.99999999999955
     0.089062500000000003       1.1764127700381117   2.2998892684880748e-13       17.362508177968081       101324.99999999961       299.99999999999932
     0.089687500000000003       1.1764127700381122   1.2137521997009612e-13       17.362508177968042       101324.99999999956       299.99999999999909
     0.090312500000000004       1.1764127700381128   1.6001997525340759e-13       17.362508177967914       101324.99999999956       299.99999999999892
     0.090937500000000004       1.1764127700381126   3.6136953830754395e-13       17.362508177967833       101324.99999999962       299.99999999999915
     0.091562500000000005       1.1764127700381126   4.4542094705572152e-13        17.36250817796769       101324.99999999964       299.99999999999915
     0.092187500000000006       1.1764127700381122   5.1274039367537383e-13       17.362508177967712       101324.99999999961       299.99999999999926
     0.092812500000000006       1.1764127700381122   3.9842581312168147e-13       17.362508177967911       101324.99999999956       299.99999999999909
     0.093437500000000007       1.1764127700381115   2.9915383992174465e-13       17.362508177967921       101324.99999999956       299.99999999999926
     0.094062500000000007       1.1764127700381115   3.4574592929787571e-13       17.362508177967847       101324.99999999962       299.99999999999943
     0.094687500000000008       1.1764127700381126   3.5456595668540514e-13       17.362508177967726       101324.99999999961       299.99999999999909
     0.095312500000000008       1.1764127700381128   4.1307336063324334e-13       17.362508177967651       101324.99999999961       299.99999999999903
     0.095937500000000009       1.1764127700381128   4.0888594042563899e-13       17.362508177967694       101324.99999999961       299.99999999999903
     0.096562499999999996       1.1764127700381126    4.088422522824762e-13       17.362508177967921       101324.99999999961       299.99999999999909
     0.097187499999999996       1.1764127700381122    4.247314824450133e-13       17.362508177967896       101324.99999999953       299.99999999999903
     0.097812499999999997        1.176412770038112   4.1741457711146838e-13       17.362508177967904       101324.99999999953       299.99999999999909
     0.098437499999999997       1.1764127700381128   2.7394994328365126e-13       17.362508177967797       101324.99999999956       299.99999999999892
     0.099062499999999998       1.1764127700381128   1.8404027931368987e-13       17.362508177967921       101324.99999999968       299.99999999999926
     0.099687499999999998        1.176412770038112   1.4290951342317798e-13       17.362508177968049       101324.99999999968       299.99999999999949
                0.1003125       1.1764127700381115   2.5336570357828892e-13       17.362508177967943       101324.99999999968        299.9999999999996
                0.1009375       1.1764127700381126   3.5641088355689919e-13       17.362508177967989       101324.99999999967       299.99999999999926
                0.1015625        1.176412770038112   2.3028304503777506e-13       17.362508177967978       101324.99999999959       299.99999999999926
                0.1021875        1.176412770038112   2.9685579035163165e-13       17.362508177967928       101324.99999999964       299.99999999999937
                0.1028125       1.1764127700381126   3.2915801780701314e-13       17.362508177968021       101324.99999999968       299.99999999999932
                0.1034375       1.1764127700381128   2.0175680753476484e-13       17.362508177967975       101324.99999999968       299.99999999999926
                0.1040625       1.1764127700381128   1.2351546249604473e-13         17.3625081779679       101324.99999999971       299.99999999999932
                0.1046875        1.176412770038112   2.6814763736419454e-14        17.36250817796784       101324.99999999971        299.9999999999996
                0.1053125       1.1764127700381115  -8.8042222523511738e-14       17.362508177967751       101324.99999999968        299.9999999999996
                0.1059375        1.176412770038112   3.9240114912379872e-14       17.362508177967612       101324.99999999961       299.99999999999932
                0.1065625       1.1764127700381126   3.1523548573740746e-13       17.362508177967662       101324.99999999964       299.99999999999915
                0.1071875       1.1764127700381128   3.2209962498225227e-13       17.362508177967712       101324.99999999968       299.99999999999926
      0.10781250000000001        1.176412770038112   2.3766200452036944e-13       17.362508177967825       101324.99999999975       299.99999999999972
      0.10843750000000001       1.1764127700381126   1.3798540309150926e-13       17.362508177967882       101324.99999999974       299.99999999999949
      0.10906250000000001       1.1764127700381126   2.9774996062051771e-13       17.362508177967797       101324.99999999968       299.99999999999932
      0.10968750000000001       1.1764127700381128     4.46636734721924e-13       17.362508177967754       101324.99999999964       299.99999999999915
      0.11031250000000001       1.1764127700381128   5.2084124470279205e-13       17.362508177967797       101324.99999999967        299.9999999999992
      0.11093750000000001       1.1764127700381126   4.2855266325614067e-13       17.362508177967847       101324.99999999968       299.99999999999932
      0.11156250000000001       1.1764127700381126   4.9189200347659668e-13       17.362508177967822       101324.99999999967       299.99999999999926
                0.1121875       1.1764127700381133   4.1086764976045452e-13       17.362508177967815       101324.99999999964       299.99999999999903
                0.1128125       1.1764127700381133   3.3913753336511794e-13       17.362508177967879       101324.99999999968       299.99999999999915
                0.1134375       1.1764127700381126   4.0177502632376468e-13         17.3625081779679       101324.99999999971       299.99999999999937
                0.1140625       1.1764127700381131   3.8214234370917408e-13       17.362508177967996       101324.99999999968        299.9999999999992
                0.1146875       1.1764127700381133   4.6084027712483236e-13       17.362508177967889       101324.99999999964       299.99999999999903
                0.1153125       1.1764127700381128   5.2050029548247287e-13       17.362508177967932       101324.99999999961       299.99999999999903
                0.1159375       1.1764127700381124   3.6865223675647967e-13       17.362508177967982       101324.99999999959       299.99999999999915
                0.1165625        1.176412770038112    2.756039430826567e-13       17.362508177968149       101324.99999999964       299.99999999999937
                0.1171875       1.1764127700381115   1.7444288353346804e-13       17.362508177968071       101324.99999999964       299.99999999999949
                0.1178125       1.1764127700381126   2.5344911454578778e-13       17.362508177967843       101324.99999999964       299.99999999999915
                0.1184375       1.1764127700381126   3.0892740205856617e-13       17.362508177967872       101324.99999999961       299.99999999999909
                0.1190625       1.1764127700381126   2.0661369948898386e-13       17.362508177967836       101324.99999999962       299.99999999999915
                0.1196875       1.1764127700381128   3.0247948494614094e-13       17.362508177967765       101324.99999999968       299.99999999999926
                0.1203125       1.1764127700381131   3.8108559534474063e-13       17.362508177967822       101324.99999999967       299.99999999999915
                0.1209375       1.1764127700381133   3.8697734607978627e-13       17.362508177967847       101324.99999999962       299.99999999999898
                0.1215625       1.1764127700381128   4.9117719188911426e-13       17.362508177968007       101324.99999999959       299.99999999999898
                0.1221875       1.1764127700381124   3.4148569009832403e-13       17.362508177968092       101324.99999999956       299.99999999999903
                0.1228125       1.1764127700381128   1.8350853274374544e-13       17.362508177967872       101324.99999999959       299.99999999999898
      0.12343750000000001       1.1764127700381126   1.2098072286864697e-13       17.362508177967744       101324.99999999962       299.99999999999915
      0.12406250000000001        1.176412770038112   3.1812203426860538e-13       17.362508177967779       101324.99999999964       299.99999999999937
      0.12468750000000001       1.1764127700381126   3.7010588234225501e-13       17.362508177967811       101324.99999999968       299.99999999999932
      0.12531249999999999       1.1764127700381128   2.4512697709525198e-13        17.36250817796785       101324.99999999968       299.99999999999926
      0.12593750000000001       1.1764127700381128   1.3214333061478765e-13       17.362508177967893       101324.99999999969       299.99999999999932
      0.12656249999999999       1.1764127700381128   2.0796027580315235e-13        17.36250817796784       101324.99999999968       299.99999999999926
      0.12718750000000001       1.1764127700381128    4.280749388385167e-13       17.362508177967847       101324.99999999964       299.99999999999915
                0.1278125       1.1764127700381126   4.3376087440747636e-13       17.362508177968007       101324.99999999958       299.99999999999898
      0.12843750000000001       1.1764127700381117   3.5405340864434243e-13       17.362508177968035       101324.99999999956        299.9999999999992
                0.1290625       1.1764127700381124   2.7873365629713436e-13          17.362508177968       101324.99999999961        299.9999999999992
      0.12968750000000001       1.1764127700381122   2.9736048412954767e-13       17.362508177968053       101324.99999999956       299.99999999999909
                0.1303125        1.176412770038112   2.5376499884500008e-13       17.362508177968003       101324.99999999958        299.9999999999992
      0.13093750000000001        1.176412770038112   8.5649011302182044e-14       17.362508177967982       101324.99999999956       299.99999999999915
                0.1315625       1.1764127700381124   4.7422701857710547e-14       17.362508177967946       101324.99999999953       299.99999999999898
      0.13218750000000001       1.1764127700381131   6.0315913121179927e-14       17.362508177967932       101324.99999999953       299.99999999999875
                0.1328125       1.1764127700381128    1.121242103049883e-13       17.362508177967907       101324.99999999952       299.99999999999881
      0.13343750000000001       1.1764127700381115   1.8894232769934561e-13       17.362508177967893       101324.99999999952       299.99999999999915
                0.1340625        1.176412770038112   8.8072557076695592e-14       17.362508177967783       101324.99999999951       299.99999999999898
      0.13468750000000002       1.1764127700381126    5.129740025165094e-14       17.362508177967726       101324.99999999953       299.99999999999886
                0.1353125       1.1764127700381122  -3.0058081195437915e-14        17.36250817796774       101324.99999999953       299.99999999999903
      0.13593750000000002       1.1764127700381126   1.0021306589482369e-13       17.362508177967747       101324.99999999956       299.99999999999898
                0.1365625       1.1764127700381128   2.1036133274562412e-13       17.362508177967889       101324.99999999959       299.99999999999898
      0.13718749999999999       1.1764127700381128   2.4187233151530161e-13        17.36250817796796       101324.99999999964       299.99999999999915
                0.1378125       1.1764127700381115   1.7542416163835854e-13       17.362508177968014       101324.99999999965       299.99999999999955
      0.13843749999999999        1.176412770038112   1.2920138398151261e-13       17.362508177967953       101324.99999999961       299.99999999999932
      0.13906250000000001       1.1764127700381128   1.8985564445049386e-13       17.362508177967786       101324.99999999959       299.99999999999898
      0.13968749999999999       1.1764127700381126   3.9331590094873177e-13       17.362508177967698       101324.99999999962       299.99999999999915
      0.14031250000000001       1.1764127700381128   3.7486052492125768e-13       17.362508177967751       101324.99999999961       299.99999999999903
      0.14093749999999999       1.1764127700381133   3.2518428862208119e-13       17.362508177967769       101324.99999999962       299.99999999999898
      0.14156250000000001       1.1764127700381128   3.7716483842468821e-13       17.362508177967875       101324.99999999964       299.99999999999915
      0.14218749999999999       1.1764127700381124   4.8666344577614845e-13       17.362508177967861       101324.99999999962       299.99999999999926
      0.14281250000000001        1.176412770038112   5.1282576421062912e-13       17.362508177967911       101324.99999999961       299.99999999999932
                0.1434375       1.1764127700381115   4.6362608105436772e-13       17.362508177967932       101324.99999999961       299.99999999999937
      0.14406250000000001       1.1764127700381124   2.3708160873360722e-13       17.362508177967793       101324.99999999956       299.99999999999903
                0.1446875       1.1764127700381131   3.7951696010270376e-13       17.362508177967705       101324.99999999956       299.99999999999886
      0.14531250000000001       1.1764127700381128   4.8940183399834157e-13       17.362508177967953       101324.99999999958       299.99999999999898
                0.1459375       1.1764127700381126   2.9069937336147562e-13       17.362508177968092       101324.99999999961       299.99999999999909
      0.14656250000000001       1.1764127700381124   1.3165786593067464e-13       17.362508177967978       101324.99999999958       299.99999999999909
                0.1471875       1.1764127700381128   -1.143203944891832e-13       17.362508177967932       101324.99999999956       299.99999999999892
      0.14781250000000001       1.1764127700381128  -1.3478084968538245e-13       17.362508177967818       101324.99999999956       299.99999999999892
                0.1484375       1.1764127700381128  -1.0188238964316468e-13       17.362508177967708       101324.99999999959       299.99999999999898
      0.14906250000000001       1.1764127700381126  -1.2648828520353093e-15       17.362508177967687       101324.99999999962       299.99999999999915
                0.1496875        1.176412770038112    2.708261694681316e-14       17.362508177967801       101324.99999999956       299.99999999999915
      0.15031250000000002       1.1764127700381122   1.3122475447546862e-13        17.36250817796784       101324.99999999956       299.99999999999909
                0.1509375       1.1764127700381124   2.1675918529051717e-13        17.36250817796795       101324.99999999951       299.99999999999886
      0.15156250000000002        1.176412770038112   2.8469564420888233e-13       17.362508177968181       101324.99999999946       299.99999999999886
                0.1521875       1.1764127700381106   2.4359044105721629e-13       17.362508177968156       101324.99999999951       299.99999999999932
      0.15281249999999999       1.1764127700381106   1.1730985957830493e-13       17.362508177967918       101324.99999999956       299.99999999999949
                0.1534375       1.1764127700381115   1.4931082146359661e-13       17.362508177967776       101324.99999999955        299.9999999999992
      0.15406249999999999       1.1764127700381124   3.1883361348947006e-13       17.362508177967879       101324.99999999956       299.99999999999903
      0.15468750000000001       1.1764127700381128   1.6160142254625361e-13       17.362508177967918       101324.99999999951       299.99999999999875
      0.15531249999999999       1.1764127700381124  -5.3677708866764271e-15       17.362508177967879       101324.99999999946       299.99999999999875
      0.15593750000000001        1.176412770038112    6.041475245287464e-14       17.362508177967896       101324.99999999951       299.99999999999898
      0.15656249999999999        1.176412770038112   2.0530265895718371e-13       17.362508177967822       101324.99999999951       299.99999999999898
      0.15718750000000001       1.1764127700381126   3.0249966808069899e-13        17.36250817796768       101324.99999999953       299.99999999999886
      0.15781249999999999       1.1764127700381126   3.5561299041075603e-13       17.362508177967644       101324.99999999956       299.99999999999898
      0.15843750000000001       1.1764127700381131   1.9456650166943367e-13       17.362508177967733       101324.99999999956       299.99999999999886
                0.1590625       1.1764127700381126   3.8787856012631518e-14       17.362508177967708       101324.99999999959       299.99999999999903
      0.15968750000000001       1.1764127700381122   1.4909938066486019e-14       17.362508177967754       101324.99999999956       299.99999999999909
                0.1603125       1.1764127700381124  -1.8949891112742759e-14       17.362508177967825       101324.99999999953       299.99999999999898
      0.16093750000000001       1.1764127700381124  -3.9080202622562581e-14       17.362508177967761       101324.99999999951       299.99999999999886
                0.1615625       1.1764127700381133   8.6325248288870508e-14        17.36250817796774       101324.99999999959       299.99999999999892
      0.16218750000000001       1.1764127700381128   1.6425102205340294e-13       17.362508177967733       101324.99999999964       299.99999999999915
                0.1628125       1.1764127700381126   2.3936973880952386e-13       17.362508177967857       101324.99999999967       299.99999999999926
      0.16343750000000001       1.1764127700381124   2.4825494678005129e-13       17.362508177968067       101324.99999999964       299.99999999999926
                0.1640625       1.1764127700381126   9.4525655462705678e-14       17.362508177968156       101324.99999999961       299.99999999999909
      0.16468750000000001       1.1764127700381133  -5.0911739571048341e-14       17.362508177967992       101324.99999999956       299.99999999999881
                0.1653125       1.1764127700381126  -8.4264285637566071e-14       17.362508177967687       101324.99999999956       299.99999999999898
      0.16593750000000002       1.1764127700381128   2.0084532517862689e-13       17.362508177967616       101324.99999999969       299.99999999999932
                0.1665625       1.1764127700381126   3.3234397500184116e-13       17.362508177967847       101324.99999999965        299.9999999999992
      0.16718750000000002       1.1764127700381128    3.492815855492874e-13       17.362508177968014       101324.99999999962       299.99999999999909
                0.1678125       1.1764127700381128   1.3979822981300798e-13        17.36250817796812       101324.99999999958       299.99999999999898
      0.16843749999999999       1.1764127700381124  -5.2138004248341622e-14       17.362508177968113       101324.99999999956       299.99999999999903
                0.1690625        1.176412770038112    4.785463792762709e-14       17.362508177967985       101324.99999999953       299.99999999999909
      0.16968749999999999       1.1764127700381124   2.0170862684932232e-13       17.362508177967836       101324.99999999956       299.99999999999903
      0.17031250000000001       1.1764127700381126   1.6862312693058871e-13       17.362508177967889       101324.99999999961       299.99999999999909
      0.17093749999999999       1.1764127700381128   1.2592120141739263e-13       17.362508177968067       101324.99999999962       299.99999999999909
      0.17156250000000001       1.1764127700381128   1.5279002176999399e-13       17.362508177968071       101324.99999999961       299.99999999999903
      0.17218749999999999       1.1764127700381128   1.0855161746346311e-13       17.362508177967939       101324.99999999962       299.99999999999909
      0.17281250000000001       1.1764127700381126   1.6979161315523013e-14       17.362508177967829       101324.99999999961       299.99999999999909
      0.17343749999999999       1.1764127700381124   6.6226831725517276e-14       17.362508177967815       101324.99999999956       299.99999999999903
      0.17406250000000001       1.1764127700381124  -2.4216867903861804e-14       17.362508177967896       101324.99999999956       299.99999999999903
                0.1746875       1.1764127700381122  -1.1148122250674191e-13       17.362508177967857       101324.99999999959        299.9999999999992
      0.17531250000000001       1.1764127700381128  -3.8235252243321716e-14       17.362508177967772       101324.99999999959       299.99999999999898
                0.1759375       1.1764127700381128  -5.9187198697264523e-15        17.36250817796774       101324.99999999961       299.99999999999903
      0.17656250000000001       1.1764127700381126   6.3704741961246003e-14       17.362508177967722       101324.99999999956       299.99999999999898
                0.1771875       1.1764127700381124    1.927979431888331e-13        17.36250817796784       101324.99999999958       299.99999999999909
      0.17781250000000001       1.1764127700381124   3.4567403736891266e-13       17.362508177968014       101324.99999999958       299.99999999999909
                0.1784375       1.1764127700381122   3.3264337554525174e-13       17.362508177968056       101324.99999999959        299.9999999999992
      0.17906250000000001        1.176412770038112   2.4422942475444285e-13       17.362508177967921       101324.99999999956       299.99999999999915
                0.1796875       1.1764127700381115   2.7651649719487183e-13       17.362508177967875       101324.99999999956       299.99999999999926
      0.18031250000000001       1.1764127700381117   2.4516864576024551e-13       17.362508177967836       101324.99999999956        299.9999999999992
                0.1809375       1.1764127700381115   8.3589024928429811e-14       17.362508177967822       101324.99999999958       299.99999999999932
      0.18156250000000002       1.1764127700381115    7.844095945981006e-14       17.362508177967911       101324.99999999962       299.99999999999943
                0.1821875       1.1764127700381122   9.8321326500733982e-16       17.362508177967925       101324.99999999959        299.9999999999992
      0.18281250000000002       1.1764127700381126   3.8706907380141413e-14       17.362508177967896       101324.99999999961       299.99999999999909
                0.1834375       1.1764127700381122   2.6625081242857233e-13       17.362508177967872       101324.99999999961       299.99999999999926
      0.18406249999999999       1.1764127700381124   4.2038494026081429e-13       17.362508177967864       101324.99999999959       299.99999999999915
                0.1846875       1.1764127700381126   3.8940153374010466e-13        17.36250817796796       101324.99999999962       299.99999999999915
      0.18531249999999999        1.176412770038112   2.7802332737048846e-13       17.362508177967943       101324.99999999962       299.99999999999932
      0.18593750000000001        1.176412770038112   1.9849980432789633e-13       17.362508177967946       101324.99999999964       299.99999999999937
      0.18656249999999999        1.176412770038112   2.0164864689554439e-13       17.362508177967893       101324.99999999968       299.99999999999949
      0.18718750000000001       1.1764127700381128   2.2577596831079776e-13       17.362508177967872       101324.99999999968       299.99999999999926
      0.18781249999999999       1.1764127700381126   2.1115059455469068e-13       17.362508177967989       101324.99999999964       299.99999999999915
      0.18843750000000001       1.1764127700381126   2.7962768971244063e-13       17.362508177967985       101324.99999999961       299.99999999999909
      0.18906249999999999       1.1764127700381126   2.6274938163808903e-13       17.362508177967868       101324.99999999961       299.99999999999909
      0.18968750000000001       1.1764127700381126   1.3947826261822549e-13         17.3625081779679       101324.99999999961       299.99999999999909
                0.1903125       1.1764127700381122  -8.5504099735908777e-14       17.362508177967875       101324.99999999955       299.99999999999909
      0.19093750000000001       1.1764127700381122  -1.6831577219319808e-13       17.362508177967818       101324.99999999956       299.99999999999909
                0.1915625       1.1764127700381128   6.7444898190576434e-15       17.362508177967864       101324.99999999964       299.99999999999915
      0.19218750000000001       1.1764127700381128   2.1388057241664623e-13       17.362508177967864       101324.99999999964       299.99999999999915
                0.1928125        1.176412770038112   2.7944892684016886e-13       17.362508177967896       101324.99999999964       299.99999999999937
      0.19343750000000001       1.1764127700381124   3.2172103148358265e-13       17.362508177967864       101324.99999999962       299.99999999999926
                0.1940625       1.1764127700381124   4.3736116046060673e-13       17.362508177967928       101324.99999999964       299.99999999999926
      0.19468750000000001       1.1764127700381126   3.7638113736564667e-13        17.36250817796795       101324.99999999964       299.99999999999915
                0.1953125       1.1764127700381131   3.1028756664812007e-13       17.362508177967825       101324.99999999961       299.99999999999898
      0.19593750000000001       1.1764127700381124   2.8221211992956816e-13       17.362508177967875       101324.99999999955       299.99999999999903
                0.1965625       1.1764127700381124   1.7719464512852219e-13       17.362508177967964       101324.99999999956       299.99999999999903
      0.19718750000000002       1.1764127700381126   2.6222325949766237e-13       17.362508177967968       101324.99999999962       299.99999999999915
                0.1978125       1.1764127700381126   2.6727302787507999e-13       17.362508177967907       101324.99999999961       299.99999999999909
      0.19843750000000002       1.1764127700381117   3.0594636483546645e-13       17.362508177967896       101324.99999999956        299.9999999999992
                0.1990625        1.176412770038112   2.2842923987466937e-13        17.36250817796785       101324.99999999956       299.99999999999915
      0.19968750000000002       1.1764127700381115   3.6801750970969317e-13       17.362508177967818       101324.99999999961       299.99999999999937
                0.2003125        1.176412770038112   4.1046952676397876e-13       17.362508177967808       101324.99999999956       299.99999999999915
      0.20093749999999999        1.176412770038112   4.6139745540630605e-13       17.362508177967754       101324.99999999956       299.99999999999915
      0.20156250000000001       1.1764127700381108   3.9724153092615552e-13       17.362508177967833       101324.99999999958       299.99999999999943
      0.20218749999999999       1.1764127700381111   2.3938198212078402e-13       17.362508177967925       101324.99999999962       299.99999999999955
      0.20281250000000001       1.1764127700381128   1.8963344882214072e-13        17.36250817796796       101324.99999999965       299.99999999999915
      0.20343749999999999       1.1764127700381126   2.1810149929382864e-13       17.362508177968159       101324.99999999961       299.99999999999909
      0.20406250000000001        1.176412770038112   7.0746941188645436e-14       17.362508177968095       101324.99999999953       299.99999999999909
      0.20468749999999999        1.176412770038112   2.1238327363078379e-13        17.36250817796801       101324.99999999956       299.99999999999915
      0.20531250000000001       1.1764127700381115   3.5543833678682395e-13        17.36250817796795       101324.99999999956       299.99999999999926
                0.2059375        1.176412770038112    4.184698594123651e-13       17.362508177967978       101324.99999999956       299.99999999999915
      0.20656250000000001       1.1764127700381122   3.7660182416994745e-13       17.362508177967992       101324.99999999956       299.99999999999909
                0.2071875        1.176412770038112   3.0801214670452324e-13       17.362508177968106       101324.99999999956       299.99999999999915
      0.20781250000000001       1.1764127700381115   1.9487538040239789e-13       17.362508177968031       101324.99999999956       299.99999999999926
                0.2084375        1.176412770038112   1.7243696861451506e-13       17.362508177967861       101324.99999999956       299.99999999999915
      0.20906250000000001       1.1764127700381124   3.2437535298822956e-13       17.362508177967857       101324.99999999956       299.99999999999903
                0.2096875       1.1764127700381126   8.4178400518221647e-14       17.362508177967968       101324.99999999955       299.99999999999892
      0.21031250000000001       1.1764127700381115   3.5176851037438329e-14        17.36250817796795       101324.99999999953        299.9999999999992
                0.2109375        1.176412770038112    1.024601112098801e-13       17.362508177967815       101324.99999999956       299.99999999999915
      0.21156250000000001       1.1764127700381128   1.0015018043853329e-13       17.362508177967744       101324.99999999956       299.99999999999892
                0.2121875       1.1764127700381126   5.8826531578347693e-14       17.362508177967818       101324.99999999956       299.99999999999898
      0.21281250000000002       1.1764127700381128    1.710508039055588e-13       17.362508177967978       101324.99999999951       299.99999999999875
                0.2134375       1.1764127700381126   3.1105780773775338e-13        17.36250817796784       101324.99999999946       299.99999999999864
      0.21406250000000002       1.1764127700381124   4.2782727090325296e-13       17.362508177967836       101324.99999999951       299.99999999999886
                0.2146875        1.176412770038112   3.7207479054849083e-13       17.362508177967843       101324.99999999946       299.99999999999886
      0.21531250000000002       1.1764127700381115   3.5737970610469139e-13       17.362508177967783       101324.99999999951       299.99999999999909
                0.2159375        1.176412770038112    2.803723584406687e-13       17.362508177967619       101324.99999999955       299.99999999999909
      0.21656249999999999       1.1764127700381126   3.5806073962738415e-13       17.362508177967545       101324.99999999956       299.99999999999898
      0.21718750000000001       1.1764127700381128   5.6640675065173335e-13       17.362508177967609       101324.99999999961       299.99999999999903
      0.21781249999999999       1.1764127700381128    5.364704709054272e-13       17.362508177967921       101324.99999999965       299.99999999999915
      0.21843750000000001       1.1764127700381126   3.1108924371049496e-13       17.362508177967996       101324.99999999962       299.99999999999915
      0.21906249999999999       1.1764127700381126    2.645763523565544e-13       17.362508177967833       101324.99999999962       299.99999999999915
      0.21968750000000001       1.1764127700381128   3.3806181853527753e-13       17.362508177967847       101324.99999999964       299.99999999999915
      0.22031249999999999       1.1764127700381128   3.2075328656246757e-13       17.362508177967872       101324.99999999968       299.99999999999926
      0.22093750000000001       1.1764127700381128   3.2168527771753097e-13       17.362508177967825       101324.99999999971       299.99999999999932
                0.2215625       1.1764127700381126   3.7697288128451273e-13       17.362508177967921       101324.99999999968       299.99999999999932
      0.22218750000000001       1.1764127700381128   4.7897078659953704e-13       17.362508177967932       101324.99999999961       299.99999999999903
                0.2228125       1.1764127700381133   5.3052192776094718e-13       17.362508177967882       101324.99999999969        299.9999999999992
      0.22343750000000001       1.1764127700381126   2.8684265167560295e-13       17.362508177968014       101324.99999999967       299.99999999999926
                0.2240625       1.1764127700381128   1.6336359660618052e-13       17.362508177968031       101324.99999999964       299.99999999999915
      0.22468750000000001       1.1764127700381128   2.0673466206551799e-13        17.36250817796784       101324.99999999961       299.99999999999903
                0.2253125       1.1764127700381128   2.9401699922607937e-13       17.362508177967833       101324.99999999967        299.9999999999992
      0.22593750000000001       1.1764127700381128   4.3390687249605045e-13       17.362508177967857       101324.99999999968       299.99999999999926
                0.2265625       1.1764127700381128   4.4066201487405073e-13       17.362508177967914       101324.99999999964       299.99999999999915
      0.22718750000000001       1.1764127700381128   3.5701483762669821e-13       17.362508177967992       101324.99999999959       299.99999999999898
                0.2278125       1.1764127700381126    3.328830077428577e-13       17.362508177968007       101324.99999999964       299.99999999999915
      0.22843750000000002       1.1764127700381126   2.7888660331426648e-13       17.362508177967904       101324.99999999964       299.99999999999915
                0.2290625       1.1764127700381128   3.2622885613425395e-13       17.362508177967793       101324.99999999964       299.99999999999915
      0.22968750000000002       1.1764127700381124   2.9821439365952345e-13       17.362508177967776       101324.99999999965       299.99999999999932
                0.2303125       1.1764127700381128    9.076555745171661e-14       17.362508177967833       101324.99999999968       299.99999999999926
      0.23093750000000002       1.1764127700381126   1.1139166246405817e-13       17.362508177967946       101324.99999999965        299.9999999999992
                0.2315625       1.1764127700381131   1.3890475281884612e-13       17.362508177967946       101324.99999999962       299.99999999999903
      0.23218749999999999       1.1764127700381126   1.7189454889507576e-13       17.362508177967825       101324.99999999956       299.99999999999898
      0.23281250000000001       1.1764127700381124    3.262439712343153e-13       17.362508177967712       101324.99999999952       299.99999999999892
      0.23343749999999999        1.176412770038112   4.7636243189781388e-13       17.362508177967712       101324.99999999953       299.99999999999909
      0.23406250000000001        1.176412770038112   5.6029266597806653e-13       17.362508177967864       101324.99999999958        299.9999999999992
      0.23468749999999999       1.1764127700381113   4.7919733045473692e-13       17.362508177968035       101324.99999999958       299.99999999999937
      0.23531250000000001       1.1764127700381122   3.0593199547958895e-13       17.362508177968092       101324.99999999956       299.99999999999909
      0.23593749999999999       1.1764127700381128   2.1168751015350659e-13       17.362508177968053       101324.99999999962       299.99999999999909
      0.23656250000000001       1.1764127700381128   2.2259865221785884e-13       17.362508177967918       101324.99999999965       299.99999999999915
                0.2371875       1.1764127700381128   6.1245486411457652e-14        17.36250817796784       101324.99999999962       299.99999999999909
      0.23781250000000001       1.1764127700381126    8.535241248194988e-14       17.362508177967847       101324.99999999961       299.99999999999909
                0.2384375       1.1764127700381126   9.0254478859939351e-14       17.362508177967868       101324.99999999961       299.99999999999909
      0.23906250000000001       1.1764127700381126   9.4646597489430112e-14       17.362508177967836       101324.99999999959       299.99999999999903
                0.2396875       1.1764127700381126   2.2344263085967391e-13       17.362508177967854       101324.99999999962       299.99999999999915
