# 1-d slice in y-direction, file: /shared/solver_ab/run_old/plot/plt00400
# time = 9.0766057963441506e-05
#                       y                  Density               x_velocity               y_velocity                 pressure              temperature
   3.9062500000000001e-05       2.0366874219601305   0.00013006107027036025       346.86043176368241       175499.66098764524        300.1347441226838
             0.0001171875       2.0439849838033339   0.00087711689375542757       345.61642010093573       176380.70525798787       300.56454294659864
   0.00019531250000000001       2.0514361312198801    0.0027055750010315143       344.34805234224342       177281.65285084248       301.00254268698126
   0.00027343750000000003       2.0533727529209544    0.0052432904248926335       344.01261756004885       177515.83718984234       301.11589593195231
   0.00035156249999999999       2.0479614959744943     0.007909916550628858       344.91784517076451       176861.04202851027       300.79787564930558
             0.0004296875       2.0372528467510493     0.010394087158609884       346.72173470244365       175567.74186945788       300.16784165248998
   0.00050781250000000002       2.0244489948971176     0.012697441844580519       348.88730775838866       174024.97751104159       299.41194287255712
   0.00058593749999999998       2.0118902861235588     0.014985496235340113       351.01737700044475       172515.45770535839       298.66758716152844
   0.00066406250000000005       2.0005541611344175     0.017451611840094708       352.94210708863523       171156.10654965049       297.99327110784174
   0.00074218750000000001       1.9904062023178406     0.020285966760403222       354.66414520902595       169941.84846005004       297.38769441174509
   0.00082031249999999997       1.9809590145693652     0.023729533595161438       356.26508417310623       168813.66712195033       296.82227290907048
   0.00089843750000000004       1.9716630795011254     0.028130854699565333       357.83827301913573       167705.64900838441       296.26432598179986
             0.0009765625       1.9620756018626164     0.033937985499978188       359.45904669716583       166565.06486692626       295.68721944596444
    0.0010546875000000001       1.9518906890178902     0.041614315859326165       361.17896111203277       165355.84326016877       295.07228952587974
    0.0011328124999999999       1.9409171835856578     0.051516860494475229       363.02945069922276       164055.81387796238       294.40758388962769
             0.0012109375       1.9290510510932182     0.063792223449927785       365.02673652883806       162653.33847134819       293.68626289480835
    0.0012890625000000001        1.916256887216149     0.078329293935306882       367.17532177077788       161145.03942668682       292.90553916458958
    0.0013671875000000001       1.9025564402042159     0.094778654831341083       369.47027860006284       159534.36130522861       292.06603931007248
             0.0014453125       1.8880182981532059      0.11262568347383861         371.899227316995       157830.26996064666       291.17123785178092
    0.0015234375000000001       1.8727452210301347      0.13129427647543604       374.44457267192655       156045.68147911076       290.22674371223354
    0.0016015625000000001       1.8568588595248645      0.15025828888418064       377.08605216788163       154195.60408666095       289.23941272586279
             0.0016796875        1.840483559746324      0.16914202369473602       379.80334170479182       152295.20483825394       288.21638017561696
             0.0017578125       1.8237314578365571      0.18779416449583422       382.57838563920001       150358.06511978962       287.16414369180939
    0.0018359375000000001       1.8066907788759217      0.20632110065906278       385.39716797719785       148394.84612003941       286.08781596237787
             0.0019140625       1.7894187329807008       0.2250689304358936       388.25072847356012       146412.51646575826         284.990640928966
             0.0019921875       1.7719398165642528      0.24455176042625862       391.13532223653988       144414.22051754451       283.87383558828833
    0.0020703125000000001       1.7542496009455728      0.26533738367770443       394.05173487872963        142399.7793164874       282.73677652416586
    0.0021484375000000002       1.7363231669508454      0.28791615669688131       397.00390392509422       140366.71079408898       281.57749164338122
    0.0022265625000000002       1.7181263903049564      0.31258709361024456       399.99713664492748       138311.55093391889       280.39335367444761
    0.0023046874999999999       1.6996276241506389      0.33939257993300331       403.03630521867581       136231.18966522676       279.18182415082703
    0.0023828124999999999       1.6808072889959775      0.36811840783399485       406.12439488978953       134123.93987100091        277.9410871994474
             0.0024609375       1.6616635592669602      0.39835491057122835        409.2616688330985       131990.14288415393        276.6704495076707
    0.0025390625000000001        1.642213501625964      0.42959665390913498       412.44553250522671       129832.25081433851       275.37045380630047
    0.0026171875000000002       1.6224902387498006      0.46134952147822211        415.6709967295439       127654.46435916037       274.04273135462739
    0.0026953125000000002       1.6025375724400379      0.49321679549357095       418.93151353699824       125462.09825667173       272.68967753786382
    0.0027734374999999999       1.5824037930790247      0.52494698948680085       422.21992062342446       123260.87352253323       271.31405878083211
    0.0028515624999999999       1.5621361695873259      0.55643996629809034       425.52927048889649       121056.30322212327       269.91864915436855
             0.0029296875       1.5417770630872976      0.58771928822170838       428.85340636951531       118853.27213714377       268.50596288080976
    0.0030078125000000001       1.5213619813092869      0.61888511984143357       432.18724203132285        116655.8387208013       267.07810975586597
    0.0030859375000000001       1.5009193771204701      0.65006305028067368       435.52677899956331       114467.23087449066       265.63676629316882
    0.0031640625000000002        1.480471684148263      0.68136119812068108        438.8689399390978        112289.9746273081       264.18323307850682
    0.0032421875000000003       1.4600369828258188      0.71284280734139238        442.2113103079846       110126.08642235473       262.71853984889123
    0.0033203124999999999       1.4396307551717253      0.74451608082486354       445.55186946658796       107977.26930497601       261.24356198384612
             0.0033984375       1.4192673475758872      0.77633862342191184       448.88876761964167       105845.07267862672       259.75912138353459
    0.0034765625000000001       1.3989609504112648      0.80823133014060189       452.22017637734342        103730.9968313748       258.26605678873432
    0.0035546875000000001       1.3787260698634072      0.84009595704869211       455.54421591440223       101636.54161151014       256.76525991038073
    0.0036328125000000002       1.3585775817333727      0.87183153763862709       458.85894486731462        99563.21054792506       255.25768202608856
    0.0037109375000000003       1.3385305116330397      0.90334657209147651       462.16239119151413       97512.486902269899       253.74432014721387
    0.0037890624999999999       1.3185996899024441      0.93456583000202165       465.45260178128888       95485.797864197739       252.22619280221264
             0.0038671875       1.2987994003531533      0.96543215867242194       468.72769310501815       93484.479443070581       250.70431395767613
             0.0039453125       1.2791430984444272      0.99590462799175572       471.98589163784794       91509.749668031916        249.1796708436533
    0.0040234375000000001       1.2596432317353927       1.0259546563178665       475.22555926124517       89562.693072825015       247.65320852374902
    0.0041015625000000002        1.240311162421442       1.0555615989043703       478.44520369785266        87644.25600410279       246.12582164692211
    0.0041796875000000002        1.221157171711857       1.0847088547266117       481.64347698785178       85755.250316013073       244.59835224612971
    0.0042578125000000003        1.202190517856242       1.1133810557872827       484.81916615969152       83896.362334401914       243.07159171809349
    0.0043359375000000004       1.1834195206235008        1.141562479188688       487.97118010655703       82068.164209514565       241.54628505357775
    0.0044140625000000005       1.1648516511232654       1.1692365292355102       491.09853581497248       80271.125498427005       240.02313573691569
    0.0044921875000000005       1.1464936136082531       1.1963859830666008       494.20034596831232       78505.623666754516       238.50281025306288
    0.0045703124999999997       1.1283514129532317       1.2229936568586803       497.27580888292471       76771.952938480637       236.98594164911049
    0.0046484374999999998       1.1104304067400101       1.2490431955386281       500.32420091197673       75070.331449968216       235.47313199734171
    0.0047265624999999999       1.0927353441057304       1.2745197784842957       503.34487094660125       73400.906973501362       233.96495387155755
    0.0048046874999999999       1.0752703950417721       1.2994106308723246       506.33723643683533       71763.761608348534       232.46195109011603
             0.0048828125       1.0580391740917916       1.3237053090319273       509.30078035962777       70158.915843748269       230.96463902267323
    0.0049609375000000001       1.0410447617959362       1.3473957776268524       512.23504866808969       68586.332323735667       229.47350472868308
    0.0050390625000000001       1.0242897261630999       1.3704763201476298       515.13964788217709       67045.919530192492       227.98900712242246
    0.0051171875000000002       1.0077761453212732       1.3929433325596903       518.01424259278565       65537.535486823952       226.51157727290706
    0.0051953125000000003      0.99150563161958827       1.4147950506022169       520.85855275265317       64060.991502385667       225.04161887563487
    0.0052734375000000003      0.97547935696503785       1.4360312575928229       523.67235072470214       62616.055926503854       223.57950889030272
    0.0053515625000000004      0.95969807900589976       1.4566530095148473        526.4554581406245       61202.457877605695       222.12559832153136
    0.0054296875000000005      0.94416216774959461       1.4766623986791536       529.20774266452736       59819.890902529864       220.68021311473447
    0.0055078124999999997      0.92887163218257407       1.4960623630963419       531.92911475089522       58468.016527926047       219.24365513457985
    0.0055859374999999998      0.91382614643651439       1.5148565399685092       534.61952444830888       57146.467663882126       217.81620318830591
    0.0056640624999999998      0.89902507509398077       1.5330491605892065       537.27895826560496       55854.851826881953       216.39811405765067
    0.0057421874999999999      0.88446749740091013       1.5506449865241696       539.90743611456412       54592.754166328101        214.9896235170163
             0.0058203125      0.87015223040729628       1.5676492858729736        542.5050083730921       53359.740301818252       213.59094733832129
             0.0058984375       0.8560778512578533       1.5840678396493841       545.07175314636527       52155.358995341019        212.2022823023492
    0.0059765625000000001      0.84224271887037505       1.5999069561482768       547.60777380571847       50979.144682853701        210.8238072388904
    0.0060546875000000002      0.82864499504266409       1.6151734648392739       550.11319684117382       49830.619872075149       209.45568409931752
    0.0061328125000000002      0.81528266473773292       1.6298746685912355       552.58816999264388       48709.297388899744       208.09805903568989
    0.0062109375000000003      0.80215355510270947        1.644018250419534       555.03286056221236       47614.682440005527       206.75106343891576
    0.0062890625000000004       0.7892553528260623       1.6576121525607845       557.44745379681922       46546.274465404706       205.41481489065444
    0.0063671875000000005       0.7765856196864076       1.6706644541944589       559.83215126403593       45503.568776861612       204.08941800702866
    0.0064453125000000005      0.76414180648719199       1.6831832764980206       562.18716922036833       44486.058006312182       202.77496518662957
    0.0065234374999999997      0.75192126572733908       1.6951767237148607       564.51273700213949        43493.23339984614       201.47153729231997
    0.0066015624999999998      0.73992126338165143       1.7066528460446599       566.80909553089134       42524.585992753069       200.17920429975985
    0.0066796874999999999      0.72813899002098637       1.7176196157449557       569.07649591661243       41579.607687656156       198.89802593095064
    0.0067578124999999999      0.71657157118474513       1.7280849150208297       571.31519817666583       40657.792231585656       197.62805225770961
             0.0068359375      0.70521607683325394         1.73805653268127       573.52547005005033       39758.636081772995       196.36932425089168
    0.0069140625000000001      0.69406952988406645       1.7475421585028255        575.7075858691943       38881.639164931548       195.12187427181269
    0.0069921875000000001      0.68312891401886233       1.7565493756801591       577.86182547513442       38026.305549363111       193.88572652533392
    0.0070703125000000002      0.67239118095284967       1.7650856643984962       579.98847321929918       37192.144049034054       192.66089749775108
    0.0071484375000000003      0.66185325743050272       1.7731583952111816       582.08781706840659         36378.6687832354       191.44739641185731
    0.0072265625000000003      0.65151205251541811       1.7807747540073393       584.16014772788492       35585.399736704137       190.24522576494323
    0.0073046875000000004      0.64136446534810565       1.7879416386343083       586.20575771546737       34811.863331978158       189.05438196867993
    0.0073828125000000005      0.63140739286506764        1.794665639136144       588.22494058431596       34057.592973505503       187.87485602830606
    0.0074609375000000006      0.62163773660984445       1.8009530425536142       590.21799019539321       33322.129498730952       186.70663415488795
    0.0075390624999999998      0.61205241043616398       1.8068096463571861       592.18520010814098       32605.021672463863       185.54969851288297
    0.0076171874999999998       0.6026483474688995       1.8122404991180552       594.12686217417934       31905.826603494152       184.40402792269094
    0.0076953124999999999      0.59342250794408802       1.8172500492891648       596.04326693958717       31224.110202329073       183.26959869173876
             0.0077734375      0.58437187887132858       1.8218420442737193       597.93470164765233       30559.447031860676       182.14638455136637
    0.0078515625000000009      0.57549348811192824       1.8260186895426116       599.80145309225122       29911.421192298323       181.03435831000112
     0.007929687500000001      0.56678440058934276       1.8297788088180127       601.64379663304112       29279.625918309426       179.93349158231459
    0.0080078124999999993      0.55824175711914481       1.8331186015171905       603.46201122189814       28663.666168391854       178.84375945388382
    0.0080859374999999994      0.54986272083214571       1.8360301354323525       605.25634503432912       28063.154689229123        177.7651345622281
    0.0081640624999999994      0.54164462072827757       1.8384972184735255       607.02707172326882       27477.721877862881       176.69760438271365
    0.0082421874999999995      0.53358476120851905        1.840494948601846       608.77436200950262       26907.002337717498       175.64114960260028
    0.0083203124999999996      0.52568085667879016       1.8419881607901711       610.49851613246585       26350.664569449691       174.59579634881769
    0.0083984374999999997      0.51793032865707955       1.8429237936824292       612.19949299785071       25808.362526015808       173.56153406705829
    0.0084765624999999997      0.51033170234509095       1.8432620884909947       613.87778291601148       25279.830161206446       172.53848341289296
    0.0085546874999999998      0.50288189483533119       1.8429654292504676       615.53288779709965       24764.697536954074       171.52656894612423
    0.0086328124999999999      0.49558146279065213       1.8418810473682878       617.16580338177607       24262.843955687855       170.52616464662566
    0.0087109374999999999      0.48842494880754306       1.8401914387619183       618.77471713648538       23773.750123117588       169.53689559712325
             0.0087890625      0.48141776583900653       1.8373494742269871       620.36285216332783       23297.624331586416       168.55975737689002
    0.0088671875000000001      0.47454688330581551       1.8345405247496001       621.92474910630358       22833.455234033303       167.59338870084295
    0.0089453125000000001      0.46782806105884484       1.8297959501263454       623.46978708483971       22382.134408527294       166.64013315618988
    0.0090234375000000002       0.4612319567679441       1.8271029220344739       624.98258473875057       21941.596952491633       165.69645447237622
    0.0091015625000000003      0.45479908659149754       1.8223267298108698       626.48576075086805       21514.345358629562       164.76802062936292
    0.0091796875000000003      0.44842485379062264       1.8226535167215188       627.96349843699784       21093.401222531866       163.84051740946634
    0.0092578125000000004      0.44230134677880628        1.821552438138365       629.41549909873174        20691.29491319523       162.94227718015867
    0.0093359375000000005      0.43618407456016728       1.8381102634766993       630.79451671712377       20291.531748086771        162.0352110999703
    0.0094140625000000006      0.42958772307997967       1.8956900629607003       632.64242034513461       19863.944628964218       161.05640728245729
    0.0094921875000000006      0.42553473381771456       2.0084222200119655        632.3357936169466       19630.881160741603       160.68271148733413
    0.0095703125000000007      0.44108503996551662       2.1065934852008885       613.94979913733823       21510.705233974219       169.86217989903224
    0.0096484375000000008      0.80030345902262268       6.3588665979224324       376.50155124317882       62667.765053501862       272.74317074458429
    0.0097265625000000008       1.2938685279898228       11.281727250715379         161.823252888615       131592.21984163506        354.2455769046523
    0.0098046875000000009       1.3879424770835296       14.709495618901723       104.25875388453709       146830.96172453527       368.47713897078017
     0.009882812500000001       1.3788655608916796       6.2699985317081852       89.245480371487133       145967.71176104812       368.72216723604532
     0.009960937500000001       1.3835893062473514      -1.7973203918948821       89.570457872440244       145686.61524419871       366.75566362885212
     0.010039062499999999       1.3965923822922146      -4.6097890260884178       102.07060137772349       145099.30609957164       361.87621494131361
     0.010117187499999999        1.415344838294059       -4.993104632199989        119.3839470561779       144818.39172993499       356.39026064194132
             0.0101953125       1.4322244684347885      -4.8491834824988578       139.01753781850491          144685.90870214       351.86779513933107
             0.0102734375       1.4417855941635882      -4.7125232147139293       159.26928057899008       144552.34198815457       349.21172978290167
             0.0103515625       1.4427807399447625      -4.5374659833494135       178.35098006225465        144243.1968975497        348.2245417017993
             0.0104296875       1.4355082789983873      -3.9788726077139418       194.32542077135793       143376.69743098022       347.88623365935223
             0.0105078125       1.4235584738426017      -2.8836831336855133       206.19086004385173       141832.20040998099       347.02750854887779
             0.0105859375       1.4099015774841057      -1.7811862007877721       215.13546763460721       139910.86939257968       345.64241530886613
             0.0106640625       1.3980186298407913      -1.2650520372463221       223.38629990862532       137891.30438885887       343.54868734619606
             0.0107421875       1.3898043615461846      -1.2773099483722443       232.07473891112727       135958.63221551184       340.73558277025273
             0.0108203125       1.3842744845299151      -1.4931663021604156       240.75251424873372        134202.0508878626       337.67686827936143
             0.0108984375       1.3815182647906172      -1.8062934612627426       248.87872197745264       132815.64546901165       334.85514691815234
             0.0109765625       1.3804531484133606      -2.0712394713483122       256.78561294042242       131739.82689351952       332.39906180575275
             0.0110546875       1.3789486874430896      -2.2305613137289422       265.25618401535661        130716.4000113825       330.17664128137568
             0.0111328125       1.3742077820502094      -2.2483663303030696       274.88257825171735       129398.20761749359       327.97461394541682
             0.0112109375       1.3643345728229483      -2.0766060824413026       285.51905599552077       127598.35010763336       325.75309211806035
             0.0112890625       1.3501660245610296      -1.7101993360301155       296.09123812960661       125509.60229780157       323.78308048472883
     0.011367187500000001       1.3353283930937712      -1.1816509867758258       304.89773440174156       123600.55255593422        322.4012383163618
     0.011445312500000001       1.3239429906907503     -0.59923539807425352       310.67204369669128       122295.79788151965       321.74115948979335
     0.011523437500000001       1.3161148930115472    -0.084065093738611624       313.68309596793665       121505.43561585245       321.56315099833944
     0.011601562500000001       1.3079074229506955       0.2284381893301608       315.28341446924765       120644.17449428118       321.28742213436237
     0.011679687500000001       1.2965879425149271      0.29224060411215125       317.21741221884082       119314.21390373749       320.51958969016312
     0.011757812500000001       1.2817095102280129       0.1927861189477047        320.1925309651557       117452.91437332243       319.18212599788927
     0.011835937500000001       1.2664187781707132     0.046611740135855402       323.69876449964056       115477.31479107965         317.602350267497
     0.011914062500000001       1.2551325693237039    -0.075602833806299799       326.54245087905258        113958.0419728252       316.24214848497155
     0.011992187500000001       1.2502208735435134    -0.094523499341916381       327.81578912789394        113194.1885097623       315.35647846346035
     0.012070312499999999       1.2495653082096012    -0.042355007633107136       328.26357411127049       112920.06150152718       314.75781303243258
             0.0121484375        1.250032600761783     0.015986212271059258       328.74841505439122       112758.11147756851        314.1888918142597
             0.0122265625       1.2492818646532666     0.063450730469892205       329.64206747352108       112444.07259326529        313.5021357186489
             0.0123046875       1.2458950292988038      0.12372521018882898       331.08512723746531       111836.45623319162       312.65567534494761
             0.0123828125        1.240101555939789      0.23056631822545937       332.75917972020164       111006.66640527383       311.78569162052122
             0.0124609375       1.2332224219618679       0.3686578615262624       334.02552654060747       110177.16289458692       311.18205543153692
             0.0125390625       1.2270144436470087      0.58170734069081953       334.10100057961205       109639.68664343185       311.23073838967906
             0.0126171875       1.2225148077568682       0.9454238703291189       332.32936986217879       109526.13025948677       312.05273104273903
             0.0126953125       1.2190321418255115       1.4352545024858376        328.5357745422038       109645.93383705705        313.2865473592563
             0.0127734375       1.2149037657580914       1.9360897669804327       322.89274116954834       109700.80709977899       314.50844912324652
             0.0128515625       1.2086975916134031       2.3957283205176036       315.58144728994671       109577.20986430571        315.7671545612215
             0.0129296875       1.2002532924437166       2.8814702106481969       306.49736090028938       109366.07463028026       317.37600650894979
             0.0130078125       1.1918246259540153       3.4364707539185719       295.22987848333395       109222.93135295431       319.20217784100686
             0.0130859375       1.1864238401425971       3.9110147590487787       281.62812992260945       109188.51361417814       320.55419264924501
             0.0131640625       1.1842889971905277       4.0843404668541297       266.43685750934071       109155.08371402428       321.03371546521601
             0.0132421875       1.1823924128918335       3.9033594546260093       251.08320788279769       109023.32911751536       321.16053861394994
     0.013320312500000001       1.1795961674178519        3.525631351521803       236.82075676383434       108809.46215523567        321.2903511588886
     0.013398437500000001       1.1754686104229646       3.0705486367610844       224.27167885164195       108617.17777808411       321.84876755455417
     0.013476562500000001       1.1729125615990235       2.5399134466710338       213.60396923073333       108517.95130322452       322.25548728361258
     0.013554687500000001       1.1739722354205793       1.9126984916815597       204.90700085762936       108511.71085347395       321.94609177605503
     0.013632812500000001       1.1792705093142886       1.2428515026320577       198.44418492315808       108608.22655122688       320.78470772423719
     0.013710937500000001       1.1878554137212056      0.49212236465892495       194.61637153248861       108888.13631413804       319.28708784427442
     0.013789062500000001       1.1982919283339688     -0.25951769101200839       193.53444098632886       109355.93393850737       317.86601147252821
     0.013867187500000001       1.2089373150834974     -0.86124922899088674       194.81607582365089       109909.16536280946       316.66094219053923
     0.013945312500000001       1.2184615079732086      -1.2873973134148073       197.98117790674948       110417.66262464432       315.63932642406047
     0.014023437499999999        1.226633172495122      -1.4692252504961134       202.44419128298762       110841.63992587896       314.74048501531456
             0.0141015625       1.2344452025495833      -1.3637028044709669       207.40565974415122       111276.86115834955        313.9767017915388
             0.0141796875       1.2427541394197332      -1.0688019036557856       211.88951515882027       111801.78986136589        313.3487094826142
             0.0142578125       1.2511212012576969     -0.72244408376646929       215.05421988358123       112337.81332401346       312.74541744473316
             0.0143359375       1.2585026140053583     -0.47344618173673975       216.76424826540506       112744.93680339587       312.03786520043963
             0.0144140625       1.2643839185393762     -0.28762667124298724       217.39771273055985        112964.3909035057       311.19096111990717
             0.0144921875       1.2700455956297074    -0.062551941472201916       217.52029343391519       113162.97230961602       310.34832496174749
             0.0145703125       1.2767243267156974      0.15609692643602013       217.44762619385551       113492.31533692541       309.62334272661008
             0.0146484375       1.2846396153810729      0.34564076158667717         217.147537087426       113970.91851489055       309.01325611080711
             0.0147265625       1.2926614651081492      0.42752077637266839       216.43707072616741       114454.94272760337       308.39982460687656
             0.0148046875       1.2996179115874633      0.41994264413146876        215.2762037530976        114807.1632341504       307.69303836083873
             0.0148828125       1.3053730251762583      0.36653104000718589       213.89298465189083       115025.21422620346       306.91830370390818
             0.0149609375       1.3106948686490503      0.30562260849033862       212.67271821149529       115213.68250724375        306.1729588496334
             0.0150390625       1.3166040852420897      0.27865836229810798       211.88944984353591       115498.15271283858       305.55135380633641
             0.0151171875       1.3230102544193472      0.26976254308317665       211.38049035813378       115860.98225970347       305.02705957752414
             0.0151953125       1.3293345069903204      0.24897396613966777       210.88267438402741       116225.84140864912       304.53190064117098
     0.015273437500000001       1.3349962680239436      0.20597045530448624       210.18534744382737       116521.41568400324       304.01154277176556
     0.015351562500000001       1.3395265954106979      0.15858884849096402        209.1928760525935       116692.24905785629       303.42757209998251
     0.015429687500000001       1.3435207025073375      0.14438691909866225       208.11395158232972        116809.5149844534       302.82953535523973
     0.015507812500000001       1.3481514205041232      0.17913939447419439       207.21924924624057       117008.33781863924       302.30303598762987
     0.015585937500000001       1.3542038429690972      0.23287074477428582       206.61564582843621       117372.02208553287       301.88735145030734
     0.015664062499999999       1.3613802701228883       0.2495839999980482       206.17651469022186       117853.29368030021       301.52730395410174
     0.015742187500000001       1.3685101005687679      0.21142034913434485       205.64361855438671       118305.08449652504        301.1062536078839
     0.015820312499999999       1.3746992888042777      0.17549860648478871       204.88621516701795       118621.04476042732       300.55116052393413
     0.015898437500000001       1.3805130273302295      0.18096293048450798       204.12755991233641       118875.05136099141       299.92632131313246
     0.015976562499999999       1.3866075954316666      0.21322218728147482        203.6036866180749        119150.1773093223       299.29915493317282
     0.016054687500000001       1.3934208626261286       0.2379036784806218       203.43961270155077       119498.43805947842       298.70623824568582
             0.0161328125       1.4005039155753052      0.21773128664701294       203.44433282924902       119862.77863256805       298.10165440115145
     0.016210937500000001       1.4070455711018677      0.15578361934754628       203.30889960035361       120145.88785229177       297.41654213601311
             0.0162890625       1.4124322623981183     0.078279560030021803       202.79149495994108       120281.97516118777       296.61785809450248
     0.016367187500000002       1.4170020906806635     0.038108925727618564       201.91237160355459        120325.8626204522       295.76914458273961
             0.0164453125       1.4216375893979221     0.037711970948248331       200.90858668269308       120397.27658104629       294.97970539499391
     0.016523437500000002       1.4269250588815616      0.06655389030519375       200.01870035946223       120572.25285688289       294.31377096302595
             0.0166015625        1.432994343566445      0.11750941697660099       199.35656136582082       120860.71503210743       293.76838493433985
     0.016679687500000002        1.439282139371737      0.16053714729589166       198.84738099935035       121182.57614471298        293.2639075896044
             0.0167578125       1.4454466594572566      0.19017535459192891       198.41314352753596        121484.5716959464       292.74091745103681
     0.016835937500000002       1.4513505083936711       0.2031051359948701       197.97516419861665       121746.18849289966       292.17794938799227
             0.0169140625       1.4567722738626581      0.20482788688020406       197.44810722168785       121947.82030422382       291.57262547378855
     0.016992187500000002       1.4612871955756805       0.2141776567654651       196.73116713896417       122051.72092437977       290.91941189644689
             0.0170703125       1.4651544564368146      0.23705020188429587       195.88517284868101       122096.85785313742       290.25883622594552
     0.017148437499999999       1.4693281699097278       0.2480708713804568       195.14069196622586       122192.84524780556        289.6618799106526
     0.017226562500000001       1.4746332099389716      0.23539193555189525       194.73892424738756       122423.39299610622       289.16436642373725
     0.017304687499999999       1.4814455029307527      0.20228616268381713       194.77887298769426       122815.52867812011       288.75663658706463
     0.017382812500000001       1.4892386204060806      0.15336336241291601         195.133816036843       123295.56884228183        288.3683223609118
     0.017460937499999999       1.4970753978618487     0.090519519720490105       195.58516986376921       123752.29256438135       287.92140450631689
     0.017539062500000001       1.5042332783523336     0.023593119260246088         195.972866468419       124110.07244907752       287.37978080556115
     0.017617187499999999       1.5106065097144465     -0.03336519023298351       196.28214119899837       124370.67768255413       286.76822046850526
     0.017695312500000001       1.5165268537621375    -0.082316821277840832       196.61255341571163       124584.99340768074       286.14094102237431
     0.017773437499999999       1.5225579614340667     -0.11991651908089648       197.09026070716959       124822.76292983044       285.55142336839964
     0.017851562500000001       1.5290727371862149      -0.1492715172187874       197.78118264223073       125121.33341765031       285.01491757357661
     0.017929687499999999       1.5360236692543963     -0.17759885302194883       198.64313690329348       125461.35571677801       284.49618081195138
     0.018007812500000001       1.5430963228248211     -0.20921133325878558       199.56809683356445        125789.5317029657       283.93297728862274
             0.0180859375        1.550064108891442     -0.24136356546951809       200.46404277912583       126064.85548844651       283.27532227392442
     0.018164062500000001       1.5570423116173215     -0.26388505976420606       201.31072452956752       126291.53762490931       282.51285170814214
             0.0182421875       1.5643902554045617     -0.26249905177656763        202.1373111448805       126509.18804568906       281.67048318129554
     0.018320312500000002        1.572311594969283     -0.22696405020465846       202.93809236160692        126747.7715537091       280.77994702039734
             0.0183984375       1.5805140229305272     -0.16053397193671401       203.61537204747981       126991.80414629047       279.86056862931167
     0.018476562500000002       1.5884457169989519    -0.079508211080957944       204.06101797513085       127213.44271715793       278.94912300501659
             0.0185546875        1.595360934154449    0.0015264290305324237       204.19015900738435       127385.73348875984       278.11615165890197
     0.018632812500000002       1.6005291824266576     0.070061058690881806       203.93915788913694       127499.54697942757       277.46577239922516
             0.0187109375       1.6043437358300561      0.13118208956516531        203.4559659757243       127655.51885512739       277.14467890809539
     0.018789062500000002       1.6072765283006114      0.19109118299568539       202.79188728386458       127882.86340883956       277.13164637994566
             0.0188671875        1.610236243835564      0.23701011812943054       202.03266645795986       128179.34241184557       277.26357201640701
     0.018945312500000002       1.6133079202543916      0.24234097706351199       201.28995406214179       128485.95353090751       277.39763777499599
             0.0190234375       1.6161112066256755      0.18252300234030866       200.70305416682916       128713.06987745759       277.40595469527301
     0.019101562499999999       1.6186408882754746     0.065980610771156037       200.45558477983545       128819.67919981602       277.20182098786171
     0.019179687500000001       1.6208800693205627    -0.068136444981164709       200.62672029042264       128824.83433083493       276.82995554098454
     0.019257812499999999       1.6230379285601741     -0.16897748522744652       201.20274593116397       128813.75572268946       276.43812992394982
     0.019335937500000001       1.6252528333868312     -0.20227330759626064       202.01023873658031       128866.01439962728       276.17339412400986
     0.019414062499999999       1.6275733698443442     -0.16832820977007595       202.79712356595999       129017.78672946908       276.10443616384072
     0.019492187500000001       1.6300306207396582    -0.091442133920649593       203.35661518695795       129247.08457887903       276.17818114513182
     0.019570312499999999       1.6325943797318747  -0.00089421512369062823       203.59991916248765       129496.74809664648       276.27713135598935
     0.019648437500000001          1.6351068689393     0.066590918109813796        203.5448228028109       129712.16634460427       276.31148829981208
     0.019726562499999999       1.6374158959737417      0.10408315973652893        203.2576357846724       129855.69802016992       276.22716193789358
     0.019804687500000001       1.6392648891597603      0.12068432484507424       202.80105708976981       129914.60273493051       276.04075407157865
     0.019882812499999999       1.6404550247329575      0.13080921748904686       202.21514547575856       129907.73473284153         275.825906503488
     0.019960937500000001       1.6408994741346705      0.14472094392202153       201.53983913489941        129875.3438950105       275.68244203048164
             0.0200390625       1.6403850676057743       0.1652240620944645       200.82650504669675       129858.18547440546       275.73245990192811
     0.020117187500000001       1.6371102316833706      0.18905578200581144       200.12472369436151       129879.61146971336       276.32961405811915
             0.0201953125       1.6215997907146191      0.21141393350292034       199.46078229131851       129940.14554998756       279.10270251367552
     0.020273437500000002       1.5788116133361758      0.23011224112504253       198.81195919126733        130018.2373896995       286.83908888294644
             0.0203515625       1.5141380403547262      0.24621815121816051        198.1094121578231       130080.88112459372       299.23498797034614
     0.020429687500000002       1.4501866305494007      0.26144496875056378       197.28157822518025       130103.25285538772       312.48460814522963
             0.0205078125       1.4095017082294756      0.27589054548077935       196.29242623063331       130077.83996280236       321.44160096676092
     0.020585937500000002       1.3954194706865859      0.28811140914778416       195.16406044453436       130017.15542343279       324.53403841446323
             0.0206640625       1.3922617321818005        0.296895442625429        193.9589497651055       129949.82756471566       325.10166502837046
     0.020742187500000002       1.3911099849499726       0.3023149879731058       192.73592720628389       129902.39325694623       325.25206083115137
             0.0208203125       1.3903617960304939      0.30556421405214496       191.53347450116476       129887.76045015809       325.39042959496555
     0.020898437500000002        1.389091576044027      0.30855400315449005       190.36607323689176       129908.42749803622       325.73979645424805
             0.0209765625       1.3864382421145887      0.31297647549792346       189.23637515715586       129963.50130425686       326.50154934207876
     0.021054687499999999        1.383171724610784      0.31922819358251608       188.14159465672748       130051.63419497736       327.49455517272168
     0.021132812500000001       1.3809222273480841      0.32599248950086623       187.06591309049091        130166.1307497829       328.31683146789771
     0.021210937499999999       1.3806756436949643      0.33105972844793591       185.96479893390995       130285.64245805984       328.67696477759296
     0.021289062500000001       1.3819374339446848      0.33295766546706113       184.76077966317328       130370.77929664265       328.59144546489171
     0.021367187499999999        1.383508344095153      0.33220721779141277       183.37286552725669       130378.29230591768       328.23725954966255
     0.021445312500000001       1.3847139157146897      0.33105518117339167       181.77628630810923       130291.65679118747        327.7335651860846
     0.021523437499999999       1.3855091668592663      0.33258469912738498       180.04368685119198       130143.11895192714       327.17203821239633
     0.021601562500000001       1.3863349114687498      0.33966845589383809       178.32141747438135        130003.2854972786       326.62584069191757
     0.021679687499999999       1.3876607006152246      0.35115276826323483       176.74343999081137       129938.20327257956       326.15041894710572
     0.021757812500000001       1.3895402258722942      0.36335279636981593       175.33913879875806       129961.31682205365       325.76719762892395
     0.021835937499999999       1.3915204649589705      0.37202877926393996       174.00994825534545       130021.37432189022       325.45393495848526
     0.021914062500000001       1.3929716316840515      0.37470129519327672       172.60584103601497       130041.46203202289       325.16511308895934
             0.0219921875       1.3935588777975538      0.37194800949638357       171.04118877676098       129978.11042365208       324.86974620889345
     0.022070312500000001       1.3935015826110404      0.36704061061580701       169.36031983302604       129855.43117741647       324.57646411330563
             0.0221484375       1.3933827656036974       0.3637253205838909       167.69456470304058       129742.41576884272       324.32163295672422
     0.022226562500000002       1.3936767163477255       0.3642996272314426       166.15157137914463       129694.13855843907       324.13257309400007
             0.0223046875       1.3944045742717956      0.36864754078405348        164.7365468555154       129709.03187659263        324.0005828980868
     0.022382812500000002       1.3951828124642827      0.37532958321967458       163.36713822660047       129735.72704791726       323.88649891451036
             0.0224609375       1.3955865404395462      0.38255612945533218       161.95812469653731       129719.27773052551       323.75174808025395
     0.022539062500000002       1.3954791592123641      0.38856909912435067       160.49480399060519       129642.48845476969       323.58499611018738
             0.0226171875       1.3950341961322428      0.39204646774048807       159.02993597959144       129527.84235571687        323.4019618824521
     0.022695312500000002       1.3944749168121686        0.392120527894391       157.61377854864151       129403.69699482326       323.22158064348895
             0.0227734375       1.3938308365639567      0.38833389800513501       156.23535493237821       129273.18362019553       323.04479530583467
     0.022851562500000002       1.3929536003162728      0.38107480497654833       154.83198241278964       129116.66458977395       322.85686165254339
             0.0229296875       1.3917489583384155      0.37169185709376085       153.35499750740465       128921.80538355141       322.64864542486629
     0.023007812499999999       1.3903631047368217      0.36192772119445421       151.82183248221267       128707.44070247596       322.43322893994673
     0.023085937500000001       1.3891217663708264      0.35282438747935357       150.30402876218832       128515.42150280804       322.23989029659703
     0.023164062499999999       1.3882785446513743      0.34463159937067883        148.8652848279601        128378.0001164572       322.09083445618626
     0.023242187500000001       1.3878180226848986      0.33712751309295746       147.50951694519117       128292.54112261091       321.98323299983662
     0.023320312499999999       1.3874767667622556      0.32975469509200062       146.18324418765013       128224.46790522768       321.89153684774345
     0.023398437500000001       1.3869290391701798      0.32200365611218379       144.81991037917987       128131.37922546477       321.78487880887525
     0.023476562499999999       1.3859677754651469      0.31430961714153705       143.38149308805791       127986.40057995093       321.64371162419042
     0.023554687500000001       1.3845771316126547      0.30832266382818191       141.87201844701625       127787.43347568775       321.46623652482214
     0.023632812499999999       1.3829106739203467        0.305669681824841       140.33041307579154       127554.20603874477       321.26619347795838
     0.023710937500000001        1.381229370948837      0.30687588068298455       138.81634771275654       127320.21169663292       321.06718457675839
     0.023789062499999999       1.3798194155308405       0.3111436288281979       137.39273218546427       127122.14377330319       320.89527985546459
     0.023867187500000001       1.3788963704872388      0.31596634182140709       136.10505964168215       126987.61096742022       320.77026050851754
             0.0239453125       1.3785124834166027      0.31795582866123123       134.96199019972403       126923.24359788308       320.69695132960254
     0.024023437500000001       1.3785219694044721      0.31487101740471685       133.92671430267976       126910.21476224369        320.6618247942672
             0.0241015625       1.3786382089844649      0.30675544834408319       132.92950830679422       126911.56455029223       320.63819846077791
     0.024179687500000002       1.3785665412260319      0.29547589693708576       131.89979785619533       126889.28199231188        320.5985683998407
             0.0242578125       1.3781496994591527      0.28406220278261191       130.79996440706256       126823.06790219482       320.52819100219557
     0.024335937500000002        1.377438925874598      0.27531978343812524       129.64160791161967       126719.52921848501       320.43177198056861
             0.0244140625        1.376641457542237       0.2700809068558318       128.47487160403125       126605.39531620365       320.32861936550916
     0.024492187500000002        1.375978330195087      0.26711672794292585       127.35528632959614        126509.1622817358        320.2393960109369
             0.0245703125       1.3755301374435522      0.26422309544770128       126.30483546271959       126441.21626812295       320.17168907711527
     0.024648437500000002        1.375170353035011      0.25936730298363819       125.29500260191924       126385.26782248722       320.11374676895304
             0.0247265625       1.3746424404817859      0.25198655331770614       124.26513419739551       126308.30498530186       320.04167259145896
     0.024804687500000002       1.3737275595865899      0.24338007341619633       123.16264240671417       126182.18961052842       319.93504965874286
             0.0248828125       1.3723812763942942      0.23552153476023688       121.97634064050624       126001.23604018676       319.78964260265622
     0.024960937500000002       1.3707439224713043      0.22958088870917659       120.73978489337983       125783.50129875948       319.61836312064992
     0.025039062500000001       1.3690346200297652      0.22535183688398722       119.50611139053113        125557.1087064225       319.44143498874087
     0.025117187499999999        1.367425691288779      0.22179986240539126       118.31734624905513       125344.09973011827       319.27471998731653
     0.025195312500000001       1.3659842455334013      0.21803205495737923       117.18965283173678       125152.97758774806       319.12429516573695
     0.025273437499999999       1.3646903488947062       0.2139148137808132       116.11722686264434       124981.09544318986       318.98817148049551
     0.025351562500000001       1.3634843705099142      0.20995325518035993        115.0833162415579       124820.75481252167       318.86071304043998
     0.025429687499999999       1.3623039811830122      0.20677682574815412       114.06944813368445       124663.94053932239        318.7360580153175
     0.025507812500000001       1.3611102885937354      0.20477107346773596       113.06286821232098        124505.6497160475       318.61052233797341
     0.025585937499999999       1.3599075111886991      0.20392792084305161       112.06206564412481       124346.39845697558       318.48443397126738
     0.025664062500000001        1.358742151913406      0.20386633455541436       111.07701072040493       124192.11330176293       318.36208559851423
     0.025742187499999999       1.3576741933293293      0.20407338488914403       110.12206216627706       124050.44691911784       318.24906962511079
     0.025820312500000001       1.3567321871677187       0.2038751756083145       109.20430625882717       123925.03637765186       318.14807453275205
             0.0258984375       1.3558815277014951       0.2025132048908759       108.31564106203972       123811.44937715378        318.0558852251657
     0.025976562500000001        1.355043242228811      0.19989715119376883       107.43722912918757       123699.58838669515       317.96511323005376
             0.0260546875       1.3541528763184374       0.1962194122032902       106.55392096633396       123581.21648359517       317.86970717273636
     0.026132812500000002       1.3532042763537908      0.19181256143364217       105.66536977751309       123455.54767388242       317.76906881581351
             0.0262109375       1.3522443222728409      0.18685093981894502       104.78454996941844       123328.56799626187       317.66758005467398
     0.026289062500000002       1.3513267069549346       0.1812842259987168       103.92602468251296        123207.1298903702        317.5702809347635
             0.0263671875       1.3504686172407014       0.1750904207674906       103.09491506304802       123093.42515171987       317.47880176260691
     0.026445312500000002       1.3496469080923377      0.16853444513973162       102.28581106150217       122984.50235728439       317.39099184983462
             0.0265234375       1.3488296732455953      0.16217731145044265       101.49070125056579       122876.29588337838       317.30387215649603
     0.026601562500000002       1.3480086752216718      0.15664998643890574       100.70718327220017        122767.7576200749       317.21667508745026
             0.0266796875       1.3472061808833165      0.15237621990007177        99.94015626414955       122661.72261188863       317.13148796685402
     0.026757812500000002       1.3464585783388554      0.14940881642618986       99.197709714243899       122562.81824560589       317.05172001364622
             0.0268359375       1.3457949076267899      0.14743863858694201       98.485997944700557        122474.7325601757       316.98009528101244
     0.026914062500000002       1.3452228517502329      0.14591649747279042       97.806184373868021       122398.43665292587       316.91734360607467
     0.026992187500000001       1.3447227893626224        0.144168325957898       97.153323703255467       122331.43376250903       316.86164552422122
     0.027070312499999999       1.3442477335657075      0.14150702531901443       96.516433623431823       122267.74771341565       316.80860685286916
     0.027148437500000001       1.3437331669924333      0.13747567691021115       95.880754785369135       122199.16656204597       316.75215589444662
     0.027226562499999999       1.3431210657964026      0.13215310199785954       95.233337328340838       122118.29839158304       316.68679579063132
     0.027304687500000001       1.3423890256108291      0.12625190316161147       94.569770071228334       122022.28172383168       316.61035968819488
     0.027382812499999999       1.3415638111696846      0.12087699160413889        93.89706053760095        121914.5132481147       316.52531298514134
     0.027460937500000001       1.3407066115940809      0.11710358486977325       93.229680084087718       121802.77311275426       316.43739271026698
     0.027539062499999999       1.3398783492036968      0.11562655464381329       92.580846208983914       121694.81241235176       316.35235262863443
     0.027617187500000001       1.3391073847023043      0.11659938420726147       91.954549141262689       121594.24672924717       316.27290968678716
     0.027695312499999999       1.3383797965223403      0.11954987511837727       91.343767218583253       121499.31894413308       316.19779995936557
     0.027773437500000001       1.3376583095409815      0.12347194728320431       90.736062061744178       121405.29958659969        316.1235320817928
             0.0278515625       1.3369190203960812      0.12716709653133373       90.124025564939743       121309.14708407325       316.04783499545874
     0.027929687500000001       1.3361788503258312       0.1296186098364959       89.512770787216581       121212.99318470767       315.97225881994791
             0.0280078125       1.3354871772673611      0.13005618492052351       88.917446340385226       121123.08442163364       315.90141532331489
     0.028085937500000002       1.3348815738094741      0.12804243544840585       88.351098005605365       121044.17164826902       315.83882617763021
             0.0281640625       1.3343441163193392      0.12380395533632761       87.812528176032799        120973.9738784587       315.78280237990168
     0.028242187500000002       1.3338004771312721      0.11846016633038464       87.284731291046427        120903.0668884749       315.72634465737974
             0.0283203125       1.3331662132506235      0.11383144694718675        86.74590503406101       120820.75216657649       315.66149486340669
     0.028398437500000002       1.3324000468456105      0.11194750433427852       86.182962980857639        120721.8073805084       315.58435278781616
             0.0284765625       1.3315200448685276      0.11446318587870448        85.59606309599738       120608.53014603378       315.49660371156551
     0.028554687500000002       1.3305771247096574      0.12211259893862186       84.992549052427364       120487.37390836659       315.40302803294463
             0.0286328125       1.3296276009301666      0.13409981277699093       84.379928793925629       120365.46832060162       315.30892262955655
     0.028710937500000002       1.3287379056666984      0.14747510664900843       83.768738365622923        120251.2198503054       315.22056167281914
             0.0287890625       1.3279871127042506      0.16077735953721778       83.179050977566803       120154.63338825149       315.14544519848721
     0.028867187500000002       1.3274766354033789      0.17286170836711959       82.639036211663466       120088.54124489524       315.09321820344877
     0.028945312500000001       1.3272902725917064      0.18298726536912335       82.172982995129402       120063.54529157835       315.07186535200253
     0.029023437499999999       1.3274312988325969      0.19072821798961181       81.784309356987606       120080.05613799374       315.08171544396362
     0.029101562500000001       1.3277920368838276      0.19554115777830555       81.447388651479912       120124.44041603804       315.11254282849359
     0.029179687499999999       1.3281952379366408      0.19730212560670737       81.119140448778779       120174.25155509602       315.14750970729608
     0.029257812500000001       1.3284830808904118      0.19648391534044102       80.761665494208344       120209.49342714083       315.17162558121015
     0.029335937499999999       1.3285867866740582      0.19361346111987504       80.360668937636362        120221.4422620971       315.17834980591329
     0.029414062500000001       1.3285383622298035      0.18822043615298462       79.928539733149947        120214.1457113026       315.17070818410633
     0.029492187499999999       1.3283956643358523      0.17790395354865277        79.48632460239962       120194.93487396491       315.15419290194342
     0.029570312500000001       1.3281455231477592      0.15898771883212856       79.040006698716653       120162.14951145995       315.12756838057061
     0.029648437499999999       1.3276642170686941      0.12959664247514835       78.569530011298497        120100.1295783641       315.07910128138127
     0.029726562500000001       1.3267779168577398     0.093156740073855535       78.040489980488502       119986.87812951634       314.99226683882137
             0.0298046875       1.3253836696284442     0.058113794058319269       77.429843057558188       119809.39873902658       314.85721225957133
     0.029882812500000001        1.323522881771138     0.031851109242333489       76.741828294884158       119573.00128491558       314.67775898362038
             0.0299609375       1.3213353845840765     0.015297858181983651        75.99956527145315       119295.45717582614        314.4670981018192
     0.030039062500000002       1.3189956440585895    0.0088616892704963656       75.234310753746087       118998.88134859514       314.24175382903496
             0.0301171875       1.3166830517242716     0.013228916546734895       74.478791666791395       118705.95717281623       314.01879399447517
     0.030195312500000002       1.3145770096009417      0.02773246731612998       73.764101595943629        118439.3053673058       313.81535613204414
             0.0302734375       1.3128199382585775     0.050067242190505797       73.115937883392832       118216.82894511231       313.64510517239194
     0.030351562500000002       1.3115018951525035      0.07672737785857886       72.549980275095095       118049.80506699972       313.51673250462125
             0.0304296875       1.3106576535498344      0.10427089797907818       72.071299265395965       117942.54689654829       313.43364008666083
     0.030507812500000002       1.3102702476738242      0.12973702839662798       71.675285440860662       117892.87124202843       313.39425995677635
             0.0305859375       1.3102705878768979      0.15046685925742381       71.349589193986944        117892.0560871601       313.39201166289695
     0.030664062500000002       1.3105624538591329      0.16390158557407172        71.08254747563501       117927.98038489085        313.4176945301615
             0.0307421875       1.3110184839993111      0.16948113364188339       70.858968790355746       117984.60976597691       313.45912580617937
     0.030820312500000002       1.3116189854237423      0.16571034832805334        70.68851468777649       118059.46734129514       313.51440315943222
     0.030898437500000001       1.3123106183260425      0.15336757067303977       70.562279204068943       118145.84570748487       313.57843260592188
     0.030976562500000002       1.3130107004482403      0.13677594067567897        70.45503878795391       118233.32726170002       313.64330278922972
     0.031054687500000001       1.3136348951859391      0.11667410496072987       70.335191540045912       118311.27734097419       313.70095384605662
     0.031132812499999999       1.3140058209406371      0.09424504121352853       70.159651091296155       118357.32399450603       313.73445807797577
     0.031210937500000001       1.3137319871780013     0.072156679167966267       69.840006415809071       118322.09406651181       313.70644792704201
     0.031289062499999999       1.3126324311879654     0.052074940541767964       69.345871337719643       118182.79146639758       313.59958988798621
     0.031367187499999998       1.3107495546612105     0.036688882020809846       68.694159476526877       117944.85460396868       313.41779651597324
     0.031445312500000003       1.3083470234674235     0.029916010915863819       67.940283787958876        117641.6341500984       313.18609399006795
     0.031523437500000001       1.3058712155483856     0.033956051068589226       67.175428847049091       117329.41661606279       312.94710231604574
     0.031601562499999999       1.3037818618900501     0.047745439622520223       66.494732151803618       117066.01281368117       312.74492026371024
     0.031679687499999998       1.3023838327269113     0.066943647300248821        65.96431497279535       116889.63740842977       312.60893544229447
     0.031757812500000003       1.3017505279420125     0.084682055938947981       65.603159267100366       116809.41199456646       312.54636170640242
     0.031835937500000001       1.3017111441167468     0.092740411698788675       65.375159946583651       116803.83434661764       312.54089339337548
             0.0319140625       1.3018753600780906     0.086213077167648325       65.193072339150234       116823.86686153333       312.55506586919915
     0.031992187499999998       1.3018723429282768     0.068010254167998316       64.977331598274944       116822.91816075958       312.55325203371257
     0.032070312500000003       1.3013675240354716     0.042014702662475888       64.656291163364187       116758.95103578619       312.50328897615645
     0.032148437500000002       1.3002640926833859     0.014290640838005627       64.214616953070419       116619.82131565806       312.39579154580548
             0.0322265625        1.298752711950053   0.00029571979644607056       63.693549971027522       116429.52035631523        312.2489692201915
     0.032304687499999998       1.2971129159988424    -0.002998714604499431       63.154984943272964       116223.19372013269        312.0896699724957
     0.032382812500000004       1.2955783107454626    0.0041668930511290564       62.649653789321121       116030.16455206923       311.94039067780676
     0.032460937500000002       1.2943738652983527     0.029596210470946994       62.209738534063064       115878.61580593069       311.82284940999614
             0.0325390625       1.2936151066349835     0.073809980517106008        61.84215389450403       115782.98213590083       311.74825060361991
     0.032617187499999999       1.2932951000750021      0.12298240006897761       61.533439681470711       115742.35278510857       311.71596555542072
     0.032695312500000004       1.2933181744844962      0.15921542313085144       61.263425548309378       115744.72123021618       311.71678270892755
     0.032773437500000002       1.2935249771306438      0.17770037759240731       61.012834087127672       115770.12138638711       311.73534215608191
     0.032851562500000001       1.2937866258334951      0.17785749267503251       60.771291125268135       115802.40871872315        311.7592212501923
     0.032929687499999999       1.2940044221094555      0.15899801473878991        60.53536027173142       115829.21869611421       311.77891322085304
     0.033007812499999997       1.2940759046887742      0.12442422311224247       60.299021023195444       115837.70859272697        311.7845421727684
     0.033085937500000002       1.2939072069155773     0.081544193613838079       60.051619990895233       115816.11041537437       311.76705175201715
     0.033164062500000001       1.2934660078303521     0.039771892080248471       59.787541584641275       115760.37548879333       311.72331014439152
     0.033242187499999999       1.2928212376264803    0.0076120936945482482       59.516963301401049       115679.14957622737       311.65993939508792
     0.033320312499999998       1.2921106860511666    -0.011027692030812126       59.260947613280791       115589.70345501047       311.59020992218365
     0.033398437500000003       1.2914143319686782    -0.020748053293111298       59.025464470533166       115502.06187719775         311.521845990759
     0.033476562500000001       1.2906408885094838    -0.026687769067355743       58.779158718566677       115404.80232042751       311.44605496042107
     0.033554687499999999        1.289609321372474    -0.028265319032092187       58.470261143296575       115275.27031451336       311.34533160137039
     0.033632812499999998       1.2882739181045975     -0.02112894566596487       58.079922198004411       115107.76206539743       311.21517737204221
     0.033710937500000003       1.2868879523535828  -0.00011176932516420358       57.659682585791742       114933.97957318595       311.07999386056042
     0.033789062500000001       1.2859354739106421     0.038022094410678484       57.314476262683492       114814.43758623737       310.98661576888395
             0.0338671875       1.2858675035270259     0.087639364105376469       57.144341400270832       114805.47841362575       310.97878626727879
     0.033945312499999998       1.2868656844254365      0.13600427875698179       57.190157653956234       114929.81880633137       311.07411507479856
     0.034023437500000003       1.2887329344156913      0.16990997257297918       57.410592001673415       115162.92659724953       311.25342427482815
     0.034101562500000002       1.2909812821337525      0.17843277953253259       57.704808441912675        115443.9024478283       311.46942858339543
             0.0341796875       1.2929386798784523      0.15374175438486049       57.936443702379961       115688.65948059139       311.65724923112168
     0.034257812499999998       1.2939370055363275      0.10109765201445399       57.972409412061253       115813.39698178814       311.75256777451449
     0.034335937500000004       1.2936164933804311     0.042088672107961328       57.739884435257885        115772.9104511741       311.72079820653158
     0.034414062500000002        1.292183416445966   0.00039039767030621256       57.280431499703354        115593.0375520814       311.58165917982171
             0.0344921875        1.290200850097496    -0.015557435212286835       56.709322074453738       115344.43616641182       311.38931002562168
     0.034570312499999999       1.2882599567846698   -0.0091156558186262764       56.150704101478262       115101.21971422454       311.20086146771314
     0.034648437500000004       1.2868587182798978     0.012847210119978554       55.715123083209377       114925.64310065658       311.06449680039464
     0.034726562500000002       1.2863543542609437     0.048335222107323099       55.476466780985703       114862.23493587642       311.01476988031231
     0.034804687500000001       1.2867461892822778     0.082280340844558306       55.429318983881764        114910.8271240372       311.05159482669535
     0.034882812499999999       1.2878078851022758      0.10246744721182428       55.523796079081102       115043.14655191029       311.15303694065477
     0.034960937500000004       1.2892892035443897      0.10610122892137483       55.715725039607456       115228.03159202136       311.29501751537214
     0.035039062500000002       1.2907467890672344     0.092619170643262166       55.916844904673255       115410.13189278544       311.43488395096085
     0.035117187500000001       1.2917061646527348      0.06923888700989049       56.029447407573919        115530.0632549836       311.52697021322462
     0.035195312499999999       1.2921842915783026     0.046678610482424186       56.063042598678578       115589.85041226824       311.57285721419549
     0.035273437499999998       1.2924598266190468     0.028171418199842074       56.074468285814262       115624.32203465181       311.59933264735014
     0.035351562500000003       1.2926360488102711     0.012534836654964562       56.072298743374454       115646.49690011144       311.61660454485116
     0.035429687500000001       1.2926648634992879   -0.0011246143568669179       56.028005175586841       115650.95469649497       311.62166986306067
     0.035507812499999999       1.2919892507978024    -0.011440582616179426       55.804136880855182       115570.44557003793       311.56757903695603
     0.035585937499999998       1.2883661049470576   -0.0093449884048367512       54.818674375427022       115127.36255282925        311.2458986601668
     0.035664062500000003       1.2825440146346336     0.015889765565747067       53.237670241296946       114412.47388036453       310.71732576924489
     0.035742187500000001        1.278381910065574     0.046518634530998811       52.057971068425154        113899.8189043421       310.33216380518041
             0.0358203125       1.2775368786920649     0.057927460606997168       51.722391668151531       113790.07972829389       310.23824031147899
     0.035898437499999998       1.2778018251140628     0.058811926479054907       51.639073436779917       113807.07653668117        310.2202444516227
     0.035976562500000003       1.2781753214452836      0.05753754796046729       51.560596906706166       113834.44062966839       310.20416324955579
     0.036054687500000002       1.2784730244493505     0.054584417833059437       51.470690281884117       113858.28640249291       310.19689536030137
             0.0361328125       1.2783250371901269     0.049533635935942136       51.285960140556391         113836.032666959       310.17217041429552
     0.036210937499999998       1.2765208789216627     0.040834726653487509       50.668089088696824       113612.11877631235       309.99958258640333
     0.036289062500000004       1.2735326209683049     0.032694507869902668       49.743303139532081       113242.03755964145       309.71481052847219
     0.036367187500000002       1.2713077860163444     0.030277073443972548       49.042830323080189       112967.03284709011        309.5033738353743
             0.0364453125       1.2713162191081282     0.033552193570346625       48.963941662457245       112969.64520723819       309.50847800085643
     0.036523437499999999        1.273950067827343        0.039760152420295       49.604159396469072       113298.76639825759       309.76842489687505
     0.036601562500000004       1.2784810228235826     0.045855845905359946       50.753471963519431       113864.33540782805       310.21143460108095
     0.036679687500000002       1.2834605540481743     0.049301164000926545       52.013408390749419       114486.58814616091       310.69657077997243
     0.036757812500000001       1.2870127710624879     0.048422874614217161         52.8780589811902       114931.21626262306       311.04234586164472
     0.036835937499999999       1.2873741323055439     0.043114230196597714       52.874775801938512       114977.11571735714       311.07922182692147
     0.036914062500000004       1.2839864023020173     0.035608075710215202        51.85283118882586       114554.51558842389       310.75359472434434
     0.036992187500000002       1.2784652741016012      0.02970192913376098       50.246198574344731       113865.73721463037        310.2190750504933
     0.037070312500000001       1.2734870287844995     0.027998065496186657       48.785076186254955         113245.675669665       309.73584916424431
     0.037148437499999999       1.2711174149044422     0.030376800570848149       48.039645004359734       112950.67454680467       309.50490249964145
     0.037226562499999998        1.271665538592115     0.034893485687736855       48.099663547962166        113018.9070729157       309.55838581072567
     0.037304687500000003       1.2741242503209169     0.039703386913986449       48.687481396373855       113325.00962938131       309.79781860084654
     0.037382812500000001       1.2775203987365644     0.043744297683816762       49.533519584953261       113748.02322414231       310.12757768133315
     0.037460937499999999       1.2810540974969324     0.046194840238005158       50.417256853618227       114188.64289639308       310.47012324092771
     0.037539062499999998       1.2839914040472649     0.046378702007756949       51.137853883354659        114555.1748811983       310.75417265970975
     0.037617187500000003       1.2856438625751703     0.044254400483701439       51.510936700747436       114762.27825973765       310.91584323743854
     0.037695312500000001       1.2855485749191673     0.040777338757573091       51.415340556877034       114753.65888632469       310.91553551741958
             0.0377734375        1.283821472037048     0.037494198829842583       50.886546554606021       114546.01097585824       310.77044314470697
     0.037851562499999998       1.2812139621834571     0.035613829251690127       50.124110870044099       114232.02227924703       310.54931452044411
     0.037929687500000003       1.2787601779040547     0.035354465240569885       49.401881930161757       113937.56754776665       310.34318475170812
     0.038007812500000002       1.2773058596191937     0.036308781745372908       48.947820645321343       113766.05348783116       310.22883415027053
             0.0380859375       1.2771626672501066     0.038050272806289122       48.845282497021678       113754.80530906955       310.23294013623081
     0.038164062499999998       1.2781404241621059     0.040140692804794161       49.034797853531309       113877.19090245781         310.329132475233
     0.038242187500000004       1.2798901566466172     0.042179238239585713       49.409454049970485       114085.40671113734       310.47152039437452
     0.038320312500000002       1.2820850774632992     0.043771120776112053       49.878917555409508       114338.61163832189       310.62788637385097
             0.0383984375       1.2844231058533739     0.044757133222054456        50.37899600004247       114607.02871459443       310.79034321444715
     0.038476562499999999       1.2866666564147877     0.045406459037012493        50.86912182421279       114871.36572050014       310.96399739678549
     0.038554687500000004       1.2886964651619568     0.046156005659115491        51.32467978647621       115120.01400772133       311.14624843970904
     0.038632812500000002       1.2905146304953985      0.04718974102910848        51.73246278854792        115347.0835911568       311.32074307741794
     0.038710937500000001       1.2921424599841385     0.048312577546783975        52.08978028008422       115551.57398803672       311.47976644019388
     0.038789062499999999       1.2936114464942934     0.049124242003577637       52.403586762607631       115736.60995106326       311.62427417252832
     0.038867187500000004       1.2949726737391587     0.049214172120419002       52.687902944141818       115908.24609848217       311.75835595986257
     0.038945312500000002       1.2962891759625708     0.048232036476286461        52.96069055409653       116074.28567092148       311.88787935427797
     0.039023437500000001       1.2976261895148484     0.045940134852149282       53.240631494662502        116242.9866522517       312.01935168635117
     0.039101562499999999       1.2990357065324185     0.042382477607001777       53.542841335349792       116420.94761442115       312.15795988508529
     0.039179687499999998       1.3005392473311066      0.03797871303795889       53.874204878782749       116610.86092988763        312.3057004847268
     0.039257812500000003       1.3021270784933245     0.033420263354491289       54.232122255633328       116811.44601701263       312.46142005310276
     0.039335937500000001       1.3037750561912496     0.029562261424733609       54.607285633060151        117019.6244859857       312.62262451084109
     0.039414062499999999       1.3054561029367096     0.027348936107024643       54.989164835356512       117231.99423120897       312.78668145476144
     0.039492187499999998       1.3071212885056125     0.027639500045150478       55.369671643422372       117442.40546502308       312.94889505460566
     0.039570312500000003       1.3086900636767573     0.030830533720172894       55.741608731834866       117640.66573404292       313.10142268088555
     0.039648437500000001       1.3101073102205678      0.03637660157553075       56.089160277131285       117819.72807376168        313.2387762160451
             0.0397265625       1.3113743929212962     0.042742476008384898       56.378427287143438       117979.60184632472       313.36075121376746
     0.039804687499999998       1.3126407910973616     0.047385375289128548       56.611844841735433       118139.16576100736       313.48183199865639
     0.039882812500000003       1.3137070867942446     0.049233427902174963       56.758642715229925       118274.93291274509        313.5873536394472
     0.039960937500000002       1.3151026234903453     0.056168674518191186       57.032817783722557       118462.98631067059       313.75265158494949
     0.040078124999999999       1.3144631826005206      0.10287450336258601       56.816525620144702       118403.77808995929       313.74839042874794
     0.040234375000000003        1.296697598468717     0.076306351000900066       51.851633144273428       116193.51297749451       312.10990266990746
     0.040390624999999999       1.2330402241746907     0.035898934960791225       33.971992026023059       108276.04774667046       305.85777370016399
     0.040546875000000003       1.1851899132110926    0.0062213269945049507       19.982054574386598       102394.76369915168       300.92216234680672
              0.040703125       1.1772221078331888   0.00062746707498029025       17.603483577552918       101423.13522009374       300.08410665211204
     0.040859375000000003       1.1765367026800324   9.9035151300614157e-05       17.399258780569916       101339.97118376047       300.01272051176983
              0.041015625       1.1764297524936733    1.394713699478298e-05       17.367539621277704       101327.04948076973       300.00173727668613
     0.041171875000000004       1.1764151383383137   1.9947773230663065e-06       17.363209689689537       101325.28572935073       300.00024203211319
              0.041328125       1.1764131049831836   2.8847357024468396e-07       17.362607392170059       101325.04040671643       300.00003421978539
     0.041484375000000004       1.1764128185954272   4.2677356143587265e-08       17.362522562088049       101325.00585761399       300.00000496032288
     0.041640625000000001       1.1764127772688053   6.4783980512431173e-09       17.362510320085505       101325.00087224676       300.00000073860491
     0.041796875000000004       1.1764127711407493   1.0042353911539581e-09       17.362508504651984       101325.00013301065       300.00000011262802
     0.041953125000000001       1.1764127702093174   1.5870958143271144e-10       17.362508228694825       101325.00002065154       300.00000001748538
     0.042109374999999998       1.1764127700650842   2.5463373993462634e-11       17.362508185958696       101325.00000325259       300.00000000275236
     0.042265625000000001       1.1764127700424332   4.3186400545689171e-12       17.362508179246689       101325.00000052023       300.00000000043872
     0.042421874999999998       1.1764127700388169   6.7449159976882079e-13       17.362508178175037       101325.00000008408       300.00000000006958
     0.042578125000000001       1.1764127700382294   8.7067463938479531e-14       17.362508178000791       101325.00000001314       300.00000000000944
     0.042734374999999998       1.1764127700381324   9.0495821356670806e-14       17.362508177971669       101325.00000000132       299.99999999999915
     0.042890625000000002       1.1764127700381153  -5.5194898134798732e-14       17.362508177966404       101324.99999999926       299.99999999999739
     0.043046874999999998       1.1764127700381128  -5.1576403375563895e-14       17.362508177965669       101324.99999999894       299.99999999999704
     0.043203125000000002       1.1764127700381122  -7.2762744011178546e-14       17.362508177965594       101324.99999999889       299.99999999999716
     0.043359374999999999        1.176412770038112  -5.0968450774901157e-14       17.362508177965601       101324.99999999889       299.99999999999716
     0.043515625000000002        1.176412770038112  -2.2054311577105667e-14       17.362508177965609       101324.99999999889       299.99999999999716
     0.043671874999999999       1.1764127700381122  -4.8818502041492265e-14       17.362508177965651       101324.99999999889       299.99999999999716
     0.043828125000000002       1.1764127700381124  -4.8909798444820447e-14       17.362508177965662       101324.99999999889        299.9999999999971
     0.043984374999999999       1.1764127700381126  -1.0108394637067803e-14       17.362508177965644       101324.99999999888       299.99999999999693
     0.044140625000000003       1.1764127700381126  -5.1848196364748368e-15       17.362508177965623       101324.99999999892       299.99999999999704
     0.044296874999999999       1.1764127700381126  -6.8961667830395079e-15       17.362508177965701       101324.99999999898       299.99999999999721
     0.044453125000000003       1.1764127700381128  -4.1044761270607654e-14       17.362508177965804       101324.99999999904       299.99999999999739
              0.044609375       1.1764127700381126  -1.1270824868305027e-14       17.362508177965829       101324.99999999903       299.99999999999739
     0.044765625000000003        1.176412770038112  -5.2663963826409112e-14         17.3625081779658       101324.99999999904       299.99999999999761
              0.044921875        1.176412770038112  -7.0955247726495189e-14       17.362508177965651       101324.99999999907       299.99999999999767
     0.045156250000000002        1.176412770038112  -9.9699652786843826e-14       17.362508177965633       101324.99999999913        299.9999999999979
     0.045468750000000002        1.176412770038112  -3.9466258082124516e-14       17.362508177965708       101324.99999999914        299.9999999999979
     0.045781250000000002        1.176412770038112  -6.6355585356815697e-14       17.362508177965861       101324.99999999914        299.9999999999979
     0.046093750000000003        1.176412770038112  -6.8067771943457206e-14       17.362508177965921       101324.99999999914        299.9999999999979
     0.046406250000000003       1.1764127700381126  -5.1495716473453208e-14       17.362508177965971       101324.99999999914       299.99999999999773
     0.046718750000000003       1.1764127700381126  -3.0042237171226688e-14       17.362508177966056       101324.99999999917       299.99999999999778
     0.047031250000000004       1.1764127700381126  -2.2000257092646083e-14        17.36250817796606       101324.99999999921       299.99999999999795
     0.047343750000000004       1.1764127700381126  -2.5249670385111401e-14       17.362508177966138        101324.9999999992        299.9999999999979
     0.047656250000000004       1.1764127700381126   -4.038967530381065e-14       17.362508177966117        101324.9999999992        299.9999999999979
     0.047968750000000004       1.1764127700381128  -6.1094561684427574e-14       17.362508177966255        101324.9999999992       299.99999999999784
     0.048281249999999998       1.1764127700381128  -3.1580417093532836e-14        17.36250817796622        101324.9999999992       299.99999999999784
     0.048593749999999998       1.1764127700381128   2.4525724670815435e-15       17.362508177966191       101324.99999999921        299.9999999999979
     0.048906249999999998       1.1764127700381115  -2.8934504117146286e-14       17.362508177966262       101324.99999999923       299.99999999999829
     0.049218749999999999       1.1764127700381102  -1.9012526008732083e-14       17.362508177966223        101324.9999999992       299.99999999999852
     0.049531249999999999       1.1764127700381102  -5.7851215217783446e-14       17.362508177966195       101324.99999999923       299.99999999999864
     0.049843749999999999       1.1764127700381102    -1.88332756637041e-14       17.362508177966159       101324.99999999927       299.99999999999875
     0.050312500000000003       1.1764127700381115  -6.4341263293016009e-14       17.362508177966248        101324.9999999993       299.99999999999847
     0.050937500000000004       1.1764127700381115  -1.4587356891236791e-14       17.362508177966323       101324.99999999933       299.99999999999858
     0.051562500000000004       1.1764127700381115  -3.4899655795709727e-14       17.362508177966362       101324.99999999933       299.99999999999858
     0.052187499999999998        1.176412770038112  -3.4847450405377989e-14       17.362508177966458       101324.99999999937       299.99999999999858
     0.052812499999999998       1.1764127700381128  -6.8128916829848378e-14       17.362508177966532       101324.99999999936       299.99999999999829
     0.053437499999999999       1.1764127700381126  -3.0187080811506947e-14       17.362508177966603       101324.99999999937       299.99999999999841
     0.054062499999999999        1.176412770038112  -9.6609230190600966e-14       17.362508177966625        101324.9999999994       299.99999999999869
                0.0546875        1.176412770038112  -1.6822557969798698e-13       17.362508177966632       101324.99999999945       299.99999999999881
     0.055312500000000001       1.1764127700381126  -4.7487345943645966e-14       17.362508177966777       101324.99999999946       299.99999999999864
     0.055937500000000001       1.1764127700381128  -2.3119104104598902e-14       17.362508177966824       101324.99999999948       299.99999999999864
     0.056562500000000002       1.1764127700381128  -3.9122820156259025e-14       17.362508177966848       101324.99999999951       299.99999999999875
     0.057187500000000002       1.1764127700381128  -8.4357889250324332e-15       17.362508177967012       101324.99999999953       299.99999999999881
     0.057812500000000003       1.1764127700381126  -1.9243276853471061e-14       17.362508177967072       101324.99999999956       299.99999999999898
     0.058437500000000003       1.1764127700381128   3.1611127345783745e-14       17.362508177967008       101324.99999999958       299.99999999999898
     0.059062500000000004       1.1764127700381128  -1.1204622866824099e-14       17.362508177966987       101324.99999999962       299.99999999999909
     0.059687500000000004       1.1764127700381128  -3.8727197376199185e-14       17.362508177967086       101324.99999999962       299.99999999999909
     0.060312499999999998       1.1764127700381126  -1.8317081465563867e-14       17.362508177967225       101324.99999999965        299.9999999999992
     0.060937499999999999       1.1764127700381126  -3.6258469408428536e-14       17.362508177967186       101324.99999999962       299.99999999999915
     0.061562499999999999       1.1764127700381122  -4.9844588531801138e-14       17.362508177967186       101324.99999999962       299.99999999999926
                0.0621875       1.1764127700381126  -7.3764550939021923e-14       17.362508177967282       101324.99999999962       299.99999999999915
     0.062812500000000007       1.1764127700381128  -3.0145810560017437e-14       17.362508177967328       101324.99999999962       299.99999999999909
     0.063437500000000008       1.1764127700381128  -3.9801601224766143e-14       17.362508177967314       101324.99999999962       299.99999999999909
     0.064062499999999994       1.1764127700381131  -2.9649921965685712e-14       17.362508177967261       101324.99999999964       299.99999999999909
     0.064687499999999995       1.1764127700381128  -1.9922923360148728e-14       17.362508177967388       101324.99999999972       299.99999999999937
     0.065312499999999996       1.1764127700381128   1.9074326714696367e-14       17.362508177967516       101324.99999999974       299.99999999999943
     0.065937499999999996       1.1764127700381133  -4.4295357426392743e-14       17.362508177967648       101324.99999999978       299.99999999999943
     0.066562499999999997        1.176412770038114  -8.1839412276682562e-14       17.362508177967676       101324.99999999975        299.9999999999992
     0.067187499999999997       1.1764127700381137   -2.006814345805258e-14       17.362508177967548       101324.99999999974        299.9999999999992
     0.067812499999999998       1.1764127700381135   3.8010144236367567e-14       17.362508177967523       101324.99999999974       299.99999999999926
     0.068437499999999998       1.1764127700381133   -3.044307085439962e-15       17.362508177967559       101324.99999999974       299.99999999999932
     0.069062499999999999       1.1764127700381133   1.2657803432928024e-14       17.362508177967662        101324.9999999998       299.99999999999949
     0.069687499999999999       1.1764127700381135   4.0070069415657217e-14       17.362508177967772       101324.99999999984        299.9999999999996
                0.0703125       1.1764127700381133  -1.0121552261941863e-14       17.362508177967747       101324.99999999985       299.99999999999966
     0.070937500000000001       1.1764127700381133  -6.1938315567311257e-15       17.362508177967765       101324.99999999981       299.99999999999955
     0.071562500000000001       1.1764127700381131   2.0617944676227972e-14       17.362508177967857       101324.99999999977       299.99999999999949
     0.072187500000000002       1.1764127700381131   1.4842226337173864e-14        17.36250817796784       101324.99999999978       299.99999999999949
     0.072812500000000002       1.1764127700381131   8.5745219476824308e-14       17.362508177967829       101324.99999999978       299.99999999999949
     0.073437500000000003       1.1764127700381126   7.2205315711113785e-14       17.362508177967836       101324.99999999975       299.99999999999955
     0.074062500000000003       1.1764127700381126    4.180534763849655e-14       17.362508177967854       101324.99999999974       299.99999999999949
     0.074687500000000004       1.1764127700381124   9.5826422965284959e-14       17.362508177967896       101324.99999999975        299.9999999999996
     0.075312500000000004       1.1764127700381131   9.9327661253073725e-14       17.362508177967925        101324.9999999998       299.99999999999955
     0.075937500000000005       1.1764127700381133    2.187124050948101e-14       17.362508177967928       101324.99999999984        299.9999999999996
     0.076562500000000006       1.1764127700381137   2.5917510685208408e-14       17.362508177967968       101324.99999999984       299.99999999999955
     0.077187500000000006       1.1764127700381133   1.2445039558970391e-14       17.362508177967943       101324.99999999984        299.9999999999996
     0.077812500000000007       1.1764127700381133  -2.7974174426429029e-14          17.362508177968       101324.99999999985       299.99999999999966
     0.078437500000000007        1.176412770038114  -2.9019692453734262e-14       17.362508177968081       101324.99999999988        299.9999999999996
     0.079062500000000008       1.1764127700381135   -1.904119613366686e-14       17.362508177968138       101324.99999999988       299.99999999999972
     0.079687500000000008       1.1764127700381133   -2.046679576258516e-14       17.362508177968156       101324.99999999985       299.99999999999966
     0.080312499999999995       1.1764127700381133   1.5799114637715888e-15       17.362508177968067       101324.99999999988       299.99999999999977
     0.080937499999999996       1.1764127700381133   2.6829938313880073e-16       17.362508177967854       101324.99999999985       299.99999999999966
     0.081562499999999996       1.1764127700381128  -3.7721226348823478e-14       17.362508177967758       101324.99999999985       299.99999999999977
     0.082187499999999997       1.1764127700381133  -6.2297075816755254e-14        17.36250817796768       101324.99999999985       299.99999999999966
     0.082812499999999997       1.1764127700381128   -3.787742461255844e-14       17.362508177967662       101324.99999999985       299.99999999999977
     0.083437499999999998       1.1764127700381126  -2.2051383838498036e-14       17.362508177967708       101324.99999999985       299.99999999999983
     0.084062499999999998       1.1764127700381133   -1.191486406757979e-14       17.362508177967811       101324.99999999983        299.9999999999996
     0.084687499999999999       1.1764127700381128   1.7619973144463359e-14       17.362508177967857       101324.99999999981       299.99999999999966
     0.085312499999999999       1.1764127700381133   9.5618211156350806e-14       17.362508177967804       101324.99999999978       299.99999999999943
                0.0859375       1.1764127700381137   7.4423241441922344e-14       17.362508177967822       101324.99999999977       299.99999999999932
     0.086562500000000001        1.176412770038114   3.5448554689318339e-14       17.362508177967833       101324.99999999977       299.99999999999926
     0.087187500000000001        1.176412770038114   5.7735586067511254e-15       17.362508177967825       101324.99999999974       299.99999999999915
     0.087812500000000002       1.1764127700381133  -1.2575248407828751e-14       17.362508177967875       101324.99999999974       299.99999999999932
     0.088437500000000002       1.1764127700381124   -4.198027000646353e-15       17.362508177967928       101324.99999999968       299.99999999999943
     0.089062500000000003       1.1764127700381126   1.6789425176709759e-14       17.362508177967985       101324.99999999974       299.99999999999949
     0.089687500000000003       1.1764127700381126   -4.755125441943748e-14       17.362508177967953       101324.99999999971       299.99999999999937
     0.090312500000000004       1.1764127700381133  -9.2701576502436699e-14       17.362508177967971       101324.99999999971       299.99999999999926
     0.090937500000000004       1.1764127700381133   -5.458243877861262e-14       17.362508177967968       101324.99999999971       299.99999999999926
     0.091562500000000005       1.1764127700381133  -4.0184256916803273e-14       17.362508177967946       101324.99999999971       299.99999999999926
     0.092187500000000006       1.1764127700381133  -9.1038195099455316e-14       17.362508177967975       101324.99999999971       299.99999999999926
     0.092812500000000006       1.1764127700381133  -2.7427924814909428e-14       17.362508177967882       101324.99999999972       299.99999999999926
     0.093437500000000007       1.1764127700381133  -4.6413059954378356e-14       17.362508177967875       101324.99999999974       299.99999999999932
     0.094062500000000007       1.1764127700381131  -6.2221480776460476e-14       17.362508177967857       101324.99999999971       299.99999999999932
     0.094687500000000008       1.1764127700381131  -9.9036595383853104e-14       17.362508177967868       101324.99999999971       299.99999999999932
     0.095312500000000008       1.1764127700381128  -8.9210682379894986e-14       17.362508177967911       101324.99999999971       299.99999999999932
     0.095937500000000009       1.1764127700381126  -6.2554705599682607e-14       17.362508177967847       101324.99999999968       299.99999999999932
     0.096562499999999996       1.1764127700381128   -5.104341837516917e-14        17.36250817796784       101324.99999999968       299.99999999999926
     0.097187499999999996       1.1764127700381128  -1.0175297540366007e-13       17.362508177967776       101324.99999999968       299.99999999999926
     0.097812499999999997       1.1764127700381128  -4.4708420173996778e-14       17.362508177967715       101324.99999999969       299.99999999999932
     0.098437499999999997       1.1764127700381135   9.0341303398723101e-15       17.362508177967793       101324.99999999971        299.9999999999992
     0.099062499999999998       1.1764127700381135   2.0761150526188121e-14       17.362508177967875       101324.99999999974       299.99999999999926
     0.099687499999999998       1.1764127700381131   2.5391898026673872e-14       17.362508177967921       101324.99999999978       299.99999999999949
                0.1003125       1.1764127700381133   4.8664627165321786e-14        17.36250817796784       101324.99999999984        299.9999999999996
                0.1009375       1.1764127700381133   8.6223140160178991e-16       17.362508177967822       101324.99999999984        299.9999999999996
                0.1015625       1.1764127700381131   7.0171636597954081e-14       17.362508177967822       101324.99999999981        299.9999999999996
                0.1021875       1.1764127700381131   6.7058378168208453e-14       17.362508177967754       101324.99999999978       299.99999999999949
                0.1028125       1.1764127700381133  -5.2671706907793608e-14       17.362508177967701       101324.99999999978       299.99999999999943
                0.1034375       1.1764127700381133  -3.6088256705249139e-14        17.36250817796769       101324.99999999981       299.99999999999955
                0.1040625       1.1764127700381131  -1.6923715132719125e-14       17.362508177967733       101324.99999999978       299.99999999999949
                0.1046875       1.1764127700381133   3.1631110456035102e-14       17.362508177967808       101324.99999999983        299.9999999999996
                0.1053125        1.176412770038114   5.3912276839991406e-14        17.36250817796779       101324.99999999984       299.99999999999949
                0.1059375       1.1764127700381142   2.5998861390432363e-14       17.362508177967872       101324.99999999984       299.99999999999943
                0.1065625       1.1764127700381133    5.418548750865471e-15       17.362508177967886       101324.99999999983        299.9999999999996
                0.1071875       1.1764127700381137   1.3625759518487628e-14       17.362508177967896       101324.99999999987        299.9999999999996
      0.10781250000000001       1.1764127700381133   5.3785538847673553e-15       17.362508177967911       101324.99999999987       299.99999999999972
      0.10843750000000001       1.1764127700381133  -2.8768741277500478e-14        17.36250817796795       101324.99999999985       299.99999999999966
      0.10906250000000001       1.1764127700381131   4.7501922402091637e-14       17.362508177967971       101324.99999999983       299.99999999999966
      0.10968750000000001       1.1764127700381131   3.9736563346713452e-14       17.362508177967982       101324.99999999981        299.9999999999996
      0.11031250000000001       1.1764127700381128   5.9448238240121639e-14       17.362508177968017       101324.99999999981       299.99999999999966
      0.11093750000000001       1.1764127700381131  -2.4002837164180031e-14       17.362508177967907       101324.99999999981        299.9999999999996
      0.11156250000000001       1.1764127700381133   3.4371793090275073e-14       17.362508177967868       101324.99999999984        299.9999999999996
                0.1121875       1.1764127700381131   7.1572954681518207e-14       17.362508177967801       101324.99999999984       299.99999999999966
                0.1128125       1.1764127700381135   4.9031097003534676e-14       17.362508177967747       101324.99999999987       299.99999999999966
                0.1134375       1.1764127700381133   2.8911186259703847e-15       17.362508177967776       101324.99999999984        299.9999999999996
                0.1140625       1.1764127700381137   7.3814636253830942e-14       17.362508177967783        101324.9999999998       299.99999999999937
                0.1146875       1.1764127700381142   4.0330812267699117e-14       17.362508177967729       101324.99999999977        299.9999999999992
                0.1153125       1.1764127700381137   6.2515152296890411e-14        17.36250817796774        101324.9999999998       299.99999999999937
                0.1159375       1.1764127700381133   1.2006481770958882e-13       17.362508177967744        101324.9999999998       299.99999999999949
                0.1165625        1.176412770038114     6.33251024815076e-14       17.362508177967751       101324.99999999983       299.99999999999943
                0.1171875        1.176412770038114   8.7860170270427159e-14       17.362508177967793       101324.99999999981       299.99999999999937
                0.1178125       1.1764127700381135   7.6860946017185171e-14       17.362508177967818        101324.9999999998       299.99999999999943
                0.1184375       1.1764127700381133    6.852662268482116e-14       17.362508177967857       101324.99999999981       299.99999999999955
                0.1190625       1.1764127700381133   2.1282733319450639e-14       17.362508177967864       101324.99999999981       299.99999999999955
                0.1196875       1.1764127700381137   3.3144915978570533e-14       17.362508177967882       101324.99999999983       299.99999999999949
                0.1203125        1.176412770038114   1.3601289409560966e-14       17.362508177967914       101324.99999999981       299.99999999999937
                0.1209375       1.1764127700381142   1.9730067169993784e-14       17.362508177967932       101324.99999999985       299.99999999999949
                0.1215625       1.1764127700381142  -7.1512830768930112e-14       17.362508177967925       101324.99999999985       299.99999999999949
                0.1221875        1.176412770038114  -8.2564911191613591e-14       17.362508177967836       101324.99999999983       299.99999999999943
                0.1228125       1.1764127700381137   4.1259850852509214e-14       17.362508177967786       101324.99999999984       299.99999999999955
      0.12343750000000001       1.1764127700381128    4.426477559070897e-14       17.362508177967825       101324.99999999985       299.99999999999977
      0.12406250000000001       1.1764127700381133  -1.7255954480330974e-14       17.362508177967769       101324.99999999985       299.99999999999966
      0.12468750000000001       1.1764127700381137  -1.7531225121490978e-14       17.362508177967676       101324.99999999987        299.9999999999996
      0.12531249999999999        1.176412770038114  -1.7641226745712004e-14       17.362508177967722       101324.99999999987       299.99999999999955
      0.12593750000000001       1.1764127700381142   1.5323329930463963e-14       17.362508177967747       101324.99999999985       299.99999999999949
      0.12656249999999999        1.176412770038114   1.8962848657691923e-14       17.362508177967797       101324.99999999987       299.99999999999955
      0.12718750000000001        1.176412770038114  -1.8616875832740903e-14       17.362508177967793       101324.99999999987       299.99999999999955
                0.1278125        1.176412770038114  -4.6084609221172674e-14       17.362508177967772       101324.99999999988        299.9999999999996
      0.12843750000000001       1.1764127700381133  -5.4931236941019613e-15       17.362508177967825       101324.99999999987       299.99999999999972
                0.1290625       1.1764127700381133  -6.5807695037592393e-15       17.362508177967808       101324.99999999987       299.99999999999972
      0.12968750000000001        1.176412770038114  -3.6217443185030798e-14       17.362508177967811       101324.99999999985       299.99999999999955
                0.1303125       1.1764127700381142   5.4013632967066336e-14       17.362508177967879       101324.99999999985       299.99999999999949
      0.13093750000000001        1.176412770038114   6.1343868504248491e-14       17.362508177967889       101324.99999999981       299.99999999999937
                0.1315625       1.1764127700381133   6.0253722642371186e-15       17.362508177967893       101324.99999999977       299.99999999999943
      0.13218750000000001       1.1764127700381133   1.4472870919697798e-14       17.362508177967904       101324.99999999977       299.99999999999943
                0.1328125       1.1764127700381133   7.3397778074516777e-14         17.3625081779679       101324.99999999974       299.99999999999932
      0.13343750000000001       1.1764127700381133   2.7034914570700095e-14       17.362508177967904       101324.99999999974       299.99999999999932
                0.1340625       1.1764127700381133  -1.6645207623793419e-14        17.36250817796796       101324.99999999977       299.99999999999943
      0.13468750000000002       1.1764127700381137   4.4859372802189225e-14       17.362508177967943       101324.99999999974        299.9999999999992
                0.1353125       1.1764127700381133   2.1500108398884951e-14       17.362508177967918       101324.99999999971       299.99999999999926
      0.13593750000000002       1.1764127700381137   3.1644053234989642e-14       17.362508177967904       101324.99999999969       299.99999999999909
                0.1365625       1.1764127700381137   2.8686863630511254e-15       17.362508177967875       101324.99999999971       299.99999999999915
      0.13718749999999999       1.1764127700381137   4.9397388403172054e-14       17.362508177967843       101324.99999999971       299.99999999999915
                0.1378125       1.1764127700381137    3.621942353051282e-14       17.362508177967861       101324.99999999972        299.9999999999992
      0.13843749999999999       1.1764127700381137  -5.6275931558555433e-14       17.362508177967893       101324.99999999971       299.99999999999915
      0.13906250000000001        1.176412770038114   -6.701284512935434e-14       17.362508177967872       101324.99999999971       299.99999999999909
      0.13968749999999999       1.1764127700381135  -3.1772159551138046e-14       17.362508177967872       101324.99999999971        299.9999999999992
      0.14031250000000001        1.176412770038114  -6.5054539879950606e-14       17.362508177967793       101324.99999999971       299.99999999999909
      0.14093749999999999        1.176412770038114  -5.7921489774300137e-15       17.362508177967804       101324.99999999971       299.99999999999909
      0.14156250000000001       1.1764127700381142  -1.6781623741154659e-14       17.362508177967811       101324.99999999969       299.99999999999898
      0.14218749999999999       1.1764127700381137  -1.9952771453212842e-14       17.362508177967822       101324.99999999974        299.9999999999992
      0.14281250000000001       1.1764127700381133  -8.0323167395430106e-14       17.362508177967886       101324.99999999971       299.99999999999926
                0.1434375       1.1764127700381133  -2.4472283118043484e-14       17.362508177967861       101324.99999999968       299.99999999999915
      0.14406250000000001       1.1764127700381133   3.5332503768492059e-14       17.362508177967847       101324.99999999964       299.99999999999903
                0.1446875       1.1764127700381137     4.53584294226686e-14       17.362508177967864       101324.99999999962       299.99999999999886
      0.14531250000000001       1.1764127700381133   2.7279377244916317e-14       17.362508177967904       101324.99999999967       299.99999999999909
                0.1459375       1.1764127700381128  -2.5795674579696175e-15       17.362508177967914       101324.99999999968       299.99999999999926
      0.14656250000000001       1.1764127700381126   7.9194728661632767e-15       17.362508177967904       101324.99999999968       299.99999999999932
                0.1471875       1.1764127700381133   8.5773951376991753e-14       17.362508177967868       101324.99999999968       299.99999999999915
      0.14781250000000001       1.1764127700381135   1.2384617715042872e-14       17.362508177967907       101324.99999999968       299.99999999999909
                0.1484375       1.1764127700381133   3.0349188449980261e-15       17.362508177967989       101324.99999999971       299.99999999999926
      0.14906250000000001       1.1764127700381133  -3.7736934228497015e-14       17.362508177968014       101324.99999999971       299.99999999999926
                0.1496875       1.1764127700381133   -2.939810313771988e-14       17.362508177967985       101324.99999999971       299.99999999999926
      0.15031250000000002       1.1764127700381133  -2.2031600784176293e-14       17.362508177967896       101324.99999999971       299.99999999999926
                0.1509375       1.1764127700381135   1.5820491212823066e-14        17.36250817796784       101324.99999999974       299.99999999999926
      0.15156250000000002       1.1764127700381133  -4.3964682097847384e-14       17.362508177967854       101324.99999999971       299.99999999999926
                0.1521875       1.1764127700381128  -7.0688524922128827e-15       17.362508177967872       101324.99999999971       299.99999999999932
      0.15281249999999999       1.1764127700381126   2.4817638268018207e-14       17.362508177967811       101324.99999999974       299.99999999999949
                0.1534375       1.1764127700381126    6.135638093225388e-14        17.36250817796779       101324.99999999974       299.99999999999949
      0.15406249999999999       1.1764127700381131   7.5324459779066736e-14       17.362508177967733       101324.99999999974       299.99999999999937
      0.15468750000000001       1.1764127700381133   4.0415579263722203e-14       17.362508177967698       101324.99999999974       299.99999999999932
      0.15531249999999999       1.1764127700381133  -2.4414240486178684e-14       17.362508177967676       101324.99999999975       299.99999999999937
      0.15593750000000001       1.1764127700381137   1.5225627663633591e-14       17.362508177967662       101324.99999999978       299.99999999999937
      0.15656249999999999        1.176412770038114   5.9546367659443617e-14       17.362508177967644        101324.9999999998       299.99999999999937
      0.15718750000000001       1.1764127700381137   1.9626216488269964e-14       17.362508177967751       101324.99999999983       299.99999999999949
      0.15781249999999999       1.1764127700381133  -3.2508806012772414e-14       17.362508177967907       101324.99999999988       299.99999999999977
      0.15843750000000001       1.1764127700381133  -2.4115323963542486e-14       17.362508177967857       101324.99999999988       299.99999999999977
                0.1590625       1.1764127700381133  -9.0478962734911106e-14       17.362508177967904       101324.99999999988       299.99999999999977
      0.15968750000000001       1.1764127700381133   -3.179044255021984e-14       17.362508177967939       101324.99999999988       299.99999999999977
                0.1603125       1.1764127700381133  -2.1965455846144173e-14       17.362508177967904       101324.99999999988       299.99999999999977
      0.16093750000000001       1.1764127700381133  -5.3718559941580746e-14       17.362508177967889       101324.99999999988       299.99999999999977
                0.1615625       1.1764127700381128  -7.9770671363339686e-14       17.362508177967936        101324.9999999999       299.99999999999989
      0.16218750000000001       1.1764127700381133  -2.0702817563798552e-14       17.362508177967907       101324.99999999988       299.99999999999977
                0.1628125       1.1764127700381133  -2.7849796824966237e-14       17.362508177967868       101324.99999999988       299.99999999999977
      0.16343750000000001        1.176412770038114  -4.3643382351817172e-14       17.362508177967872       101324.99999999988        299.9999999999996
                0.1640625       1.1764127700381142  -8.3214285387379069e-14        17.36250817796784       101324.99999999988       299.99999999999955
      0.16468750000000001       1.1764127700381142  -3.9362401808374837e-14       17.362508177967861       101324.99999999988       299.99999999999955
                0.1653125       1.1764127700381142  -6.5118440884651977e-14       17.362508177967829       101324.99999999988       299.99999999999955
      0.16593750000000002       1.1764127700381142  -2.7120401759436784e-14       17.362508177967886       101324.99999999988       299.99999999999955
                0.1665625       1.1764127700381133   2.4622150760415466e-15       17.362508177967857       101324.99999999987       299.99999999999972
      0.16718750000000002       1.1764127700381133   2.4316383714560424e-14       17.362508177967833       101324.99999999991       299.99999999999983
                0.1678125       1.1764127700381133  -2.3407716082382533e-14       17.362508177967904       101324.99999999988       299.99999999999977
      0.16843749999999999       1.1764127700381133  -2.6907981035705072e-14       17.362508177967857       101324.99999999988       299.99999999999977
                0.1690625       1.1764127700381133  -2.9475607330832821e-14       17.362508177967797       101324.99999999987       299.99999999999972
      0.16968749999999999       1.1764127700381137  -4.1554441047784927e-14       17.362508177967776       101324.99999999988       299.99999999999966
      0.17031250000000001       1.1764127700381142  -6.4019745550925982e-14       17.362508177967758       101324.99999999988       299.99999999999955
      0.17093749999999999        1.176412770038114   -1.020990064026642e-13       17.362508177967772       101324.99999999988        299.9999999999996
      0.17156250000000001       1.1764127700381133  -3.9282117580680804e-14       17.362508177967833       101324.99999999988       299.99999999999977
      0.17218749999999999       1.1764127700381133  -7.3917337089789684e-14       17.362508177967825       101324.99999999991       299.99999999999983
      0.17281250000000001       1.1764127700381133  -7.3860421039047448e-14       17.362508177967868       101324.99999999991       299.99999999999983
      0.17343749999999999       1.1764127700381133   -2.045635762949588e-14       17.362508177967928       101324.99999999988       299.99999999999977
      0.17406250000000001       1.1764127700381133  -4.8537773564905311e-14       17.362508177967936       101324.99999999988       299.99999999999977
                0.1746875       1.1764127700381133  -6.0893064097003724e-14       17.362508177967928        101324.9999999999       299.99999999999977
      0.17531250000000001       1.1764127700381133  -1.2089371365839008e-14       17.362508177967918       101324.99999999988       299.99999999999977
                0.1759375       1.1764127700381133  -2.3726315359983422e-14       17.362508177967896       101324.99999999987       299.99999999999972
      0.17656250000000001       1.1764127700381133   2.4446010624486783e-14       17.362508177967872       101324.99999999984        299.9999999999996
                0.1771875       1.1764127700381133  -5.5310361419721696e-15       17.362508177967847       101324.99999999984        299.9999999999996
      0.17781250000000001       1.1764127700381133  -1.9518634248633478e-14       17.362508177967893       101324.99999999985       299.99999999999966
                0.1784375       1.1764127700381133  -2.8230970142664733e-14       17.362508177967907       101324.99999999985       299.99999999999966
      0.17906250000000001       1.1764127700381133  -3.0321279577176797e-14       17.362508177967928       101324.99999999985       299.99999999999966
                0.1796875       1.1764127700381133  -1.0222811521033909e-14       17.362508177967886       101324.99999999985       299.99999999999966
      0.18031250000000001       1.1764127700381135   2.0856522107372641e-14       17.362508177967868       101324.99999999984        299.9999999999996
                0.1809375       1.1764127700381133   2.9295046230743545e-14       17.362508177967889       101324.99999999985       299.99999999999966
      0.18156250000000002       1.1764127700381133   2.7196216021046285e-14       17.362508177967928       101324.99999999987       299.99999999999972
                0.1821875       1.1764127700381137   5.6928139297702865e-15       17.362508177967921       101324.99999999987        299.9999999999996
      0.18281250000000002       1.1764127700381133    3.511030136467858e-14       17.362508177967879       101324.99999999987       299.99999999999972
                0.1834375       1.1764127700381133   3.1061373504416843e-14       17.362508177967843       101324.99999999987       299.99999999999972
      0.18406249999999999       1.1764127700381131   7.7171806440691579e-15       17.362508177967893        101324.9999999999       299.99999999999983
                0.1846875       1.1764127700381128   1.4699878344398723e-14       17.362508177967928       101324.99999999988       299.99999999999983
      0.18531249999999999       1.1764127700381133  -2.2928410890635532e-14        17.36250817796795       101324.99999999991       299.99999999999983
      0.18593750000000001       1.1764127700381133   5.6283983008308118e-15       17.362508177967989       101324.99999999987       299.99999999999972
      0.18656249999999999       1.1764127700381133   1.1260321857624677e-15       17.362508177967982       101324.99999999985       299.99999999999966
      0.18718750000000001       1.1764127700381137  -2.0521947235279797e-14        17.36250817796796       101324.99999999987        299.9999999999996
      0.18781249999999999       1.1764127700381142   4.3847448130559026e-14       17.362508177967921       101324.99999999984       299.99999999999943
      0.18843750000000001       1.1764127700381142   -2.507865995479692e-14       17.362508177967904       101324.99999999987       299.99999999999949
      0.18906249999999999       1.1764127700381142  -8.9799540601064982e-15       17.362508177967861       101324.99999999988       299.99999999999955
      0.18968750000000001       1.1764127700381142   -5.936683561235955e-14       17.362508177967804       101324.99999999988       299.99999999999955
                0.1903125        1.176412770038114   -9.539101574733553e-14       17.362508177967843       101324.99999999988        299.9999999999996
      0.19093750000000001       1.1764127700381133  -1.2840363115223529e-14       17.362508177967815       101324.99999999988       299.99999999999977
                0.1915625       1.1764127700381133   5.5730025136072866e-14       17.362508177967804       101324.99999999985       299.99999999999966
      0.19218750000000001       1.1764127700381133   6.0708561381246796e-14       17.362508177967833       101324.99999999981       299.99999999999955
                0.1928125       1.1764127700381133   4.8385923669132644e-14       17.362508177967847        101324.9999999998       299.99999999999949
      0.19343750000000001       1.1764127700381131   5.5425752864641861e-14       17.362508177967904        101324.9999999998       299.99999999999955
                0.1940625       1.1764127700381133   3.1799952241502203e-14       17.362508177967904       101324.99999999984        299.9999999999996
      0.19468750000000001       1.1764127700381133  -5.7591420948329518e-16       17.362508177967925       101324.99999999988       299.99999999999977
                0.1953125       1.1764127700381133  -1.2975247976938373e-14       17.362508177967928       101324.99999999988       299.99999999999977
      0.19593750000000001       1.1764127700381133   6.7210211406158825e-14       17.362508177967886       101324.99999999988       299.99999999999977
                0.1965625       1.1764127700381133   7.8625170624480787e-18       17.362508177967854       101324.99999999988       299.99999999999977
      0.19718750000000002       1.1764127700381133  -1.4844036371615543e-14       17.362508177967875       101324.99999999987       299.99999999999972
                0.1978125       1.1764127700381133  -2.5127204840510567e-14       17.362508177967804       101324.99999999988       299.99999999999977
      0.19843750000000002       1.1764127700381128  -3.7727088146927124e-14       17.362508177967825       101324.99999999988       299.99999999999983
                0.1990625       1.1764127700381128  -5.0329700444810419e-14       17.362508177967843       101324.99999999988       299.99999999999983
      0.19968750000000002       1.1764127700381133   -8.254563293409164e-14       17.362508177967843       101324.99999999991       299.99999999999983
                0.2003125       1.1764127700381133  -9.0400339064968774e-14       17.362508177967868       101324.99999999991       299.99999999999983
      0.20093749999999999       1.1764127700381133  -6.8170068229637233e-15       17.362508177967864       101324.99999999991       299.99999999999983
      0.20156250000000001       1.1764127700381133   2.3654675445604768e-14       17.362508177967886       101324.99999999991       299.99999999999983
      0.20218749999999999        1.176412770038114  -5.7845852681927682e-15       17.362508177967872       101324.99999999991       299.99999999999972
      0.20281250000000001       1.1764127700381142  -6.1166234160279202e-15       17.362508177967857       101324.99999999987       299.99999999999949
      0.20343749999999999       1.1764127700381133  -2.0134615146018905e-14       17.362508177967875       101324.99999999988       299.99999999999977
      0.20406250000000001       1.1764127700381126   4.3195249204877677e-14       17.362508177967964       101324.99999999984       299.99999999999977
      0.20468749999999999       1.1764127700381133   5.3547313509937234e-14       17.362508177967982        101324.9999999998       299.99999999999949
      0.20531250000000001       1.1764127700381133   7.4021174161513956e-14       17.362508177967985       101324.99999999977       299.99999999999943
                0.2059375       1.1764127700381128   6.6125580984535725e-14       17.362508177967971       101324.99999999974       299.99999999999943
      0.20656250000000001       1.1764127700381133   2.5288655302898569e-14        17.36250817796796       101324.99999999974       299.99999999999932
                0.2071875       1.1764127700381133   2.7609341325256922e-14       17.362508177967989       101324.99999999971       299.99999999999926
      0.20781250000000001       1.1764127700381133   -4.207835161584167e-15       17.362508177967992       101324.99999999974       299.99999999999932
                0.2084375       1.1764127700381128   2.4792087301825747e-14       17.362508177968067       101324.99999999974       299.99999999999943
      0.20906250000000001       1.1764127700381128  -3.5763281617549795e-15       17.362508177968035       101324.99999999971       299.99999999999932
                0.2096875       1.1764127700381128  -1.5360646754003973e-14       17.362508177967886       101324.99999999971       299.99999999999932
      0.21031250000000001       1.1764127700381135  -3.0162929360326393e-15       17.362508177967893       101324.99999999971        299.9999999999992
                0.2109375       1.1764127700381135   -7.087746924709637e-14       17.362508177968017       101324.99999999971        299.9999999999992
      0.21156250000000001       1.1764127700381133  -5.2796226151213949e-14        17.36250817796795       101324.99999999968       299.99999999999915
                0.2121875       1.1764127700381133  -3.8581465781273748e-14       17.362508177967868       101324.99999999968       299.99999999999915
      0.21281250000000002       1.1764127700381133  -3.5283501222013078e-14        17.36250817796784       101324.99999999971       299.99999999999926
                0.2134375       1.1764127700381137  -3.1805815565941222e-14       17.362508177967975       101324.99999999972        299.9999999999992
      0.21406250000000002        1.176412770038114  -2.1596074527852663e-14       17.362508177968017       101324.99999999971       299.99999999999909
                0.2146875       1.1764127700381135   1.8310962338936423e-14       17.362508177967939       101324.99999999971        299.9999999999992
      0.21531250000000002       1.1764127700381133  -1.6811005257554199e-14       17.362508177967857       101324.99999999968       299.99999999999915
                0.2159375       1.1764127700381133  -1.5500089320806054e-15       17.362508177967857       101324.99999999968       299.99999999999915
      0.21656249999999999       1.1764127700381133    3.026390452262587e-15       17.362508177967936       101324.99999999971       299.99999999999926
      0.21718750000000001       1.1764127700381137   -2.769402780915742e-15       17.362508177967911       101324.99999999969       299.99999999999909
      0.21781249999999999       1.1764127700381135   2.9669773439046044e-14       17.362508177967875       101324.99999999974       299.99999999999926
      0.21843750000000001       1.1764127700381133   5.9750295620610282e-15       17.362508177967918       101324.99999999971       299.99999999999926
      0.21906249999999999       1.1764127700381133    6.527834683933602e-14       17.362508177967875       101324.99999999971       299.99999999999926
      0.21968750000000001       1.1764127700381133   3.0892871092292828e-14       17.362508177967921       101324.99999999972       299.99999999999926
      0.22031249999999999       1.1764127700381135   9.1692350338108957e-14       17.362508177967914       101324.99999999974       299.99999999999926
      0.22093750000000001       1.1764127700381137   2.2649363069875416e-14       17.362508177967861       101324.99999999975       299.99999999999926
                0.2215625       1.1764127700381137  -2.6922529160029654e-15       17.362508177967864       101324.99999999974        299.9999999999992
      0.22218750000000001       1.1764127700381133  -1.9956520592565206e-14       17.362508177967925       101324.99999999974       299.99999999999932
                0.2228125       1.1764127700381133  -1.2873193803982565e-14       17.362508177967904       101324.99999999971       299.99999999999926
      0.22343750000000001       1.1764127700381133  -1.7248813921680193e-14       17.362508177967754       101324.99999999971       299.99999999999926
                0.2240625       1.1764127700381133   1.5868663038687569e-14       17.362508177967698       101324.99999999971       299.99999999999926
      0.22468750000000001       1.1764127700381128  -3.2665211131543255e-14       17.362508177967712       101324.99999999968       299.99999999999926
                0.2253125       1.1764127700381128  -1.3624031143736343e-14       17.362508177967712       101324.99999999967        299.9999999999992
      0.22593750000000001       1.1764127700381126   4.7573894901501861e-14       17.362508177967804       101324.99999999968       299.99999999999932
                0.2265625       1.1764127700381133   8.1690595053096817e-14       17.362508177967907       101324.99999999977       299.99999999999943
      0.22718750000000001       1.1764127700381133   4.9298506674140947e-14       17.362508177967936       101324.99999999977       299.99999999999943
                0.2278125       1.1764127700381137   -2.349149198945805e-14       17.362508177967943       101324.99999999978       299.99999999999937
      0.22843750000000002       1.1764127700381133  -1.2220005549740434e-14       17.362508177967928       101324.99999999974       299.99999999999932
                0.2290625       1.1764127700381133  -2.1583209109682199e-14       17.362508177967957       101324.99999999974       299.99999999999932
      0.22968750000000002       1.1764127700381133  -1.5627879725992044e-14       17.362508177967918       101324.99999999974       299.99999999999932
                0.2303125       1.1764127700381131   7.0646724015196557e-14         17.3625081779679       101324.99999999972       299.99999999999932
      0.23093750000000002       1.1764127700381133   3.9479840464525417e-14       17.362508177967928       101324.99999999971       299.99999999999926
                0.2315625       1.1764127700381131     5.85900644263999e-14       17.362508177967932       101324.99999999978       299.99999999999949
      0.23218749999999999       1.1764127700381133   6.6088671357610697e-14       17.362508177967985       101324.99999999983        299.9999999999996
      0.23281250000000001        1.176412770038114   4.8723541125437337e-15       17.362508177968071       101324.99999999985       299.99999999999955
      0.23343749999999999       1.1764127700381133   -3.136390220449208e-14       17.362508177968078       101324.99999999985       299.99999999999966
      0.23406250000000001       1.1764127700381133  -5.9219994462944247e-14       17.362508177968124       101324.99999999987       299.99999999999972
      0.23468749999999999       1.1764127700381142  -3.3569446077219639e-14       17.362508177968035       101324.99999999988       299.99999999999955
      0.23531250000000001       1.1764127700381142   5.2818052002038561e-14       17.362508177967968       101324.99999999991       299.99999999999966
      0.23593749999999999       1.1764127700381142   2.4731219635078326e-14       17.362508177967957       101324.99999999991       299.99999999999966
      0.23656250000000001        1.176412770038114  -5.1814779236775373e-15       17.362508177967847       101324.99999999988        299.9999999999996
                0.2371875       1.1764127700381133   5.2560933011865998e-15       17.362508177967889       101324.99999999988       299.99999999999977
      0.23781250000000001       1.1764127700381133  -3.1751898591942413e-14       17.362508177967928       101324.99999999991       299.99999999999983
                0.2384375       1.1764127700381133  -6.5362956879149327e-14       17.362508177968007       101324.99999999991       299.99999999999983
      0.23906250000000001       1.1764127700381133   -6.608839005480421e-14       17.362508177967989       101324.99999999991       299.99999999999983
                0.2396875       1.1764127700381133  -8.5311987993604244e-14       17.362508177968028       101324.99999999991       299.99999999999983
