# 1-d slice in y-direction, file: /shared/solver_ab/run_old/plot/plt00200
# time = 4.8696041760679498e-05
#                       y                  Density               x_velocity               y_velocity                 pressure              temperature
   3.9062500000000001e-05       2.0545431015299593   0.00052113154762537721       343.82359434823667       177660.07961240268        301.1889040838837
             0.0001171875       2.1048216477151223    0.0030158502268370583       335.36561401218097       183785.48937764033       304.13071978019087
   0.00019531250000000001       2.1400096190123739    0.0068168234063976253       329.55154481898205       188102.55990254853       306.15640736694917
   0.00027343750000000003        2.139695401695354     0.010690401861011183       329.58723013130827       188063.23662931938       306.13735477065546
   0.00035156249999999999       2.1190844022332813     0.014962783571674706       332.95179390115379       185532.79634445623       304.95573698295556
             0.0004296875       2.0959455613832692      0.02045617795023497       336.75435561202147       182703.69486614148       303.62092872008719
   0.00050781250000000002       2.0772836569411699     0.027935274152802916       339.82809678624011       180430.20093895882       302.53651577029308
   0.00058593749999999998       2.0625476793739521     0.037775230997804617       342.24454089746098       178640.76876580247       301.67613452082566
   0.00066406250000000005        2.048622929243118     0.049834901628663636       344.51652680678598       176954.75133632685       300.86008328430012
   0.00074218750000000001        2.033588008117643      0.06361084467952266       346.96649327491855       175139.63855820333       299.97554382911284
   0.00082031249999999997       2.0172593364798908     0.078420522925778974       349.62732112754475       173174.41973157745       299.01045880136292
   0.00089843750000000004       2.0002114110874945     0.093513487674521972       352.40306678717667        171129.3530744467       297.99774689233243
             0.0009765625       1.9829309187989048      0.10815621327812552       355.21176361410687       169063.46131780045       296.96587343423101
    0.0010546875000000001       1.9655988745080901      0.12174213299362839       358.02393749323915        166998.6390089349       295.92551320267336
    0.0011328124999999999       1.9482206929013979      0.13390212098753126       360.84118360588246       164935.64680524074       294.87689748262562
             0.0012109375        1.930777700415008        0.144564397060645       363.66982700292783       162872.37543258429        293.8187647843634
    0.0012890625000000001       1.9132841086946397      0.15394363590255289       366.51033623924627       160810.61422450829       292.75183020331417
    0.0013671875000000001       1.8957762582780755      0.16247622043874044       369.35859569793723       158754.72512652737       291.67818759601784
             0.0014453125       1.8782862141650372      0.17073191353911829       372.21024456621939       156708.50992000231       290.59971402550303
    0.0015234375000000001       1.8608257885015544      0.17932584249819314       375.06347085111992       154673.35935942476       289.51706964972431
    0.0016015625000000001       1.8433834791549388        0.188844328927712       377.91969766902918       152647.94256413614       288.42947314239984
             0.0016796875       1.8259287947763223      0.19979046929411345       380.78304238475982        150628.7565303795       287.33493099865694
             0.0017578125       1.8084192649332433      0.21254949762359387       383.65932371751944       148610.97250017335       286.23064139884622
    0.0018359375000000001       1.7908077100474762      0.22737245911544743       386.55500752094849       146589.29665403601       285.11343210357973
             0.0019140625       1.7730486268325965      0.24437487672739791       389.47626954219265       144558.71599321152       283.98016552435422
             0.0019921875       1.7551031011172056      0.26354658539424852       392.42827400949625       142515.06169587426       282.82806615605529
    0.0020703125000000001       1.7369420299068505      0.28476929468326434        395.4147153133934       140455.36248382708       281.65494022978015
    0.0021484375000000002       1.7185477305562507       0.3078391782593623       398.43761694614801       138377.99826641197       280.45928193386845
    0.0022265625000000002       1.6999141760838044      0.33249244913194226       401.49734205331981       136282.69054801352       279.24028709325762
    0.0023046874999999999       1.6810461438437694      0.35843219672148213       404.59275415679514       134170.37547121296       277.99780882982964
    0.0023828124999999999       1.6619575863314855      0.38535474191177232       407.72146989439096       132043.00246650152       276.73228378436187
             0.0024609375       1.6426695618876572      0.41297361936208565       410.88015717068998       129903.29377300166       275.44463994569514
    0.0025390625000000001       1.6232080559112025      0.44103931376379357       414.06484411346065       127754.49241198138       274.13618448563852
    0.0026171875000000002       1.6036019384162077       0.4693532427196308       417.27121374377418       125600.11995808917       272.80847262661194
    0.0026953125000000002       1.5838811723664228      0.49777517512427527       420.49486632252939       123443.76029513206       271.46317150906958
    0.0027734374999999999       1.5640752892029659      0.52622411407038661       423.73153687429505       121288.88079774084       270.10194178638352
    0.0028515624999999999       1.5442121349014404      0.55467342336029135       426.97726028554644       119138.69770441022       268.72635416496877
             0.0029296875       1.5243169340285978      0.58314148130932286       430.22848112124632       116996.08787149703       267.33784205615888
    0.0030078125000000001       1.5044117439162916      0.61167938383441878        433.4821099217217       114863.54490276186        265.9376781802244
    0.0030859375000000001       1.4845153276568548       0.6403572623575069       436.73553183801698       112743.17421323429        264.5269620675748
    0.0031640625000000002       1.4646433849579519      0.66925070324065083       439.98657648041006       110636.71922582635       263.10661482233917
    0.0032421875000000003       1.4448090084108736      0.69842857312404338       443.23345942489385       108545.60973372257       261.67738684425137
    0.0033203124999999999       1.4250232257732209      0.72794325475027977       446.47470599356274       106471.02338035866       260.23988487410656
             0.0033984375       1.4052955388305421      0.75782389266325556       449.70906709586296        104413.9519528258       258.79461692909786
    0.0034765625000000001        1.385634430692849      0.78807280537045399       452.93543557234648       102375.26547199419       257.34204458778692
    0.0035546875000000001       1.3660478444520934      0.81866483567305537       456.15276993613827       100355.76866986518       255.88262885183309
    0.0036328125000000002       1.3465436284776131       0.8495491539691975       459.36003074274902        98356.24620536514       254.41686019257449
    0.0037109375000000003       1.3271299185980474      0.88065291273091673       462.55613300428666       96377.494736001594       252.94527163512754
    0.0037890624999999999       1.3078154125724593      0.91188613825205245        465.7399161188896       94420.341582964029         251.468440501701
             0.0038671875        1.288609501100529      0.94314728898209099       468.91013086398692       92485.651062149554       249.98698659964646
             0.0039453125        1.269522247453809      0.97432897227260284       472.06544134566474       90574.320507083918       248.50157241359835
    0.0040234375000000001       1.2505642401348587        1.005323381238896       475.20443863552998       88687.268550105931        247.0129065698097
    0.0041015625000000002       1.2317463660414094       1.0360270936664511       478.32566226764317       86825.418382561867       245.52174805016324
    0.0041796875000000002       1.2130795583778509       1.0663449691987834       481.42762580693784       84989.678555007864       244.02890695314559
    0.0042578125000000003       1.1945745645033643       1.0961929893496516       484.50884320453019       83180.923503893602       242.53523836471075
    0.0043359375000000004       1.1762417599783217       1.1254999986819723       487.56785344838403       81399.975506304487        241.0416283956651
    0.0044140625000000005       1.1580910144512278       1.1542084101364107       490.60324189632854       79647.589252000835       239.54897435910692
    0.0044921875000000005       1.1401316000015052        1.182274018479039       493.61365747915096       77924.439743696581       238.05816309426871
    0.0045703124999999997       1.1223721267611027       1.2096651157711793       496.59782555024992       76231.113816121302       236.57005180842586
    0.0046484374999999998       1.1048204934594406       1.2363611232542786        499.5545565383664       74568.105229804263       235.08545456688825
    0.0047265624999999999       1.0874838477630457       1.2623509512580675       502.48275074233254       72935.813043827831       233.60513546281342
    0.0048046874999999999       1.0703685581829316        1.287631277113668       505.38139971013328       71334.542817819485       232.12980755024833
             0.0048828125        1.053480202511232       1.3122048919246228        508.2495846887096       69764.510110067102       230.66013551506774
    0.0049609375000000001       1.0368235766182536       1.3360792123382943       511.08647261825479       68225.845694447766        229.1967399186274
    0.0050390625000000001       1.0204027241052802        1.359264995157774       513.89131023486436       66718.601941073517       227.74020140553947
    0.0051171875000000002        1.004220982721048       1.3817752439607571        516.6634166757641       65242.759767759009       226.29106395036837
    0.0051953125000000003      0.98828104234926362       1.4036242796149374       519.40217548747512       63798.235764484758       224.84983698083875
    0.0052734375000000003      0.97258500626930422       1.4248269486365146       522.10702631553227       62384.888980580305       223.41699644256144
    0.0053515625000000004      0.95713445248002116       1.4453979729488358       524.77745790159031       61002.527381837332       221.99298548450383
    0.0054296875000000005      0.94193048670485602       1.4653514464122011       527.41300184211946       59650.913510223931       220.57821495333195
    0.0055078124999999997      0.92697378993992385        1.484700499160241       530.01322927982744       58329.769794687811       219.17306458986582
    0.0055859374999999998       0.9122646521127542       1.5034571177513028       532.57774840236607       57038.782862837201       217.77788447352506
    0.0056640624999999998      0.89780299882637671       1.5216320855773242       535.10620477876603       55777.607405792201       216.39299704374307
    0.0057421874999999999      0.88358841077146377       1.5392350470555329       537.59828316308312       54545.869448636033       215.01869919710558
             0.0058203125      0.86962013134771954       1.5562745192475305       540.05370629610979       53343.168446918869        213.6552631483724
             0.0058984375      0.85589710715383482       1.5727581322340387       542.47224271074572       52169.081948789775       212.30293991287439
    0.0059765625000000001      0.84241796254842949       1.5886924718612203       544.85369140386774       51023.164319966629       210.96195565124884
    0.0060546875000000002      0.82918109908810556       1.6040837109132455       547.19791732106899       49904.955757782591       209.63251922930513
    0.0061328125000000002      0.81618454150318731       1.6189370920620307       549.50480292115469       48813.970009320656       208.31480546024241
    0.0062109375000000003       0.8034262439791896       1.6332580758347914       551.77433266821743       47749.720273358733       207.00898231954071
    0.0062890625000000004      0.79090380592071297       1.6470510502170497       554.00641019855925       46711.696589749459       205.71518394723435
    0.0063671875000000005      0.77861510640060216       1.6603201331268984       556.20105524853591       45699.417308541815       204.43356852356382
    0.0064453125000000005      0.76655737798361034       1.6730697896103177       558.35818853780006       44712.355361842252       203.16423290570629
    0.0065234374999999997      0.75472825826076917       1.6853024252039845        560.4778694933741       43750.021910571624       201.90730701767191
    0.0066015624999999998      0.74312653977151155       1.6970269401695621       562.55954320341959       42812.030645010811       200.66305886629098
    0.0066796874999999999      0.73175226525775627       1.7082374953558892        564.6017212502685        41898.09658225537       199.43188330765585
    0.0067578124999999999      0.72060501491726914       1.7189637424548432       566.60475155219319       41007.894431161745       198.21410831238157
             0.0068359375      0.70967455016141057       1.7292067424616095       568.56833417711721       40140.347690916853        197.0090928635274
    0.0069140625000000001      0.69897497706187628       1.7389809995392758       570.49192936970974       39296.278493140577       195.81870175345711
    0.0069921875000000001      0.68851136792978962       1.7482475871512804       572.36031111813156       38475.823844931787       194.64407351797868
    0.0070703125000000002      0.67827964250844885       1.7569793449398241       574.19449636646664       37678.331333669637       193.48497724735856
    0.0071484375000000003      0.66818027778044109       1.7656173508018538       575.99921137304489       36895.802686337294       192.33028839421229
    0.0072265625000000003       0.6584228446554895       1.7732385885991575       577.74054141138515       36144.639571030893       191.20682060615778
    0.0073046875000000004      0.64905642460746782       1.7799925134170138       579.31453807296555       35426.884480148699       190.11434190927901
    0.0073828125000000005      0.63952727635979056       1.7883791860364557       581.06802648412713       34701.591374503259       188.99690476873553
    0.0074609375000000006       0.6296302314589447       1.7960945922829012       582.93578639754014       33954.345933880868       187.83398359490943
    0.0075390624999999998      0.62448612737548403       1.7882852624527044       582.84644827699515       33554.257563881001       187.14973268765428
    0.0076171874999999998      0.66398136855600942       1.6183968831229378       565.44333564613919       36191.963526959553       189.85438174251166
    0.0076953124999999999      0.93389057435631972        0.624256857649235       453.43219582987132       61238.639110378965       228.39884913742529
             0.0077734375       1.2467879055171209      0.18175116487001014       358.44735132334199       93257.120785393912       260.52763354578451
    0.0078515625000000009       1.3377429726881698       0.2460316206216018       336.69715395472593        102430.2253580534       266.69803902281211
     0.007929687500000001       1.3558207765240284        0.261912104730816       333.30403545821355       103919.47836152633       266.96790031149823
    0.0080078124999999993        1.373048706134848      0.21876020306905819       330.22445710940389       105326.06878257822       267.18637266367131
    0.0080859374999999994       1.3913143430662023      0.17348987786655121       327.14861927567785       106793.41017361598       267.35207859395257
    0.0081640624999999994       1.4097035282768804      0.17561848687789247       324.11404735651689       108237.58688150704       267.43280961686929
    0.0082421874999999995       1.4280654944848008      0.25826927264220123       320.84032701749271       109707.95088258891       267.58043177868012
    0.0083203124999999996        1.445399595638827      0.37633834836516378       317.17758490806557       111173.32133050275       267.90265898599512
    0.0083984374999999997       1.4603519475094706      0.46860764019281903        313.3938940909826       112525.42961301489       268.38455412227984
    0.0084765624999999997        1.472594713505768      0.50542203890726745        309.8216894793083       113699.65102156885        268.9306286768209
    0.0085546874999999998        1.482700369031817      0.50402743595391819       306.59382685316342       114688.77421756354       269.42127551580109
    0.0086328124999999999       1.4915500544959039      0.49520036522416899       303.68184293019073       115534.38461391791       269.79742204285509
    0.0087109374999999999       1.4998638662356241      0.49630848126637728       300.98960932915685       116295.93870194971       270.07045647250322
             0.0087890625        1.507844011424083      0.53495478369869032        298.3481859277224       117009.28374367989       270.28894172157158
    0.0088671875000000001       1.5154907795124224      0.59958523327807467       295.57164137526792       117707.87638247627       270.53072634349979
    0.0089453125000000001       1.5226558175897198      0.65416646268939938       292.56042481829058       118409.97016572572       270.86375699316926
    0.0090234375000000002       1.5292714386026665      0.67063286353193252       289.34737014716723       119119.87380678959       271.30888690879908
    0.0091015625000000003       1.5355435971281166      0.64686675089693124       286.06992747443644       119834.79752995509       271.82235293281468
    0.0091796875000000003       1.5416885770984847      0.60690268524516267        282.8624321539279       120550.35798472908       272.35554537087239
    0.0092578125000000004       1.5476428805338853       0.5781569628406259       279.74932874045754       121243.22940335459       272.86706140596766
    0.0093359375000000005       1.5535108983058399      0.58440536073150873       276.72026059714284       121916.70020052532       273.34634280937854
    0.0094140625000000006       1.5592166730783465      0.59984102918357651       273.72371028289024         122560.354720367       273.78390372964458
    0.0094921875000000006       1.5647817084285776      0.59286149731115323       270.84056002591848       123172.49641592191        274.1727924303442
    0.0095703125000000007       1.5708068181770269      0.48663975536808735       268.34264808154404       123792.10831411318       274.49507345589916
    0.0096484375000000008       1.5773203882987883      0.30211538110449782       266.47014976692748        124351.7237506438       274.59730162027756
    0.0097265625000000008       1.5852194136572852      0.18342937127913889       265.38512801518857       124944.72686651698       274.53196721564285
    0.0098046875000000009       1.5926610556662286      0.16453170589760677       264.46108955094957       125448.41471288013       274.35077371764385
     0.009882812500000001       1.5992308894735563      0.23939719215234254       263.41794991245951       125923.32688584983       274.25805515994983
     0.009960937500000001       1.6043219346983431      0.36372123241042625       261.97594579515032       126369.41171511127       274.35622266832382
     0.010039062499999999       1.6083938182446118      0.47720127667965856       260.08807851199651       126797.10795764545       274.58785549427967
     0.010117187499999999       1.6121578924797877      0.54291497928950871       257.89317470674041       127211.67889147486       274.84243212515952
             0.0101953125       1.6157393413502856      0.56609904257042254        255.5623142263525       127606.83616756384         275.085066071141
             0.0102734375       1.6191060957117933      0.57182875134645506       253.19469391592892       127975.10360638973        275.3052887185134
             0.0103515625       1.6223810586788481      0.57425472590198612       250.83490475585631       128321.90346291139       275.49409737382456
             0.0104296875       1.6257706102065408       0.5774667007521046       248.50687479461072       128658.88240839771         275.641673962825
             0.0105078125       1.6293291302703414      0.58196430013194189        246.2110623131482       128989.54759891379        275.7465387989028
             0.0105859375       1.6329576863789383      0.58709176335435054       243.92431787107165       129305.23190865247       275.80716146862301
             0.0106640625       1.6365546410500196      0.59251929197736519       241.62437645952699        129596.8744015299       275.82167392942461
             0.0107421875       1.6400743646119513      0.59707551989820284       239.31455252520166       129867.27705198601       275.80400401154469
             0.0108203125       1.6434444258996264      0.59861278207640012       237.02413402506556       130128.87066574942       275.79285488105779
             0.0108984375       1.6464811645441568      0.59621478867473277       234.78198420687602       130389.89013802765       275.83636756545337
             0.0109765625       1.6489146499305301      0.59177577871141041       232.58619139746716       130644.45095652311         275.967007323225
             0.0110546875       1.6505378060552038      0.58681519268232751       230.41001526627701       130879.89902768428       276.19247848237421
             0.0111328125       1.6513169760581692      0.58119777075141665       228.23431720164209       131090.00521646766       276.50533018344288
             0.0112109375       1.6513522275531805       0.5741468088901831       226.06149331592209       131277.97741539811        276.8959048658146
             0.0112890625        1.650741869795201      0.56526176290307661       223.90439435284213       131449.22603647268       277.35962332620818
     0.011367187500000001       1.6492992899778414      0.55506166183817596       221.77072580868284       131604.52469407255       277.93018817051421
     0.011445312500000001       1.6460778055081675      0.54515130535528966       219.66067436774478       131742.02150035807       278.76505829271605
     0.011523437500000001        1.638902115525684      0.53748763575484582       217.57385129401638       131863.60498648966        280.2439858760884
     0.011601562500000001       1.6247057818112818      0.53316244474716723       215.50677165675191        131973.0278069748       282.92728179420726
     0.011679687500000001       1.6014383389347211      0.53198166511764611       213.45235989230315       132072.61875595685       287.25456569808415
     0.011757812500000001       1.5698162114087562      0.53296063168523622       211.39969363170098        132160.5336107008       293.23604019407287
     0.011835937500000001       1.5333693668751693      0.53506844764963812       209.33889323893877       132233.52496269852       300.37180530296962
     0.011914062500000001       1.4967762556177762       0.5374905697415987       207.26918307056334       132292.36477944226       307.85220397474887
     0.011992187500000001       1.4638017074970171      0.53954792146248265       205.19978011504648       132342.14606233712       314.90553628094614
     0.012070312499999999       1.4365156778271237      0.54050013533020913       203.14525803668246        132389.1524582929       321.00101391958151
             0.0121484375       1.4160382890222929      0.53939863069836502       201.11764244557932       132436.85489381469       325.76035861614463
             0.0122265625       1.4033137901138368      0.53544740401751256       199.11976878685525       132483.36435109877        328.8296178671506
             0.0123046875       1.3983877511493621      0.52874421586753806       197.15375475671848       132526.82666560434       330.09622689526094
             0.0123828125       1.3987144962563862      0.52013736189155446       195.21812840949093       132565.12246778532       330.11447958314733
             0.0124609375       1.4012244606183717      0.51021317733105753        193.3079746375987       132595.70210951517       329.59917027007526
             0.0125390625       1.4044788874973952      0.49870635538328417       191.41724633652962       132614.28386894849       328.88151298393626
             0.0126171875       1.4075045295271413      0.48525749012314823       189.54331765641825       132616.80306248783       328.18076699234655
             0.0126953125       1.4099658669544108      0.47061745031858432       187.69221328968965       132603.71875061741       327.57554850688655
             0.0127734375       1.4120665278603124      0.45670291422909642       185.87760104194436       132581.23191209341       327.03276333541618
             0.0128515625       1.4139656692014935      0.44526138492208195       184.10959621543034        132556.3560608885       326.53223760121114
             0.0129296875       1.4153232523162977      0.43671840247573501       182.38380614878022       132530.36897750167       326.15507292586688
             0.0130078125       1.4152801698726272      0.43075503990256664       180.68324246636746       132498.50257533914       326.08657630701572
             0.0130859375       1.4128937169417741      0.42731719511166949       178.99426932372944       132457.78654692753       326.53698016435305
             0.0131640625       1.4083440958924294      0.42584472523532452       177.32241360976127       132414.55533317488       327.48493132646064
             0.0132421875       1.4031101898877791      0.42500029279841312       175.68816140493934       132380.50520976415       328.62199511810758
     0.013320312500000001       1.3989374899808948      0.42230676039591714       174.11093497209131       132364.12177313672       329.56140523194216
     0.013398437500000001       1.3967387747104485      0.41419174687320692       172.59343488261879       132361.47928518316       330.07360385539664
     0.013476562500000001       1.3960067444247439       0.4023401008641489       171.11073246264749       132353.82640259113       330.22759180455716
     0.013554687500000001       1.3956453383803071      0.39053863091589308       169.61987371433614        132320.2585762119       330.22933048019053
     0.013632812500000001       1.3951916503231299      0.38234905013525611       168.08093129959215       132248.91059735356        330.1585945759648
     0.013710937500000001       1.3945878106850735      0.37864567257188297       166.47503912820059       132140.84460067863       330.03164633792579
     0.013789062500000001       1.3938913182264778      0.37773684250598366       164.81201900270133       132006.76419961103       329.86151169403689
     0.013867187500000001       1.3931923254523686      0.37853888529402341       163.12265009903058       131861.11352044324       329.66287204642981
     0.013945312500000001       1.3925878078666527        0.381708712675005        161.4442116024843       131719.80873057889       329.45255142732071
     0.014023437499999999       1.3921864953250795      0.38863951273368752       159.80910476831943       131599.18334884109        329.2457290599707
             0.0141015625       1.3921071221165418      0.39929067473000562       158.23948351568291       131514.05159994288       329.05149973099719
             0.0141796875       1.3924430291216991      0.41097867168289143        156.7461777222934       131473.81070223651       328.87146129321422
             0.0142578125        1.393195810876954      0.41956377631760988       155.32330649245853       131476.45319937961       328.70036948722719
             0.0143359375       1.3942261181842419      0.42115666816161201        153.9430943473385       131504.45368327104       328.52741744110443
             0.0144140625       1.3952656807234289      0.41313718006129657       152.55872097126232       131526.59749662079       328.33792237746968
             0.0144921875       1.3959916207436398      0.39509304859423089       151.11744171999229       131505.98971163272       328.11576319708917
             0.0145703125       1.3961331344211922      0.36984920067183291       149.57853758551562       131411.68729762791       327.84723836283672
             0.0146484375       1.3955703293551727      0.34394554731620391       147.92696199540401       131230.16182647811         327.526398211924
             0.0147265625       1.3943880803724444      0.32569384030265996       146.17872984276778       130972.41555210785       327.16026265951587
             0.0148046875       1.3928678635068845      0.32119245104792399       144.38124972134136       130674.12363525252       326.77140863905714
             0.0148828125       1.3914172577224073       0.3307816064545861       142.60906049487264       130387.68792607822       326.39505559927801
             0.0149609375       1.3904471980210804      0.34914534003604902       140.94823363198353       130166.64450174032       326.06905193864958
             0.0150390625       1.3902439388677974      0.36883206639803551       139.46993469327941        130048.5754602848        325.8209168727011
             0.0151171875       1.3908792722248611      0.38388892696531041       138.20280066535358       130042.94314956348         325.657982006993
             0.0151953125        1.392178211329729      0.39173126328301411       137.11445014159048       130126.96851625586       325.56435736152542
     0.015273437500000001       1.3937619609533063       0.3916818302763827       136.11641334272792       130251.76537095231       325.50628856765547
     0.015351562500000001       1.3951669230602113      0.38308610809116594       135.09833948085347       130358.16774146186       325.44413453913398
     0.015429687500000001       1.3959798878020615       0.3660258165684685       133.96953577358684       130393.93835108887       325.34385913524716
     0.015507812500000001       1.3959817590112826      0.34335568700927588       132.69285439487896       130331.57174745575       325.18781331556113
     0.015585937500000001       1.3952232175420074      0.32049811732402339        131.2935633634732       130177.40748499082       324.97974685344718
     0.015664062499999999       1.3939632767414638      0.30286142918514458       129.83555234687185       129963.63371153783       324.73932624812642
     0.015742187500000001       1.3925159235654945      0.29322981888809113       128.38257855868036       129729.03294277558       324.49004903620926
     0.015820312499999999       1.3911173560173544      0.29099598633922963       126.97214566484024       129502.60398817336       324.24934282583337
     0.015898437500000001       1.3899016865182501      0.29326846224974978        125.6197083248294       129300.91948337466       324.02752517882783
     0.015976562499999999       1.3889613242074499      0.29722294405514321       124.34046626470125       129135.92199620273       323.83313719127858
     0.016054687500000001       1.3884063788453957      0.30107477285304385       123.16273853511269       129022.22867409179       323.67735133227353
             0.0161328125       1.3883519727007003      0.30386053604022345       122.12041692632255       128975.07728587603        323.5717423999892
     0.016210937500000001        1.388822680404411      0.30476564700420444       121.22379520254148       128997.74244650206       323.51891853885547
             0.0162890625       1.3896367709195787      0.30233685871884453       120.42982330927308       129066.54182168958       323.50183533655905
     0.016367187500000002       1.3903893378117189       0.2950079122568085       119.63988577403894       129128.75994497155       323.48259927892281
             0.0164453125       1.3905633331194855      0.28245633534120368       118.72927346971846       129117.15948983043       323.41306641315845
     0.016523437500000002       1.3898093545202514      0.26865310103983103       117.61486211826046       128986.37017564574       323.26074042608622
             0.0166015625       1.3883192326418219       0.2602387885492855       116.34321276826238       128761.38898163821       323.04326071846725
     0.016679687500000002       1.3867302819715317      0.25798512974333282       115.06756476799613       128524.99333313815       322.81965061665647
             0.0167578125       1.3856185712842792      0.26181064298946244       113.92659705298981       128351.79883256071       322.64328929148223
     0.016835937500000002       1.3853929350366054      0.27334883275255079       113.01329086013209       128294.56512226076       322.55194337005855
             0.0169140625       1.3862962077107597      0.28130480450782414       112.38119893240903       128384.62602882848       322.56805655894004
     0.016992187500000002       1.3879629734059906      0.28334010482847427        111.9457756634408       128574.62662675604        322.6574993757514
             0.0170703125       1.3898653770785938      0.28657236009014414       111.57650804922179       128796.19355079037       322.77111624297538
     0.017148437499999999        1.391789067349301       0.2822004117784489       111.22483153646935       129021.59846417316       322.88908911834204
     0.017226562500000001        1.393429843554034      0.26187761419786781       110.83536453958625       129211.38673149428       322.98328861419361
     0.017304687499999999       1.3936852208460067      0.22830729248613624        110.1497379000869       129222.41493359895       322.95166712239501
     0.017382812500000001       1.3882891179256984      0.17303521325137017       108.09670271112113       128502.12875460742       322.39980852756992
     0.017460937499999999         1.37714070895255      0.11619358549006398       104.65773833953307       127039.97240692202       321.31163109852446
     0.017539062500000001       1.3649571458214924     0.096802897693810105       101.00218057347672       125450.07994636359       320.12257262683414
     0.017617187499999999       1.3568224709013648      0.13846201215642698       98.371478901462666       124386.59208262585       319.31176049696177
     0.017695312500000001       1.3561814963319041       0.2229524394103542       97.593917872348456        124287.5949762566       319.20842266481782
     0.017773437499999999       1.3629373021006126      0.30189274385417386        98.61659992693771       125139.54128208995       319.80338278554484
     0.017851562500000001       1.3729466284866998      0.32609174039660549       100.39625657123212       126412.47371969762       320.70124616480769
     0.017929687499999999       1.3798222392720982      0.27774134971948117       101.38821266666721       127284.63962607257       321.30481168959511
     0.018007812500000001       1.3774729370501435      0.18395243547947829       100.13508719727152       126968.50284951922       321.05341661213669
             0.0180859375       1.3652434424272024     0.098341286789060747        96.47708990297906       125380.18802871545       319.87712946746404
     0.018164062500000001       1.3503922204898786     0.065025540634716092       92.210511297660346       123460.86410575695       318.44450366828067
             0.0182421875       1.3404182588956242     0.083856905548375618       89.215700665677375       122173.33481451213       317.46837267639302
     0.018320312500000002       1.3379506663755134      0.12510252411422795       88.148309899368158        121846.6284939779       317.20336732429644
             0.0183984375       1.3412623540236639      0.16806504793878199       88.540643492165316       122257.72501433044        317.4877312568243
     0.018476562500000002       1.3484441064098789      0.21133298229668077       89.880578136452669       123163.84515615499       318.13735208649729
             0.0185546875       1.3585059858802102      0.25494042154533969       91.896765330416898       124441.38878721748       319.05655041773838
     0.018632812500000002       1.3700636528457431      0.28787644852001981       94.225400540403697       125915.37388630064       320.11231857384041
             0.0187109375       1.3802070114480618      0.29075495619633052       96.143150170675909       127211.92063914193        321.0317253078552
     0.018789062500000002        1.384870067829399      0.25018743436874435       96.676219193842769       127803.94305252563       321.43976125837418
             0.0188671875       1.3808393962215053      0.17505116146716987       95.076718403195969       127274.70469243465       321.04307113868725
     0.018945312500000002       1.3694926713710309      0.09978237536960595       91.712905084543436       125803.32602978153       319.96080679281977
             0.0190234375       1.3560634516637473     0.058225157537179294       87.888874887279755       124069.55523277789       318.67616834409097
     0.019101562499999999       1.3455481845849842     0.057527003804425214       84.846008880298243       122715.60640023097       317.66174380284474
     0.019179687500000001       1.3398791315227061     0.081859071871740144       83.050033359963493       121983.43562366953       317.10245938018539
     0.019257812499999999       1.3383171522193105      0.11437818331018162       82.290729233110341       121775.82818311597       316.93224010011727
     0.019335937500000001       1.3397302702598661      0.14784644679509243       82.264596539970896       121947.45771083482       317.04415664259176
     0.019414062499999999       1.3437170995949301      0.18096471856910351       82.864168103110671       122447.52593565974       317.39972284769368
     0.019492187500000001       1.3501716327727282       0.2107180669039467       84.060642962759871       123263.62901319316       317.98771572734404
     0.019570312499999999       1.3585100790670239      0.23010114401067583       85.705988099644856       124322.63717089513       318.75112153410885
     0.019648437500000001       1.3670484818485711      0.23025459545610955       87.380282131622906       125409.92651565207       319.53053672714094
     0.019726562499999999       1.3731099614502411      0.20596298954086867       88.426742798785611       126181.17330536951       320.07637221569325
     0.019804687500000001        1.374039745357122      0.16186210849643204       88.202950492215749       126293.33402574599       320.14410223049254
     0.019882812499999999       1.3692025952584235      0.11445040671575406       86.565118090147521       125664.14463079012       319.67453214525398
     0.019960937500000001       1.3611629553944071     0.084072288235976525       84.157058571579199         124624.829234474       318.90316362736621
             0.0200390625       1.3537355833775573     0.079296420840575185       81.932255542577536       123666.48579525868       318.18708469862395
     0.020117187500000001       1.3495743465819818     0.092712076897619844       80.554120703441285        123127.6675277309       317.77754867247722
             0.0201953125       1.3489108508459609      0.11118860008683015       80.070218487555437       123036.30159785014       317.69793520452384
     0.020273437500000002       1.3503833288391407      0.12740713481949043       80.120983487705118       123217.90760619749       317.81993491988118
             0.0203515625       1.3530381800412641      0.14085827505782481       80.459071865197913       123550.92571866584       318.05360648996083
     0.020429687500000002       1.3564003891291845      0.15187317545040488       80.962922050014768       123974.91943549058       318.35399305037043
             0.0205078125       1.3601494449214271      0.16041668477463322        81.55176228546739       124449.04019070684        318.6906304321073
     0.020585937500000002       1.3640474261913185      0.16633571671979749       82.167178183939853       124942.91670470347       319.04103243908452
             0.0206640625        1.367931726573268      0.16932529761947226       82.771276293784638        125435.7495016935       319.38997419770709
     0.020742187500000002       1.3717165739540051       0.1690302020663679       83.347177848976742        125916.5410077272        319.7295461903775
             0.0208203125       1.3753698572718367      0.16556332800011664       83.892579620356784       126381.15038801303       320.05688538546491
     0.020898437500000002          1.3788914780154      0.15986194968260234       84.412779249281314       126829.52180911935       320.37206456274197
             0.0209765625       1.3823229613875003      0.15328772137838617       84.921761412050117       127266.92870945012       320.67892125507967
     0.021054687499999999       1.3857579008720637      0.14692781750430439       85.444510825851566       127705.34820519113       320.98600284102554
     0.021132812500000001       1.3892948819115147      0.14135872688366649       86.005383641934145       128157.43867788512       321.30224184094124
     0.021210937499999999        1.392934124048494      0.13692213310776272       86.602132941821196       128623.22044961668       321.62749912065129
     0.021289062500000001        1.396503777652033      0.13394635919109635       87.187507500771247       129080.49795985552       321.94589337137239
     0.021367187499999999       1.3997026751529162      0.13267825931587718       87.680922513066591       129490.27382375835       322.22982026709701
     0.021445312500000001       1.4022401761272381      0.13314506541576221       88.004983287986562        129814.7838984402       322.45277670166348
     0.021523437499999999        1.403980560733519      0.13517261835276118         88.1227465194399       130036.24987190757       322.60248923987001
     0.021601562500000001       1.4050944809294634      0.13851031809659747       88.076294386667229       130176.62446873134       322.69471333120015
     0.021679687499999999       1.4060462001928107      0.14243831316097716       87.983358560692182       130296.02725014207       322.77207604433676
     0.021757812500000001        1.407178216353357      0.14613319556647753       87.931583460729513       130438.87787944399       322.86600730300978
     0.021835937499999999       1.4087288498779702      0.14859209119892827       87.983092385135564       130636.14166965062       322.99835368583632
     0.021914062500000001       1.4106654963561067      0.14889841449504107       88.132284836148742       130883.65929597171       323.16607020156795
             0.0219921875       1.4127626599760477      0.14675656865810277       88.325537122121375       131152.20626578692        323.3484366025861
     0.022070312500000001       1.4147579098103282      0.14263294776559654       88.499961689772547       131407.69298106301       323.52141435596911
             0.0221484375       1.4164835645901579      0.13756662361050537       88.615657276231502       131628.28481682952       323.66970719489854
     0.022226562500000002       1.4179080829151891      0.13273337600706009        88.66529626592795       131809.83000006352       323.79049380549054
             0.0223046875       1.4190941839835574      0.12891090497780827       88.663599701818512       131960.44831819975       323.88954890512571
     0.022382812500000002       1.4201720545331078      0.12620235081546033       88.641569473923752       132097.05863152342       323.97877376689485
             0.0224609375       1.4213402293820121      0.12425701936819883       88.647773370962952       132245.50120258439       324.07626949045948
     0.022539062500000002       1.4227763231557493      0.12266294096815812       88.726067162676642       132428.92416869538       324.19819611156703
             0.0226171875       1.4244447758892871      0.12115426735545447       88.866798200003402       132642.73564965121        324.3412797274907
     0.022695312500000002       1.4261759793136912      0.11978257974996034       89.026683050069366       132864.87679453107       324.49009466487837
             0.0227734375       1.4280798110728612      0.11910111497049028       89.232709147312477         133109.712816605       324.65465879810773
     0.022851562500000002       1.4305634021180018      0.11993700457676332       89.585406224028446       133430.42892457696        324.8718968677336
             0.0229296875       1.4335822822736433      0.12251856461970405        90.06960100229702       133821.32862820226       325.13751713612436
     0.023007812499999999       1.4364469026526965      0.12610815414821619       90.508309785768873       134192.38619414889        325.3888528277742
     0.023085937500000001       1.4392715193653904      0.13025965365768083        90.92908362919222       134558.56465580961       325.63643140491666
     0.023164062499999999        1.443565844507624      0.13535016554907828       91.709117052830095       135117.71308320682       326.01686027888616
     0.023242187500000001       1.4494904055144897      0.14057836989209527       92.885636010317469       135891.43211963592       326.54354486238481
     0.023320312499999999        1.453603068410771      0.14363767628039911       93.596953167235398       136428.16843726565       326.90577303637451
     0.023398437500000001       1.4495339785665864      0.14262192180058963        92.27309608667062       135891.45999938392       326.53379594204068
     0.023476562499999999       1.3807440171487682      0.11315689394636713        74.71131071648702       127034.72646579593       320.45987516786744
     0.023554687500000001       1.2510423209866171     0.044090592353253792       39.312825498884614       110581.87287766424        307.8763378765089
     0.023632812499999999       1.1844049284364597    0.0050344947925559285       19.767251973674377       102305.34091228491       300.85862996460179
     0.023710937500000001       1.1776225802705915   0.00072903569919338294       17.722707105122577       101471.80028467622        300.1259955056176
     0.023789062499999999       1.1766048361119716   0.00011390675379279803       17.419471114803258       101348.21211072459       300.01974323712528
     0.023867187500000001       1.1764436972460495   1.8170010749883684e-05       17.371670486045684       101328.73355871711       300.00316729900493
             0.0239453125       1.1764177144076768   2.8915299060464979e-06        17.36397255586505       101325.59672345915       300.00050588246575
     0.024023437500000001       1.1764135587265057   4.5911116995053581e-07       17.362741744820585       101325.09517777922       300.00008067401592
             0.0241015625        1.176412895706946   7.2695195512475443e-08       17.362545393330745       101325.01516523852       300.00001285365164
     0.024179687500000002         1.17641279021937   1.1522937587505126e-08        17.36251415439531       101325.00243536783       300.00000206409021
             0.0242578125        1.176412773433039   1.8588422518488019e-09        17.36250918334899       101325.00040966491       300.00000034717499
     0.024335937500000002       1.1764127707309502   3.2642150316280175e-10       17.362508383137932       101325.00008359228       300.00000007081553
             0.0244140625       1.1764127702674536   7.4450187545033503e-11       17.362508245857693       101325.00002766318       300.00000002341977
     0.024492187500000002       1.1764127701658484   2.5714357210073896e-11       17.362508215756989       101325.00001540472       300.00000001303584
             0.0245703125       1.1764127701276423   1.1444107273479448e-11       17.362508204441493       101325.00001079655       300.00000000913519
     0.024648437500000002       1.1764127701025455   4.3899837397021498e-12       17.362508197018105       101325.00000777008       300.00000000657451
             0.0247265625       1.1764127700815379    1.926200620279985e-13       17.362508190812317       101325.00000523667       300.00000000443089
     0.024804687500000002       1.1764127700659495    -8.87286244398592e-13       17.362508186211105        101325.0000033566       300.00000000283967
             0.0248828125       1.1764127700564992   4.3041920702278086e-13       17.362508183420847       101325.00000221668       300.00000000187453
     0.024960937500000002       1.1764127700513549   2.1872104479558115e-12       17.362508181898782       101325.00000159626       300.00000000134946
     0.025039062500000001       1.1764127700483897   3.0749255732001123e-12       17.362508181017429       101325.00000123863       300.00000000104677
     0.025117187499999999       1.1764127700463332   2.8287815071185758e-12       17.362508180404216       101325.00000099061       300.00000000083691
     0.025195312500000001       1.1764127700445786     1.94647259994696e-12       17.362508179881608       101325.00000077896       300.00000000065774
     0.025273437499999999       1.1764127700429234   9.4840742513256127e-13       17.362508179390407        101325.0000005794       300.00000000048891
     0.025351562500000001       1.1764127700414209   2.7875339135203096e-13       17.362508178945625       101325.00000039814       300.00000000033543
     0.025429687499999999       1.1764127700402125  -2.3734011102912169e-14       17.362508178588822       101325.00000025248       300.00000000021231
     0.025507812500000001       1.1764127700393869  -2.4581397833791894e-14       17.362508178345283       101325.00000015287        300.0000000001279
     0.025585937499999999       1.1764127700389164   3.1202138624483405e-14       17.362508178206348       101325.00000009607       300.00000000007975
     0.025664062500000001       1.1764127700386833   1.3234030133215289e-13       17.362508178137276       101325.00000006788       300.00000000005571
     0.025742187499999999       1.1764127700385596   1.4065430756306175e-13       17.362508178100668       101325.00000005301       300.00000000004326
     0.025820312500000001       1.1764127700384723   9.1130144903500972e-14       17.362508178074442       101325.00000004246       300.00000000003428
             0.0258984375       1.1764127700383904   4.3004816056232325e-14       17.362508178050167       101325.00000003264       300.00000000002603
     0.025976562500000001       1.1764127700383127   1.4367169464606845e-16       17.362508178027038       101325.00000002328       300.00000000001819
             0.0260546875       1.1764127700382456  -1.1971018876374882e-13       17.362508178007424       101325.00000001528        300.0000000000116
     0.026132812500000002        1.176412770038195  -6.6275449448630802e-14       17.362508177992879       101325.00000000928       300.00000000000676
             0.0262109375       1.1764127700381606  -5.0418578443866067e-14       17.362508177983027       101325.00000000521       300.00000000000347
     0.026289062500000002       1.1764127700381393   -5.124591555383714e-14       17.362508177976704        101325.0000000026       300.00000000000119
             0.0263671875       1.1764127700381262   1.0041064308536442e-14       17.362508177972686       101325.00000000099       299.99999999999977
     0.026445312500000002       1.1764127700381177   3.2467555223987721e-15       17.362508177970177       101324.99999999999       299.99999999999892
             0.0265234375       1.1764127700381133   2.1717702838950447e-14       17.362508177968806       101324.99999999945       299.99999999999847
     0.026601562500000002       1.1764127700381133    1.501651140242137e-14       17.362508177968348        101324.9999999993       299.99999999999801
             0.0266796875       1.1764127700381128  -3.7892021574567237e-14       17.362508177967932        101324.9999999991       299.99999999999756
     0.026757812500000002        1.176412770038112   -1.923065921468844e-14       17.362508177967577       101324.99999999897       299.99999999999739
             0.0268359375       1.1764127700381115  -1.0050473040203132e-14       17.362508177967406       101324.99999999892       299.99999999999739
     0.026914062500000002       1.1764127700381115   3.4617419537986766e-15       17.362508177967378       101324.99999999892       299.99999999999739
     0.026992187500000001       1.1764127700381115    1.846560080774956e-14       17.362508177967367       101324.99999999892       299.99999999999739
     0.027070312499999999        1.176412770038112   5.0990155852880208e-15       17.362508177967303       101324.99999999892       299.99999999999727
     0.027148437500000001       1.1764127700381124  -4.7853294138006526e-14       17.362508177967278       101324.99999999892       299.99999999999716
     0.027226562499999999       1.1764127700381126  -3.8265245477309659e-15       17.362508177967314       101324.99999999894        299.9999999999971
     0.027304687500000001       1.1764127700381126    4.860727044860868e-15       17.362508177967324       101324.99999999894        299.9999999999971
     0.027382812499999999       1.1764127700381126   4.1022259048251375e-15       17.362508177967399       101324.99999999898       299.99999999999721
     0.027460937500000001       1.1764127700381122   3.6665798861413101e-14       17.362508177967442       101324.99999999894       299.99999999999727
     0.027539062499999999       1.1764127700381126   1.7234065400335755e-14       17.362508177967459       101324.99999999898       299.99999999999721
     0.027617187500000001        1.176412770038112  -2.1860203643142458e-14       17.362508177967499       101324.99999999901        299.9999999999975
     0.027695312499999999       1.1764127700381115   2.6695343859334786e-14       17.362508177967612       101324.99999999904       299.99999999999773
     0.027773437500000001       1.1764127700381115   2.2278229513944651e-14        17.36250817796763       101324.99999999904       299.99999999999773
             0.0278515625       1.1764127700381115  -6.0475664867313586e-14       17.362508177967584       101324.99999999904       299.99999999999773
     0.027929687500000001        1.176412770038112  -2.9539488755653708e-14       17.362508177967566       101324.99999999904       299.99999999999761
             0.0280078125        1.176412770038112  -2.7405404228536814e-14       17.362508177967619       101324.99999999901        299.9999999999975
     0.028085937500000002        1.176412770038112  -6.8884775993084369e-14        17.36250817796757       101324.99999999901        299.9999999999975
             0.0281640625        1.176412770038112  -4.6641942187754501e-14       17.362508177967538       101324.99999999901        299.9999999999975
     0.028242187500000002       1.1764127700381115  -5.6587205315468575e-14       17.362508177967577       101324.99999999898       299.99999999999756
             0.0283203125       1.1764127700381115  -8.0376027026578298e-14       17.362508177967733       101324.99999999898       299.99999999999756
     0.028398437500000002       1.1764127700381115   4.1798354382916758e-14       17.362508177967815       101324.99999999894       299.99999999999739
             0.0284765625       1.1764127700381115  -2.2750113949272485e-14       17.362508177967758       101324.99999999895       299.99999999999744
     0.028554687500000002       1.1764127700381115   2.8221844676959243e-15       17.362508177967673       101324.99999999894       299.99999999999739
             0.0286328125       1.1764127700381115  -5.7486749303901067e-14       17.362508177967634       101324.99999999894       299.99999999999739
     0.028710937500000002       1.1764127700381106  -1.1936239165427198e-14       17.362508177967566       101324.99999999892       299.99999999999761
             0.0287890625       1.1764127700381102  -1.3326798353794791e-14       17.362508177967538       101324.99999999892       299.99999999999773
     0.028867187500000002       1.1764127700381106  -5.8459050926231192e-14       17.362508177967545       101324.99999999892       299.99999999999761
     0.028945312500000001       1.1764127700381115   4.3519857931643364e-15       17.362508177967531       101324.99999999891       299.99999999999733
     0.029023437499999999       1.1764127700381115   2.1782653957262771e-14       17.362508177967495       101324.99999999892       299.99999999999739
     0.029101562500000001       1.1764127700381115   -1.485375327755936e-15       17.362508177967463       101324.99999999892       299.99999999999739
     0.029179687499999999       1.1764127700381115    3.324495086908812e-14       17.362508177967339       101324.99999999895       299.99999999999744
     0.029257812500000001       1.1764127700381115   4.3528703659920491e-14       17.362508177967282       101324.99999999898       299.99999999999756
     0.029335937499999999        1.176412770038112  -2.3738589423362933e-14       17.362508177967193       101324.99999999895       299.99999999999733
     0.029414062500000001        1.176412770038112  -6.8312680613292185e-14       17.362508177967136       101324.99999999895       299.99999999999733
     0.029492187499999999       1.1764127700381126    -7.58415604312457e-14       17.362508177967026       101324.99999999895       299.99999999999716
     0.029570312500000001       1.1764127700381126  -6.9191782947448353e-14       17.362508177967129       101324.99999999895       299.99999999999716
     0.029648437499999999       1.1764127700381115  -2.8999958978426135e-14       17.362508177967026       101324.99999999895       299.99999999999744
     0.029726562500000001       1.1764127700381122  -7.1262549915052794e-14       17.362508177966927       101324.99999999898       299.99999999999739
             0.0298046875        1.176412770038112  -8.6418227360862474e-14       17.362508177966976       101324.99999999898       299.99999999999744
     0.029882812500000001        1.176412770038112  -5.8945960861952267e-15       17.362508177967076       101324.99999999892       299.99999999999727
             0.0299609375        1.176412770038112  -2.2434202442167007e-14       17.362508177967161       101324.99999999891       299.99999999999721
     0.030039062500000002        1.176412770038112   4.7297621481109893e-14       17.362508177967126       101324.99999999892       299.99999999999727
             0.0301171875        1.176412770038112   2.6391326700049597e-14       17.362508177967094       101324.99999999892       299.99999999999727
     0.030195312500000002        1.176412770038112   -2.754094722959203e-14       17.362508177967108       101324.99999999895       299.99999999999733
             0.0302734375       1.1764127700381122  -8.2664915331196552e-14       17.362508177967097       101324.99999999892       299.99999999999721
     0.030351562500000002        1.176412770038112  -7.1247262602359294e-14       17.362508177966927       101324.99999999895       299.99999999999733
             0.0304296875        1.176412770038112  -3.3638592474001518e-14        17.36250817796698       101324.99999999897       299.99999999999739
     0.030507812500000002       1.1764127700381115  -6.5770466181130793e-14       17.362508177967104       101324.99999999898       299.99999999999756
             0.0305859375       1.1764127700381115  -6.0490392720448889e-14       17.362508177967147       101324.99999999898       299.99999999999756
     0.030664062500000002       1.1764127700381115   2.6618642684188343e-14       17.362508177967168       101324.99999999901       299.99999999999761
             0.0307421875       1.1764127700381115   3.1862574728445084e-14       17.362508177967303       101324.99999999903       299.99999999999767
     0.030820312500000002        1.176412770038112  -2.5332709651886009e-15       17.362508177967285       101324.99999999903       299.99999999999756
     0.030898437500000001        1.176412770038112  -1.7262284163359796e-14       17.362508177967264       101324.99999999905       299.99999999999767
     0.030976562500000002        1.176412770038112  -9.2688904612005459e-15       17.362508177967275       101324.99999999907       299.99999999999767
     0.031054687500000001       1.1764127700381126  -3.7790391465758815e-14       17.362508177967221        101324.9999999991       299.99999999999756
     0.031132812499999999       1.1764127700381126  -1.5162418754709276e-14       17.362508177967214       101324.99999999911       299.99999999999761
     0.031210937500000001       1.1764127700381128  -6.9123707019204555e-14       17.362508177967229        101324.9999999991       299.99999999999756
     0.031289062499999999        1.176412770038112  -3.6574566190768996e-14       17.362508177967339       101324.99999999908       299.99999999999773
     0.031367187499999998       1.1764127700381115  -3.4822903762476737e-14       17.362508177967378       101324.99999999905       299.99999999999778
     0.031445312500000003       1.1764127700381113  -1.1841255418383496e-14       17.362508177967296       101324.99999999905       299.99999999999778
     0.031523437500000001       1.1764127700381106   -2.410040854432212e-14       17.362508177967182       101324.99999999907       299.99999999999807
     0.031601562499999999       1.1764127700381102  -1.4566443742847085e-14       17.362508177967154       101324.99999999907       299.99999999999812
     0.031679687499999998       1.1764127700381102   -2.916952905580934e-14       17.362508177967161       101324.99999999905       299.99999999999812
     0.031757812500000003       1.1764127700381115  -1.7561566289307443e-14       17.362508177967083       101324.99999999907       299.99999999999778
     0.031835937500000001       1.1764127700381115  -3.4950852943182321e-14       17.362508177967008       101324.99999999905       299.99999999999778
             0.0319140625       1.1764127700381106  -1.9680542251154898e-14       17.362508177966841       101324.99999999907       299.99999999999807
     0.031992187499999998       1.1764127700381106  -5.4176585815142979e-14        17.36250817796677        101324.9999999991       299.99999999999812
     0.032070312500000003       1.1764127700381115  -3.0238031959873536e-14       17.362508177966774       101324.99999999908       299.99999999999784
     0.032148437500000002       1.1764127700381115    1.246621789008915e-14       17.362508177966813       101324.99999999913       299.99999999999795
             0.0322265625        1.176412770038112   2.7743194389203744e-14       17.362508177966884       101324.99999999916       299.99999999999795
     0.032304687499999998       1.1764127700381128   4.2599784386651033e-16       17.362508177966873       101324.99999999916       299.99999999999773
     0.032382812500000004       1.1764127700381126   3.1729154605965759e-14        17.36250817796688       101324.99999999916       299.99999999999773
     0.032460937500000002       1.1764127700381128  -1.7498429646018314e-14        17.36250817796698       101324.99999999916       299.99999999999773
             0.0325390625       1.1764127700381128  -3.2556248526136192e-14       17.362508177966966       101324.99999999914       299.99999999999767
     0.032617187499999999        1.176412770038112  -3.3827820337626403e-14       17.362508177966948       101324.99999999913        299.9999999999979
     0.032695312500000004        1.176412770038112  -3.6184741176534684e-14       17.362508177966813       101324.99999999913        299.9999999999979
     0.032773437500000002       1.1764127700381124     3.03743019470806e-16       17.362508177966841       101324.99999999913       299.99999999999778
     0.032851562500000001       1.1764127700381128  -2.4537624305208032e-14       17.362508177966912       101324.99999999913       299.99999999999761
     0.032929687499999999       1.1764127700381126   7.3145497541311461e-14       17.362508177966834       101324.99999999913       299.99999999999767
     0.033007812499999997        1.176412770038112  -7.1737007655154134e-16       17.362508177966784       101324.99999999913        299.9999999999979
     0.033085937500000002        1.176412770038112   5.8582217445129309e-15       17.362508177966706        101324.9999999991       299.99999999999778
     0.033164062500000001        1.176412770038112  -2.8614459200908347e-14       17.362508177966706        101324.9999999991       299.99999999999778
     0.033242187499999999        1.176412770038112  -7.1462958218707789e-14       17.362508177966689       101324.99999999905       299.99999999999767
     0.033320312499999998        1.176412770038112  -7.8383250073358244e-14       17.362508177966664       101324.99999999907       299.99999999999767
     0.033398437500000003        1.176412770038112  -7.8700036937915594e-14       17.362508177966607       101324.99999999907       299.99999999999767
     0.033476562500000001        1.176412770038112  -5.6605311092888987e-14       17.362508177966561       101324.99999999905       299.99999999999767
     0.033554687499999999       1.1764127700381115  -1.6266404472261297e-14       17.362508177966607       101324.99999999905       299.99999999999778
     0.033632812499999998       1.1764127700381113  -2.1667945863515699e-14       17.362508177966586       101324.99999999905       299.99999999999778
     0.033710937500000003       1.1764127700381102  -2.8103277031095368e-14        17.36250817796666        101324.9999999991       299.99999999999824
     0.033789062500000001       1.1764127700381106   1.2716124427033793e-14       17.362508177966635       101324.99999999907       299.99999999999807
             0.0338671875       1.1764127700381115  -7.2266904038270804e-14       17.362508177966564       101324.99999999907       299.99999999999778
     0.033945312499999998       1.1764127700381115  -3.7860897045369623e-14       17.362508177966575        101324.9999999991        299.9999999999979
     0.034023437500000003       1.1764127700381115  -2.9616165521718783e-14       17.362508177966557        101324.9999999991        299.9999999999979
     0.034101562500000002       1.1764127700381115  -5.0956381436599574e-14       17.362508177966564        101324.9999999991        299.9999999999979
             0.0341796875       1.1764127700381115  -2.6191884760745443e-14       17.362508177966564        101324.9999999991        299.9999999999979
     0.034257812499999998        1.176412770038112  -2.0602005413236048e-14       17.362508177966596        101324.9999999991       299.99999999999778
     0.034335937500000004       1.1764127700381126   -2.777206532200675e-14       17.362508177966522       101324.99999999913       299.99999999999767
     0.034414062500000002       1.1764127700381128   2.0666023880492891e-14       17.362508177966564       101324.99999999913       299.99999999999761
             0.0344921875       1.1764127700381128  -2.4424216211776573e-14       17.362508177966561        101324.9999999991       299.99999999999756
     0.034570312499999999       1.1764127700381128   2.6786453552012584e-14       17.362508177966582       101324.99999999911       299.99999999999756
     0.034648437500000004       1.1764127700381128   4.8252914660523922e-14       17.362508177966564       101324.99999999913       299.99999999999761
     0.034726562500000002       1.1764127700381128   2.5956093343584354e-14       17.362508177966507       101324.99999999911       299.99999999999756
     0.034804687500000001       1.1764127700381126  -7.8578547789585453e-14       17.362508177966451        101324.9999999991       299.99999999999756
     0.034882812499999999       1.1764127700381128  -6.3909222591127798e-14       17.362508177966426        101324.9999999991       299.99999999999756
     0.034960937500000004       1.1764127700381126   2.0424360157092691e-14       17.362508177966273       101324.99999999913       299.99999999999767
     0.035078125000000002       1.1764127700381126  -6.7046209846228192e-14       17.362508177966312       101324.99999999916       299.99999999999773
     0.035234374999999998       1.1764127700381124  -2.5421631555976623e-14       17.362508177966443        101324.9999999992       299.99999999999801
     0.035390625000000002        1.176412770038112  -7.9372864712571965e-15       17.362508177966578       101324.99999999923       299.99999999999818
     0.035546874999999999        1.176412770038112  -2.7719017561925162e-14       17.362508177966582       101324.99999999923       299.99999999999818
     0.035703125000000002        1.176412770038112  -2.7457450912132503e-14       17.362508177966593       101324.99999999926       299.99999999999824
     0.035859374999999999       1.1764127700381115  -2.3723531638508012e-14       17.362508177966792        101324.9999999993       299.99999999999847
     0.036015625000000002        1.176412770038112  -7.0717093004249651e-14       17.362508177966713        101324.9999999993       299.99999999999841
     0.036171874999999999       1.1764127700381126  -2.6990990802349656e-14        17.36250817796666        101324.9999999993       299.99999999999818
     0.036328125000000003       1.1764127700381128  -2.2904061614936742e-15        17.36250817796666        101324.9999999993       299.99999999999812
     0.036484374999999999       1.1764127700381128  -6.3200812907616875e-14       17.362508177966582       101324.99999999933       299.99999999999824
     0.036640625000000003       1.1764127700381128  -7.8089248012571131e-14       17.362508177966649       101324.99999999933       299.99999999999824
              0.036796875       1.1764127700381126  -5.4002433148626135e-14       17.362508177966713       101324.99999999933       299.99999999999829
     0.036953125000000003       1.1764127700381126  -1.0889946126753617e-13       17.362508177966539       101324.99999999935       299.99999999999829
              0.037109375       1.1764127700381126  -1.8914496350801945e-14       17.362508177966486       101324.99999999937       299.99999999999841
     0.037265625000000004       1.1764127700381126  -5.8749683841142317e-14       17.362508177966539       101324.99999999942       299.99999999999852
              0.037421875       1.1764127700381128  -5.7161133099719665e-14       17.362508177966603       101324.99999999942       299.99999999999847
     0.037578125000000004       1.1764127700381128  -2.4411738876978953e-14       17.362508177966653        101324.9999999994       299.99999999999841
     0.037734375000000001        1.176412770038112    2.033641199077053e-14       17.362508177966696        101324.9999999994       299.99999999999869
     0.037890625000000004       1.1764127700381126  -4.3510671868080281e-14       17.362508177966614        101324.9999999994       299.99999999999847
     0.038046875000000001       1.1764127700381128  -6.6169770082658399e-14       17.362508177966589       101324.99999999942       299.99999999999847
     0.038203124999999998       1.1764127700381126   -2.117772924246916e-14       17.362508177966575       101324.99999999942       299.99999999999852
     0.038359375000000001       1.1764127700381115  -4.8072953931267971e-14       17.362508177966564       101324.99999999937       299.99999999999869
     0.038515624999999998       1.1764127700381115   1.1729345888853647e-14       17.362508177966529        101324.9999999994       299.99999999999881
     0.038671875000000001       1.1764127700381122  -1.0622278260006364e-14       17.362508177966575        101324.9999999994       299.99999999999864
     0.038828124999999998       1.1764127700381126  -1.6271156927561156e-14       17.362508177966593       101324.99999999945       299.99999999999864
     0.038984375000000002       1.1764127700381128  -2.8323117029645519e-14       17.362508177966617       101324.99999999945       299.99999999999858
     0.039140624999999998       1.1764127700381128   -1.414593617438851e-14       17.362508177966696        101324.9999999994       299.99999999999841
     0.039296875000000002       1.1764127700381128    -5.37659117603681e-14       17.362508177966724        101324.9999999994       299.99999999999841
     0.039453124999999999       1.1764127700381128  -2.3679031262904028e-14       17.362508177966667       101324.99999999942       299.99999999999847
     0.039609375000000002       1.1764127700381133  -4.6486193970768529e-14       17.362508177966646       101324.99999999945       299.99999999999847
     0.039765624999999999       1.1764127700381133  -2.9211146504884325e-14       17.362508177966664       101324.99999999943       299.99999999999841
     0.039921875000000002       1.1764127700381126  -4.3813445448602821e-14       17.362508177966724       101324.99999999945       299.99999999999864
     0.040156249999999998       1.1764127700381128  -3.4274804497710781e-14       17.362508177966735       101324.99999999945       299.99999999999858
     0.040468749999999998       1.1764127700381128  -2.1787767720753658e-14       17.362508177966745       101324.99999999948       299.99999999999864
     0.040781249999999998       1.1764127700381128  -2.6166678692653132e-14       17.362508177966735       101324.99999999948       299.99999999999864
     0.041093749999999998       1.1764127700381126  -7.0678908468887237e-14       17.362508177966774       101324.99999999951       299.99999999999881
     0.041406249999999999       1.1764127700381126  -1.1437685262506518e-13       17.362508177966845       101324.99999999951       299.99999999999881
     0.041718749999999999       1.1764127700381128  -1.5136717368659703e-13       17.362508177966877       101324.99999999951       299.99999999999875
     0.042031249999999999       1.1764127700381126  -6.5599283477338651e-14       17.362508177966944       101324.99999999955       299.99999999999892
     0.042343749999999999       1.1764127700381128  -4.1519783862006086e-14       17.362508177966927       101324.99999999955       299.99999999999886
               0.04265625       1.1764127700381128  -2.5400051166455726e-14       17.362508177966973       101324.99999999959       299.99999999999898
               0.04296875       1.1764127700381133    -2.29002923274235e-14       17.362508177967062       101324.99999999962       299.99999999999898
               0.04328125       1.1764127700381133  -8.2498614730644872e-15       17.362508177967154       101324.99999999962       299.99999999999898
     0.043593750000000001       1.1764127700381133  -1.6149439474873685e-14       17.362508177967182       101324.99999999962       299.99999999999898
     0.043906250000000001       1.1764127700381135  -2.7220986217433572e-14       17.362508177967211       101324.99999999964       299.99999999999898
     0.044218750000000001       1.1764127700381137   4.6665402547843762e-15       17.362508177967257       101324.99999999965       299.99999999999898
     0.044531250000000001       1.1764127700381137  -3.6297132572505704e-14       17.362508177967261       101324.99999999968       299.99999999999903
     0.044843750000000002       1.1764127700381133  -3.0959636565410965e-14       17.362508177967303       101324.99999999974       299.99999999999932
     0.045156250000000002       1.1764127700381133   1.2155407419224798e-14       17.362508177967399       101324.99999999972       299.99999999999926
     0.045468750000000002       1.1764127700381133   1.4272909226205254e-14       17.362508177967467       101324.99999999972       299.99999999999926
     0.045781250000000002       1.1764127700381133    2.193734333027451e-14       17.362508177967523       101324.99999999974       299.99999999999932
     0.046093750000000003       1.1764127700381135   1.0172781279853769e-14       17.362508177967548       101324.99999999974       299.99999999999926
     0.046406250000000003       1.1764127700381133   7.7094405774330663e-15       17.362508177967552       101324.99999999974       299.99999999999932
     0.046718750000000003       1.1764127700381128  -9.7817416926339111e-15       17.362508177967577       101324.99999999974       299.99999999999943
     0.047031250000000004       1.1764127700381133  -2.3341497393640841e-14       17.362508177967655       101324.99999999974       299.99999999999932
     0.047343750000000004       1.1764127700381133   2.0925898686910525e-14       17.362508177967761       101324.99999999981       299.99999999999955
     0.047656250000000004       1.1764127700381135    2.787819779580367e-14       17.362508177967754       101324.99999999978       299.99999999999943
     0.047968750000000004        1.176412770038114   2.8288212233226381e-14       17.362508177967683        101324.9999999998       299.99999999999937
     0.048281249999999998        1.176412770038114   7.8578370856988607e-14       17.362508177967616        101324.9999999998       299.99999999999937
     0.048593749999999998       1.1764127700381133   3.9972593964895783e-14       17.362508177967651       101324.99999999981       299.99999999999955
     0.048906249999999998       1.1764127700381133   -3.961929020377566e-14        17.36250817796768       101324.99999999981       299.99999999999955
     0.049218749999999999       1.1764127700381133  -4.0266913886282686e-14       17.362508177967651       101324.99999999981       299.99999999999955
     0.049531249999999999       1.1764127700381133   -6.839573848033468e-14       17.362508177967694       101324.99999999981       299.99999999999955
     0.049843749999999999       1.1764127700381133  -4.6012138865352353e-14       17.362508177967655       101324.99999999981       299.99999999999955
     0.050312500000000003       1.1764127700381135  -1.9094854565117527e-14       17.362508177967712       101324.99999999985        299.9999999999996
     0.050937500000000004       1.1764127700381133    -3.79333567455018e-14       17.362508177967747       101324.99999999983        299.9999999999996
     0.051562500000000004       1.1764127700381133   1.9744407083336946e-14       17.362508177967754       101324.99999999985       299.99999999999966
     0.052187499999999998       1.1764127700381135  -1.3206315657862339e-14       17.362508177967737       101324.99999999985        299.9999999999996
     0.052812499999999998        1.176412770038114  -2.3507296349946813e-14       17.362508177967758       101324.99999999985       299.99999999999955
     0.053437499999999999       1.1764127700381133  -4.3639205371196122e-14       17.362508177967765       101324.99999999981       299.99999999999955
     0.054062499999999999       1.1764127700381128   8.8516192061285517e-15       17.362508177967811       101324.99999999985       299.99999999999977
                0.0546875       1.1764127700381133   1.5627600461052165e-14       17.362508177967882       101324.99999999985       299.99999999999966
     0.055312500000000001       1.1764127700381133   1.5111948354370141e-15       17.362508177967857       101324.99999999985       299.99999999999966
     0.055937500000000001        1.176412770038114   2.8851314023856323e-14       17.362508177967836       101324.99999999988        299.9999999999996
     0.056562500000000002        1.176412770038114   1.8163405281154458e-15       17.362508177967847       101324.99999999988        299.9999999999996
     0.057187500000000002       1.1764127700381135  -1.2222608226319675e-14       17.362508177967836       101324.99999999988       299.99999999999972
     0.057812500000000003       1.1764127700381133  -2.2236476763628876e-14       17.362508177967975       101324.99999999988       299.99999999999977
     0.058437500000000003       1.1764127700381133  -9.2718316791373959e-15       17.362508177967978       101324.99999999985       299.99999999999966
     0.059062500000000004       1.1764127700381133   5.8869435224488899e-14       17.362508177967939       101324.99999999984        299.9999999999996
     0.059687500000000004       1.1764127700381128  -2.2934489883785594e-14       17.362508177967914       101324.99999999983       299.99999999999966
     0.060312499999999998       1.1764127700381128   1.2784259442197715e-14       17.362508177967875       101324.99999999983       299.99999999999966
     0.060937499999999999       1.1764127700381128   4.8799373339462552e-15       17.362508177967875       101324.99999999985       299.99999999999977
     0.061562499999999999       1.1764127700381133  -1.8351874371355611e-14       17.362508177967879       101324.99999999985       299.99999999999966
                0.0621875        1.176412770038114   1.4487511607294335e-14       17.362508177967833       101324.99999999988        299.9999999999996
     0.062812500000000007       1.1764127700381133  -1.5826148496998286e-14       17.362508177967918       101324.99999999988       299.99999999999977
     0.063437500000000008        1.176412770038114  -8.2812296587147801e-16       17.362508177967989       101324.99999999988        299.9999999999996
     0.064062499999999994        1.176412770038114  -2.4751629140629882e-14       17.362508177967936       101324.99999999985       299.99999999999955
     0.064687499999999995       1.1764127700381133  -4.8204158783184182e-14       17.362508177967868       101324.99999999985       299.99999999999966
     0.065312499999999996       1.1764127700381128  -2.0918969600673713e-14       17.362508177967904       101324.99999999985       299.99999999999977
     0.065937499999999996       1.1764127700381133  -8.4290392364298786e-14       17.362508177967861       101324.99999999983        299.9999999999996
     0.066562499999999997       1.1764127700381137  -6.2100032465433906e-14       17.362508177967882       101324.99999999983       299.99999999999949
     0.067187499999999997       1.1764127700381142   2.6222294667009538e-14       17.362508177967783       101324.99999999985       299.99999999999949
     0.067812499999999998        1.176412770038114   1.3142532391685537e-14       17.362508177967833       101324.99999999985       299.99999999999955
     0.068437499999999998       1.1764127700381133  -2.3758547815361461e-14       17.362508177967783       101324.99999999985       299.99999999999966
     0.069062499999999999       1.1764127700381133  -8.7149354314798279e-14       17.362508177967758       101324.99999999988       299.99999999999977
     0.069687499999999999       1.1764127700381135  -3.7894661694437073e-14       17.362508177967928       101324.99999999988       299.99999999999972
                0.0703125       1.1764127700381133  -4.9026605616938351e-14        17.36250817796795       101324.99999999987       299.99999999999972
     0.070937500000000001       1.1764127700381133    1.013692576186227e-14       17.362508177967896       101324.99999999985       299.99999999999966
     0.071562500000000001       1.1764127700381133   2.6448545936316761e-14       17.362508177967911       101324.99999999985       299.99999999999966
     0.072187500000000002       1.1764127700381133    -4.50665457251504e-15       17.362508177967968       101324.99999999985       299.99999999999966
     0.072812500000000002       1.1764127700381133  -2.0849077786948665e-14       17.362508177967946       101324.99999999981       299.99999999999955
     0.073437500000000003       1.1764127700381128  -3.1656284307854705e-14       17.362508177967946       101324.99999999985       299.99999999999977
     0.074062500000000003       1.1764127700381128   -3.408688461521817e-14       17.362508177967893       101324.99999999985       299.99999999999977
     0.074687500000000004       1.1764127700381133   -8.332266692498458e-15       17.362508177967882       101324.99999999985       299.99999999999966
     0.075312500000000004       1.1764127700381133  -5.9401827046615328e-14       17.362508177967896       101324.99999999983        299.9999999999996
     0.075937500000000005       1.1764127700381133  -3.2010088796643098e-14       17.362508177967882       101324.99999999983        299.9999999999996
     0.076562500000000006       1.1764127700381135  -3.5848138898980524e-14       17.362508177967879       101324.99999999981       299.99999999999949
     0.077187500000000006       1.1764127700381133  -1.7579215201435479e-14       17.362508177967818       101324.99999999981       299.99999999999955
     0.077812500000000007       1.1764127700381133    4.056540708468986e-17       17.362508177967793       101324.99999999984        299.9999999999996
     0.078437500000000007       1.1764127700381135    3.166079529219619e-14       17.362508177967772       101324.99999999985        299.9999999999996
     0.079062500000000008        1.176412770038114   1.6858227304856921e-15       17.362508177967786       101324.99999999988        299.9999999999996
     0.079687500000000008       1.1764127700381133  -1.4083246269886422e-14       17.362508177967847       101324.99999999987       299.99999999999972
     0.080312499999999995       1.1764127700381133   1.8702548521906556e-15        17.36250817796785       101324.99999999991       299.99999999999983
     0.080937499999999996       1.1764127700381133  -2.3646658635447377e-14       17.362508177967896        101324.9999999999       299.99999999999977
     0.081562499999999996       1.1764127700381128  -4.5473074444586716e-15       17.362508177967911       101324.99999999985       299.99999999999977
     0.082187499999999997       1.1764127700381133   2.8709762001678769e-14       17.362508177967793       101324.99999999988       299.99999999999977
     0.082812499999999997       1.1764127700381128  -1.7182664395515356e-14       17.362508177967904       101324.99999999988       299.99999999999983
     0.083437499999999998       1.1764127700381128  -3.0868215547191977e-14       17.362508177967925       101324.99999999985       299.99999999999977
     0.084062499999999998       1.1764127700381133  -5.8668048624728033e-14       17.362508177967928       101324.99999999988       299.99999999999977
     0.084687499999999999       1.1764127700381128  -1.1301693589703089e-13       17.362508177968049       101324.99999999988       299.99999999999983
     0.085312499999999999       1.1764127700381133  -3.2390793196849066e-14       17.362508177967985       101324.99999999984        299.9999999999996
                0.0859375        1.176412770038114  -3.4001214789055491e-14       17.362508177967889       101324.99999999981       299.99999999999937
     0.086562500000000001        1.176412770038114  -5.1285565887973975e-14       17.362508177967872       101324.99999999983       299.99999999999943
     0.087187500000000001        1.176412770038114  -5.7483441642648506e-14       17.362508177967875       101324.99999999983       299.99999999999943
     0.087812500000000002       1.1764127700381133  -4.7445759992246686e-14       17.362508177967861       101324.99999999981       299.99999999999955
     0.088437500000000002       1.1764127700381128   6.9028248148567708e-15       17.362508177967896       101324.99999999985       299.99999999999977
     0.089062500000000003       1.1764127700381128  -9.5310977875525253e-15       17.362508177967872       101324.99999999985       299.99999999999977
     0.089687500000000003       1.1764127700381128   1.3545679490997153e-14       17.362508177967943       101324.99999999985       299.99999999999977
     0.090312500000000004       1.1764127700381133  -3.3015843885609228e-14       17.362508177967936       101324.99999999985       299.99999999999966
     0.090937500000000004       1.1764127700381133  -4.4997143757441157e-14       17.362508177967889       101324.99999999985       299.99999999999966
     0.091562500000000005       1.1764127700381133  -4.6718282488062545e-14        17.36250817796785       101324.99999999985       299.99999999999966
     0.092187500000000006       1.1764127700381133  -4.5079544128491635e-14       17.362508177967893       101324.99999999985       299.99999999999966
     0.092812500000000006       1.1764127700381133  -3.8910193807164446e-14       17.362508177967868       101324.99999999983        299.9999999999996
     0.093437500000000007       1.1764127700381137  -3.8715285018048583e-14        17.36250817796785       101324.99999999983       299.99999999999949
     0.094062500000000007       1.1764127700381135  -5.6242314901964773e-14       17.362508177967946       101324.99999999981       299.99999999999949
     0.094687500000000008       1.1764127700381133  -5.0087165122687905e-14       17.362508177967971        101324.9999999998       299.99999999999949
     0.095312500000000008       1.1764127700381128  -2.8340843253423698e-14       17.362508177967889       101324.99999999978       299.99999999999955
     0.095937500000000009       1.1764127700381133  -5.6069817678226555e-14       17.362508177967804        101324.9999999998       299.99999999999949
     0.096562499999999996       1.1764127700381133  -2.5461157409514962e-14       17.362508177967797       101324.99999999981       299.99999999999955
     0.097187499999999996       1.1764127700381133  -4.9042363040040909e-14       17.362508177967833       101324.99999999983        299.9999999999996
     0.097812499999999997       1.1764127700381133  -7.9230760392653896e-14       17.362508177967815       101324.99999999983        299.9999999999996
     0.098437499999999997       1.1764127700381135  -7.7631885269253412e-14       17.362508177967879       101324.99999999983       299.99999999999955
     0.099062499999999998       1.1764127700381135  -4.7634212698692766e-14       17.362508177967921       101324.99999999983       299.99999999999955
     0.099687499999999998       1.1764127700381133    1.733550085744949e-14       17.362508177967932       101324.99999999985       299.99999999999966
                0.1003125       1.1764127700381133   -2.569991907397036e-14       17.362508177967928       101324.99999999985       299.99999999999966
                0.1009375       1.1764127700381133   -5.905940033667841e-14       17.362508177967875       101324.99999999987       299.99999999999972
                0.1015625       1.1764127700381133  -6.7849074553109419e-14       17.362508177967769       101324.99999999983        299.9999999999996
                0.1021875       1.1764127700381133    1.064887410959414e-14       17.362508177967829       101324.99999999985       299.99999999999966
                0.1028125       1.1764127700381133  -4.4308565428429199e-14       17.362508177967854       101324.99999999981       299.99999999999955
                0.1034375       1.1764127700381133   1.4057805349078503e-14       17.362508177967893       101324.99999999985       299.99999999999966
                0.1040625       1.1764127700381135    2.244988311935995e-14       17.362508177967921       101324.99999999981       299.99999999999949
                0.1046875       1.1764127700381133   1.3087711265813729e-14       17.362508177967896       101324.99999999981       299.99999999999955
                0.1053125        1.176412770038114  -3.8897387726182688e-14       17.362508177967875       101324.99999999983       299.99999999999943
                0.1059375        1.176412770038114  -2.7822079057938097e-14       17.362508177967854       101324.99999999981       299.99999999999937
                0.1065625       1.1764127700381133  -2.7575721617765843e-14       17.362508177967882       101324.99999999981       299.99999999999955
                0.1071875       1.1764127700381135   -1.079761861873781e-14       17.362508177967896       101324.99999999985        299.9999999999996
      0.10781250000000001       1.1764127700381133   4.7115327638679197e-15       17.362508177967896       101324.99999999983        299.9999999999996
      0.10843750000000001       1.1764127700381133    2.909899659710555e-15       17.362508177967801       101324.99999999985       299.99999999999966
      0.10906250000000001       1.1764127700381133  -7.3298714206148901e-15       17.362508177967829       101324.99999999983        299.9999999999996
      0.10968750000000001       1.1764127700381133  -6.4793858461953914e-15       17.362508177967808       101324.99999999983        299.9999999999996
      0.11031250000000001       1.1764127700381128  -9.7064934844295445e-15        17.36250817796784       101324.99999999981       299.99999999999966
      0.11093750000000001       1.1764127700381133   1.2854510256283798e-14       17.362508177967811       101324.99999999984        299.9999999999996
      0.11156250000000001       1.1764127700381133    4.124345160665348e-14       17.362508177967918       101324.99999999984        299.9999999999996
                0.1121875       1.1764127700381133   1.1568660851919522e-14       17.362508177967989       101324.99999999985       299.99999999999966
                0.1128125       1.1764127700381135  -2.6497276826894069e-14       17.362508177967992       101324.99999999985        299.9999999999996
                0.1134375       1.1764127700381133  -3.3924421275926368e-14       17.362508177967918       101324.99999999985       299.99999999999966
                0.1140625        1.176412770038114  -1.4533742377252007e-14       17.362508177967939       101324.99999999985       299.99999999999955
                0.1146875        1.176412770038114  -3.4239735145564872e-14       17.362508177967932       101324.99999999983       299.99999999999943
                0.1153125       1.1764127700381135  -2.0128260207214748e-14       17.362508177967918       101324.99999999985        299.9999999999996
                0.1159375       1.1764127700381135  -5.0759499464676098e-14       17.362508177967953       101324.99999999985        299.9999999999996
                0.1165625       1.1764127700381135  -9.7720529857089168e-14       17.362508177967879       101324.99999999983       299.99999999999955
                0.1171875       1.1764127700381135  -1.1140276562367876e-14       17.362508177967843       101324.99999999981       299.99999999999949
                0.1178125       1.1764127700381135   3.7490732826992992e-15       17.362508177967868       101324.99999999981       299.99999999999949
                0.1184375       1.1764127700381133   -1.838926234283807e-14       17.362508177967893       101324.99999999985       299.99999999999966
                0.1190625       1.1764127700381133  -2.2533956845316803e-14       17.362508177967811       101324.99999999983        299.9999999999996
                0.1196875        1.176412770038114  -4.7268650023370667e-14       17.362508177967793       101324.99999999985       299.99999999999955
                0.1203125        1.176412770038114  -1.6697470366452931e-14       17.362508177967811       101324.99999999983       299.99999999999943
                0.1209375        1.176412770038114  -2.1848377400060346e-15       17.362508177967843       101324.99999999983       299.99999999999943
                0.1215625        1.176412770038114  -1.4137933142220101e-14       17.362508177967847       101324.99999999981       299.99999999999937
                0.1221875        1.176412770038114   1.5537131542612475e-14       17.362508177967833       101324.99999999978       299.99999999999932
                0.1228125       1.1764127700381135  -1.9832017419034212e-14       17.362508177967815       101324.99999999983       299.99999999999955
      0.12343750000000001       1.1764127700381128  -1.0948347578922293e-15       17.362508177967918       101324.99999999985       299.99999999999977
      0.12406250000000001       1.1764127700381133   9.0481221694889227e-15       17.362508177967914       101324.99999999985       299.99999999999966
      0.12468750000000001        1.176412770038114   -3.531680059474061e-14        17.36250817796785       101324.99999999983       299.99999999999943
      0.12531249999999999        1.176412770038114  -6.9803933172467885e-14       17.362508177967836       101324.99999999983       299.99999999999943
      0.12593750000000001        1.176412770038114     -4.6407029111129e-14       17.362508177967836       101324.99999999983       299.99999999999943
      0.12656249999999999        1.176412770038114  -3.4000127754753989e-14       17.362508177967872       101324.99999999984       299.99999999999949
      0.12718750000000001       1.1764127700381137  -3.6257465915116134e-14       17.362508177967936       101324.99999999985       299.99999999999955
                0.1278125       1.1764127700381135  -3.9576044892778921e-14         17.3625081779679       101324.99999999985        299.9999999999996
      0.12843750000000001       1.1764127700381133  -4.6548264326757747e-14       17.362508177967861       101324.99999999985       299.99999999999966
                0.1290625       1.1764127700381133  -6.3394972507341903e-14       17.362508177967847       101324.99999999985       299.99999999999966
      0.12968750000000001        1.176412770038114  -6.5899354352591597e-14       17.362508177967811        101324.9999999998       299.99999999999937
                0.1303125        1.176412770038114  -4.7175057714680144e-14       17.362508177967797       101324.99999999978       299.99999999999932
      0.13093750000000001        1.176412770038114  -1.9954649293121684e-14       17.362508177967829       101324.99999999978       299.99999999999932
                0.1315625       1.1764127700381133  -2.4406369059230663e-14       17.362508177967801       101324.99999999978       299.99999999999943
      0.13218750000000001       1.1764127700381133  -3.2410904084818664e-14       17.362508177967811       101324.99999999983        299.9999999999996
                0.1328125       1.1764127700381133  -2.8509895916146146e-14       17.362508177967825       101324.99999999981       299.99999999999955
      0.13343750000000001        1.176412770038114   1.3480135104424119e-14       17.362508177967833       101324.99999999985       299.99999999999955
                0.1340625        1.176412770038114  -4.8970737254330382e-14       17.362508177967882       101324.99999999985       299.99999999999955
      0.13468750000000002       1.1764127700381142   -4.716862738927496e-14       17.362508177967946       101324.99999999988       299.99999999999955
                0.1353125       1.1764127700381133  -4.5472746146199944e-14       17.362508177968014        101324.9999999999       299.99999999999977
      0.13593750000000002        1.176412770038114   -4.212483256719897e-14          17.362508177968        101324.9999999999       299.99999999999966
                0.1365625       1.1764127700381142  -6.0695726223605788e-14       17.362508177967971       101324.99999999988       299.99999999999955
      0.13718749999999999       1.1764127700381142  -7.8297090285454871e-14       17.362508177967989       101324.99999999988       299.99999999999955
                0.1378125       1.1764127700381142  -7.8765216703899252e-14        17.36250817796801       101324.99999999985       299.99999999999949
      0.13843749999999999       1.1764127700381142  -7.0392263821787612e-14       17.362508177967982       101324.99999999985       299.99999999999949
      0.13906250000000001        1.176412770038114  -4.9379917613526872e-14       17.362508177967932       101324.99999999978       299.99999999999932
      0.13968749999999999        1.176412770038114  -3.7095067935084585e-14       17.362508177967904       101324.99999999978       299.99999999999932
      0.14031250000000001        1.176412770038114  -2.4745943012393346e-14         17.3625081779679       101324.99999999981       299.99999999999937
      0.14093749999999999       1.1764127700381142  -6.6203629950059502e-14       17.362508177967872       101324.99999999985       299.99999999999949
      0.14156250000000001       1.1764127700381142  -5.8974656262044643e-14       17.362508177967836       101324.99999999987       299.99999999999949
      0.14218749999999999       1.1764127700381142   -6.349867118266723e-14        17.36250817796784        101324.9999999999        299.9999999999996
      0.14281250000000001       1.1764127700381133   -5.716650296663939e-14       17.362508177967889       101324.99999999985       299.99999999999966
                0.1434375        1.176412770038114  -3.1296006783281345e-14       17.362508177967882       101324.99999999984       299.99999999999949
      0.14406250000000001        1.176412770038114  -3.0012256397001446e-14       17.362508177967896       101324.99999999981       299.99999999999937
                0.1446875       1.1764127700381142  -5.8440480282502276e-14       17.362508177967857       101324.99999999984       299.99999999999943
      0.14531250000000001        1.176412770038114  -4.3863504025903228e-14       17.362508177967811       101324.99999999983       299.99999999999943
                0.1459375       1.1764127700381133  -6.3446524931646551e-14       17.362508177967847       101324.99999999983        299.9999999999996
      0.14656250000000001       1.1764127700381128   3.8324300500405623e-15       17.362508177967836       101324.99999999985       299.99999999999977
                0.1471875       1.1764127700381142  -2.0473732274647491e-14       17.362508177967868       101324.99999999988       299.99999999999955
      0.14781250000000001       1.1764127700381142  -4.0075258502047356e-14       17.362508177967889       101324.99999999985       299.99999999999949
                0.1484375       1.1764127700381133   -5.384503043905457e-14       17.362508177967928       101324.99999999987       299.99999999999972
      0.14906250000000001       1.1764127700381133  -3.8830814125227461e-14       17.362508177967996        101324.9999999999       299.99999999999977
                0.1496875       1.1764127700381133  -5.9504285942026205e-14        17.36250817796801       101324.99999999987       299.99999999999972
      0.15031250000000002       1.1764127700381133  -1.8684776757105313e-14       17.362508177967971        101324.9999999999       299.99999999999977
                0.1509375        1.176412770038114  -1.6078237524045375e-14       17.362508177967985       101324.99999999996       299.99999999999983
      0.15156250000000002       1.1764127700381133  -4.2730373373661058e-14       17.362508177968092       101324.99999999996                      300
                0.1521875       1.1764127700381128  -4.2810064014525255e-14       17.362508177968053        101324.9999999999       299.99999999999989
      0.15281249999999999       1.1764127700381128  -4.4619463473997316e-14       17.362508177967964       101324.99999999987       299.99999999999983
                0.1534375       1.1764127700381128  -3.9422477836641358e-14       17.362508177967936       101324.99999999988       299.99999999999983
      0.15406249999999999       1.1764127700381133  -5.6968717904160872e-14       17.362508177967957        101324.9999999999       299.99999999999977
      0.15468750000000001       1.1764127700381133  -6.6748773872308814e-14       17.362508177967921       101324.99999999987       299.99999999999972
      0.15531249999999999       1.1764127700381133  -4.5518008961969316e-14       17.362508177967825       101324.99999999987       299.99999999999972
      0.15593750000000001        1.176412770038114  -4.0897839479085709e-14       17.362508177967868       101324.99999999988        299.9999999999996
      0.15656249999999999        1.176412770038114  -1.7363349083686304e-14       17.362508177967936       101324.99999999988        299.9999999999996
      0.15718750000000001        1.176412770038114  -3.3314589220340317e-14       17.362508177967896       101324.99999999987       299.99999999999955
      0.15781249999999999       1.1764127700381133  -4.9487659688558387e-14       17.362508177967932       101324.99999999985       299.99999999999966
      0.15843750000000001       1.1764127700381133  -4.2441816952422935e-14        17.36250817796796       101324.99999999985       299.99999999999966
                0.1590625       1.1764127700381133  -9.2370651669952359e-14       17.362508177967946       101324.99999999985       299.99999999999966
      0.15968750000000001       1.1764127700381133  -4.2211116705541869e-14       17.362508177967943       101324.99999999983        299.9999999999996
                0.1603125       1.1764127700381133  -6.9746354098057373e-14       17.362508177967939       101324.99999999983        299.9999999999996
      0.16093750000000001       1.1764127700381133   1.6434278892713167e-14       17.362508177967882       101324.99999999985       299.99999999999966
                0.1615625       1.1764127700381128  -8.7077452764693098e-15       17.362508177967861       101324.99999999985       299.99999999999977
      0.16218750000000001       1.1764127700381133   2.6484540252244754e-15         17.3625081779679       101324.99999999985       299.99999999999966
                0.1628125       1.1764127700381133  -2.0891765896447334e-14        17.36250817796795       101324.99999999983        299.9999999999996
      0.16343750000000001        1.176412770038114   2.9938146815643732e-14       17.362508177967808       101324.99999999985       299.99999999999955
                0.1640625       1.1764127700381142  -1.5498747317520681e-14       17.362508177967769       101324.99999999987       299.99999999999949
      0.16468750000000001        1.176412770038114  -2.7582613666901827e-14        17.36250817796779       101324.99999999988        299.9999999999996
                0.1653125       1.1764127700381142  -5.1725489917508994e-14        17.36250817796785       101324.99999999988       299.99999999999955
      0.16593750000000002        1.176412770038114  -1.7372416214183523e-14       17.362508177967936       101324.99999999988        299.9999999999996
                0.1665625       1.1764127700381133  -2.7457213990092311e-14        17.36250817796795       101324.99999999985       299.99999999999966
      0.16718750000000002       1.1764127700381133   -2.486204659315568e-14       17.362508177967889       101324.99999999985       299.99999999999966
                0.1678125       1.1764127700381133  -3.7880157080654889e-14       17.362508177967889       101324.99999999985       299.99999999999966
      0.16843749999999999       1.1764127700381133  -8.7554057623890802e-14       17.362508177967896       101324.99999999988       299.99999999999977
                0.1690625       1.1764127700381133  -3.1635327480632099e-14       17.362508177967936       101324.99999999985       299.99999999999966
      0.16968749999999999        1.176412770038114  -4.3265225115312105e-14       17.362508177967854       101324.99999999987       299.99999999999955
      0.17031250000000001       1.1764127700381142  -6.0122013396074626e-14       17.362508177967854        101324.9999999999        299.9999999999996
      0.17093749999999999        1.176412770038114  -1.1193377930769091e-13       17.362508177967879       101324.99999999988        299.9999999999996
      0.17156250000000001       1.1764127700381133  -8.2006973470947882e-14       17.362508177967914        101324.9999999999       299.99999999999977
      0.17218749999999999       1.1764127700381133   -9.381721073217294e-14       17.362508177967914        101324.9999999999       299.99999999999977
      0.17281250000000001       1.1764127700381133   -1.114760064426287e-13       17.362508177967886       101324.99999999991       299.99999999999983
      0.17343749999999999       1.1764127700381133  -5.5702764930092989e-14        17.36250817796785       101324.99999999988       299.99999999999977
      0.17406250000000001       1.1764127700381133   1.5073675169260476e-14       17.362508177967833       101324.99999999985       299.99999999999966
                0.1746875       1.1764127700381133  -2.5291597359596038e-14       17.362508177967928       101324.99999999985       299.99999999999966
      0.17531250000000001       1.1764127700381133  -1.2132440719386544e-14       17.362508177967914       101324.99999999984        299.9999999999996
                0.1759375       1.1764127700381133  -5.0131411591376297e-15       17.362508177967932       101324.99999999985       299.99999999999966
      0.17656250000000001       1.1764127700381133  -1.7354147978042263e-14        17.36250817796795       101324.99999999985       299.99999999999966
                0.1771875       1.1764127700381133   -2.251457503638165e-14       17.362508177967893       101324.99999999985       299.99999999999966
      0.17781250000000001       1.1764127700381133  -2.9577262583050452e-14       17.362508177967946       101324.99999999987       299.99999999999972
                0.1784375       1.1764127700381133  -4.8933786207538828e-14          17.362508177968        101324.9999999999       299.99999999999977
      0.17906250000000001       1.1764127700381133  -3.6995264967021292e-14        17.36250817796801        101324.9999999999       299.99999999999977
                0.1796875       1.1764127700381133  -9.8285181258384126e-14       17.362508177967982       101324.99999999991       299.99999999999983
      0.18031250000000001        1.176412770038114  -4.7663359417959154e-14       17.362508177967936        101324.9999999999       299.99999999999966
                0.1809375       1.1764127700381133   -3.044724671711842e-14       17.362508177967918       101324.99999999988       299.99999999999977
      0.18156250000000002       1.1764127700381133  -6.3006601546285622e-14       17.362508177967889       101324.99999999985       299.99999999999966
                0.1821875       1.1764127700381135  -5.6559117762966258e-14       17.362508177967797       101324.99999999983       299.99999999999955
      0.18281250000000002       1.1764127700381133   -3.022621348720634e-14       17.362508177967793       101324.99999999983        299.9999999999996
                0.1834375       1.1764127700381133  -3.3094031798820035e-14       17.362508177967793       101324.99999999981       299.99999999999955
      0.18406249999999999       1.1764127700381133  -2.3552822347284766e-14       17.362508177967882       101324.99999999981       299.99999999999955
                0.1846875       1.1764127700381128  -1.7744726072217229e-15       17.362508177968007       101324.99999999985       299.99999999999977
      0.18531249999999999       1.1764127700381133   -4.398108531018527e-14       17.362508177968017       101324.99999999983        299.9999999999996
      0.18593750000000001       1.1764127700381133  -6.1040641810875201e-14       17.362508177968021       101324.99999999983        299.9999999999996
      0.18656249999999999       1.1764127700381133  -4.2664444838286366e-14       17.362508177968028       101324.99999999983        299.9999999999996
      0.18718750000000001        1.176412770038114  -4.1241693075059308e-14       17.362508177968017       101324.99999999981       299.99999999999937
      0.18781249999999999       1.1764127700381137  -2.6345653816662124e-14       17.362508177967968       101324.99999999978       299.99999999999937
      0.18843750000000001        1.176412770038114  -1.4618338366030082e-14       17.362508177967957       101324.99999999978       299.99999999999932
      0.18906249999999999        1.176412770038114  -5.2375115554125588e-14         17.3625081779679       101324.99999999983       299.99999999999943
      0.18968750000000001        1.176412770038114   -5.365054428163931e-14       17.362508177967928       101324.99999999983       299.99999999999943
                0.1903125       1.1764127700381135  -2.6970522045167741e-14       17.362508177967896       101324.99999999983       299.99999999999955
      0.19093750000000001       1.1764127700381133   -6.106675004478524e-14       17.362508177967914       101324.99999999983        299.9999999999996
                0.1915625       1.1764127700381133  -8.2866418621767398e-14       17.362508177967932       101324.99999999981       299.99999999999955
      0.19218750000000001       1.1764127700381133  -7.1173571446553833e-14       17.362508177967875       101324.99999999985       299.99999999999966
                0.1928125       1.1764127700381133  -8.2800344675112804e-14        17.36250817796784       101324.99999999987       299.99999999999972
      0.19343750000000001       1.1764127700381133  -6.1850885249359583e-14       17.362508177967818       101324.99999999987       299.99999999999972
                0.1940625       1.1764127700381133  -4.1380275366543586e-14       17.362508177967843       101324.99999999985       299.99999999999966
      0.19468750000000001       1.1764127700381133  -2.6896772902997793e-14       17.362508177967872       101324.99999999983        299.9999999999996
                0.1953125       1.1764127700381133  -4.6358194617169154e-14       17.362508177967918       101324.99999999983        299.9999999999996
      0.19593750000000001       1.1764127700381133  -5.2981415186747638e-14       17.362508177967907       101324.99999999983        299.9999999999996
                0.1965625       1.1764127700381133     -5.1054244780994e-14       17.362508177967914       101324.99999999983        299.9999999999996
      0.19718750000000002       1.1764127700381133  -7.5462206838318175e-14       17.362508177967943       101324.99999999983        299.9999999999996
                0.1978125       1.1764127700381133  -4.3093576086966073e-14       17.362508177967943       101324.99999999983        299.9999999999996
      0.19843750000000002       1.1764127700381128  -1.0920226104681635e-14       17.362508177967907       101324.99999999981       299.99999999999966
                0.1990625       1.1764127700381128  -3.9612887353236394e-14       17.362508177967893       101324.99999999981       299.99999999999966
      0.19968750000000002       1.1764127700381133  -3.0344814941376696e-14         17.3625081779679       101324.99999999981       299.99999999999955
                0.2003125       1.1764127700381133  -5.5581370523327315e-14        17.36250817796796       101324.99999999981       299.99999999999955
      0.20093749999999999       1.1764127700381133  -3.4296134380992016e-14       17.362508177967946       101324.99999999984        299.9999999999996
      0.20156250000000001       1.1764127700381133  -2.8685383831580253e-15       17.362508177967896       101324.99999999981       299.99999999999955
      0.20218749999999999        1.176412770038114  -5.0447852447644836e-14       17.362508177967875       101324.99999999983       299.99999999999943
      0.20281250000000001       1.1764127700381135   -7.011280941028076e-14       17.362508177967864       101324.99999999978       299.99999999999943
      0.20343749999999999       1.1764127700381133  -4.5735854857413111e-14       17.362508177967822       101324.99999999981       299.99999999999955
      0.20406250000000001       1.1764127700381128  -5.1164683300275507e-14       17.362508177967928       101324.99999999981       299.99999999999966
      0.20468749999999999       1.1764127700381133   2.6510533923336834e-15       17.362508177967907       101324.99999999981       299.99999999999955
      0.20531250000000001       1.1764127700381133  -5.8832842199499567e-15       17.362508177967907       101324.99999999981       299.99999999999955
                0.2059375       1.1764127700381128  -1.5288253838266383e-14       17.362508177967864       101324.99999999978       299.99999999999955
      0.20656250000000001       1.1764127700381133  -2.2377146750349623e-14       17.362508177967861       101324.99999999981       299.99999999999955
                0.2071875       1.1764127700381133  -5.9335854774988847e-14       17.362508177967886       101324.99999999983        299.9999999999996
      0.20781250000000001       1.1764127700381133  -7.8090978278693551e-14       17.362508177967843       101324.99999999983        299.9999999999996
                0.2084375       1.1764127700381128  -6.0178585628824603e-14         17.3625081779679       101324.99999999983       299.99999999999966
      0.20906250000000001       1.1764127700381133  -1.8692383301738003e-14       17.362508177967925       101324.99999999985       299.99999999999966
                0.2096875       1.1764127700381128   7.6375211601433274e-15       17.362508177967953       101324.99999999985       299.99999999999977
      0.21031250000000001       1.1764127700381137  -1.0661553077522458e-14       17.362508177967882       101324.99999999985       299.99999999999955
                0.2109375        1.176412770038114   -3.194695591029509e-14       17.362508177967854       101324.99999999984       299.99999999999949
      0.21156250000000001        1.176412770038114  -1.7198562855558462e-14       17.362508177967847       101324.99999999981       299.99999999999937
                0.2121875        1.176412770038114  -5.2662214446843121e-14       17.362508177967886        101324.9999999998       299.99999999999937
      0.21281250000000002       1.1764127700381142   -4.083837432934103e-14       17.362508177967896       101324.99999999981       299.99999999999932
                0.2134375        1.176412770038114  -5.3232588434426709e-14       17.362508177967918       101324.99999999983       299.99999999999943
      0.21406250000000002        1.176412770038114  -7.3068916338374379e-14       17.362508177967875       101324.99999999983       299.99999999999943
                0.2146875        1.176412770038114  -9.7707341632135584e-15       17.362508177967893       101324.99999999985       299.99999999999955
      0.21531250000000002       1.1764127700381133  -8.5284152738836346e-14       17.362508177967907       101324.99999999983        299.9999999999996
                0.2159375       1.1764127700381133  -4.3137926011808409e-14       17.362508177967868       101324.99999999983        299.9999999999996
      0.21656249999999999        1.176412770038114   -1.529998385656981e-15       17.362508177967882       101324.99999999981       299.99999999999937
      0.21718750000000001        1.176412770038114  -1.9391353116566129e-14        17.36250817796785       101324.99999999978       299.99999999999932
      0.21781249999999999        1.176412770038114  -2.4545828839332261e-14       17.362508177967825        101324.9999999998       299.99999999999937
      0.21843750000000001       1.1764127700381133   8.9661699957605908e-15       17.362508177967868       101324.99999999981       299.99999999999955
      0.21906249999999999       1.1764127700381133   2.1004864451307835e-14       17.362508177967854       101324.99999999981       299.99999999999955
      0.21968750000000001       1.1764127700381133   1.9049532473923777e-14        17.36250817796785       101324.99999999981       299.99999999999955
      0.22031249999999999       1.1764127700381135  -1.7530576260702439e-14       17.362508177967882       101324.99999999978       299.99999999999943
      0.22093750000000001       1.1764127700381135  -1.7020324790129654e-14       17.362508177967857        101324.9999999998       299.99999999999943
                0.2215625       1.1764127700381135   9.1980014144091816e-15       17.362508177967797       101324.99999999981       299.99999999999949
      0.22218750000000001       1.1764127700381133  -4.3971466843958285e-14       17.362508177967982       101324.99999999981       299.99999999999955
                0.2228125       1.1764127700381133  -4.0059822623918416e-14       17.362508177968028       101324.99999999978       299.99999999999943
      0.22343750000000001       1.1764127700381133   -5.017434880901566e-14       17.362508177967936       101324.99999999981       299.99999999999955
                0.2240625       1.1764127700381135  -2.0939595888997111e-14       17.362508177967893       101324.99999999981       299.99999999999949
      0.22468750000000001       1.1764127700381133  -2.0938463037582636e-14       17.362508177967939       101324.99999999981       299.99999999999955
                0.2253125       1.1764127700381135  -1.4848886345034261e-14       17.362508177967896       101324.99999999981       299.99999999999949
      0.22593750000000001       1.1764127700381135  -3.3031379432267014e-14       17.362508177967886       101324.99999999981       299.99999999999949
                0.2265625       1.1764127700381133   3.7300992984608398e-15       17.362508177967896       101324.99999999981       299.99999999999955
      0.22718750000000001        1.176412770038114   2.9571100968408925e-15       17.362508177967932       101324.99999999981       299.99999999999937
                0.2278125       1.1764127700381137  -3.1865590180949993e-14       17.362508177967936       101324.99999999983       299.99999999999949
      0.22843750000000002       1.1764127700381133  -4.0973950417615355e-14       17.362508177967946       101324.99999999983        299.9999999999996
                0.2290625       1.1764127700381133  -1.8171883375857163e-14       17.362508177967907       101324.99999999984        299.9999999999996
      0.22968750000000002       1.1764127700381133  -4.0575497460596229e-14       17.362508177967854       101324.99999999981       299.99999999999955
                0.2303125       1.1764127700381133  -2.6550632965163821e-14       17.362508177967836       101324.99999999981       299.99999999999955
      0.23093750000000002       1.1764127700381133  -2.8391777810899661e-14       17.362508177967886       101324.99999999981       299.99999999999955
                0.2315625       1.1764127700381133  -5.2757735073378375e-14       17.362508177967907       101324.99999999978       299.99999999999943
      0.23218749999999999       1.1764127700381133  -4.7198748466936585e-14       17.362508177967943       101324.99999999978       299.99999999999943
      0.23281250000000001       1.1764127700381137    1.935163116600126e-14       17.362508177967943       101324.99999999978       299.99999999999937
      0.23343749999999999       1.1764127700381133   7.4436928570131126e-15       17.362508177967953       101324.99999999978       299.99999999999943
      0.23406250000000001       1.1764127700381133  -5.2403891474482028e-14       17.362508177967946       101324.99999999978       299.99999999999943
      0.23468749999999999        1.176412770038114  -6.9140967674369248e-14       17.362508177967921       101324.99999999978       299.99999999999932
      0.23531250000000001        1.176412770038114  -4.1636375489481492e-14       17.362508177967914       101324.99999999978       299.99999999999932
      0.23593749999999999        1.176412770038114  -5.5905761249671796e-15       17.362508177967879       101324.99999999978       299.99999999999932
      0.23656250000000001        1.176412770038114   -5.296660752145948e-15        17.36250817796785       101324.99999999978       299.99999999999932
                0.2371875       1.1764127700381133  -1.3477555696918193e-15       17.362508177967872       101324.99999999981       299.99999999999955
      0.23781250000000001       1.1764127700381133  -2.2781938863856327e-14       17.362508177967953       101324.99999999983        299.9999999999996
                0.2384375       1.1764127700381133  -2.1320653620539136e-14       17.362508177967982       101324.99999999984        299.9999999999996
      0.23906250000000001       1.1764127700381133  -6.9014530847751914e-14       17.362508177967921        101324.9999999998       299.99999999999949
                0.2396875       1.1764127700381133  -4.3802726336102079e-14       17.362508177967928       101324.99999999978       299.99999999999943
